timestamp,UAL,UAL_rolling_7_day_avg,UAL_rolling_14_day_avg,UAL_rolling_30_day_avg,UAL_rolling_90_day_avg,UAL_7_days_ago,UAL_14_days_ago,UAL_30_days_ago,UAL_90_days_ago,UAL_log_price,UAL_pct_change_7_days,UAL_pct_change_14_days,UAL_pct_change_30_days,UAL_pct_change_90_days
2016-10-03,53.25,,,,,,,,,3.9749978045895347,,,,
2016-10-04,53.73,,,,,,,,,3.98397150474073,,,,
2016-10-05,53.82,,,,,,,,,3.9856451452987596,,,,
2016-10-06,53.98,,,,,,,,,3.9886136075898584,,,,
2016-10-07,52.82,,,,,,,,,3.9668899068689862,,,,
2016-10-10,54.2,,,,,53.25,,,,3.9926809084456005,0.017840375586854515,,,
2016-10-11,53.52,53.61714285714286,,,,53.73,,,,3.9800554158199732,-0.00390843104410932,,,
2016-10-12,52.88,53.56428571428571,,,,53.82,,,,3.9680251955434307,-0.017465626161278294,,,
2016-10-13,53.69,53.558571428571426,,,,53.98,,,,3.983226764434478,-0.005372360133382719,,,
2016-10-14,53.2,53.46999999999999,,,,52.82,,,,3.9740583963475986,0.007194244604316595,,,
2016-10-17,53.03,53.33428571428572,,,,54.2,53.25,,,3.970857791149039,-0.021586715867158702,-0.004131455399061012,,
2016-10-18,53.68,53.457142857142856,,,,53.52,53.73,,,3.9830404926634264,0.0029895366218235533,-0.0009305788200260033,,
2016-10-19,55.44,53.63428571428572,,,,52.88,53.82,,,4.015301354881648,0.04841149773071095,0.030100334448160487,,
2016-10-20,56.57,54.07,53.84357142857142,,,53.69,53.98,,,4.035478809355064,0.05364127398025708,0.04798073360503897,,
2016-10-21,55.6,54.45857142857143,54.01142857142857,,,53.2,52.82,,,4.018183201256536,0.04511278195488719,0.05263157894736844,,
2016-10-24,55.04,54.651428571428575,54.105000000000004,,,53.03,54.2,,,4.008060193625088,0.03790307373184986,0.015498154981549746,,
2016-10-25,54.63,54.855714285714285,54.16285714285715,,,53.68,53.52,,,4.000583182407627,0.017697466467958323,0.020739910313901332,,
2016-10-26,53.98,54.99142857142857,54.16285714285714,,,55.44,52.88,,,3.9886136075898584,-0.02633477633477635,0.020801815431164793,,
2016-10-27,54.42,55.097142857142856,54.277142857142856,,,56.57,53.69,,,3.9967317333551002,-0.038006010252784134,0.013596572918606891,,
2016-10-28,55.11,55.050000000000004,54.34214285714286,,,55.6,53.2,,,4.009331187895144,-0.008812949640287806,0.03590225563909768,,
2016-10-31,56.23,55.00142857142857,54.535714285714285,,,55.04,53.03,,,4.0294504223041105,0.02162063953488368,0.06034320196115398,,
2016-11-01,56.0,55.058571428571426,54.75857142857143,,,54.63,53.68,,,4.02535169073515,0.025077796082738375,0.043219076005961254,,
2016-11-02,56.14,55.215714285714284,54.93357142857143,,,53.98,55.44,53.25,,4.027848570933736,0.0400148203038163,0.012626262626262678,0.05427230046948358,
2016-11-03,55.94,55.402857142857144,55.12928571428571,,,54.42,56.57,53.73,,4.024279687773814,0.02793090775450195,-0.011136644864769358,0.041131583845151705,
2016-11-04,57.23,55.86714285714286,55.42928571428571,,,55.11,55.6,53.82,,4.047078236421011,0.038468517510433634,0.029316546762589844,0.06335934596804156,
2016-11-07,58.53,56.45428571428571,55.77571428571429,,,56.23,55.04,,,4.069539443303129,0.04090343233149572,0.06340843023255818,,
2016-11-08,59.31,57.05428571428571,56.05214285714286,,,56.0,54.63,,,4.082777925850635,0.0591071428571429,0.08566721581548599,,
2016-11-09,60.13,57.611428571428576,56.306428571428576,,,56.14,53.98,54.2,,4.0965088850514775,0.07107231920199504,0.11393108558725465,0.10940959409594095,
2016-11-10,59.94,58.174285714285716,56.61642857142857,,,55.94,54.42,53.52,,4.0933440618885175,0.07150518412584912,0.10143329658213884,0.11995515695067253,
2016-11-11,60.25,58.761428571428574,56.988571428571426,55.409666666666666,,57.23,55.11,52.88,,4.098502572370764,0.05276952647213006,0.09326800943567412,0.1393721633888048,
2016-11-14,62.94,59.761428571428574,57.582142857142856,55.73266666666667,,58.53,56.23,,,4.142181891636261,0.07534597642234746,0.11933131780188513,,
2016-11-15,66.06,61.02285714285714,58.445,56.14366666666667,,59.31,56.0,,,4.190563419962643,0.11380880121396054,0.1796428571428572,,
2016-11-16,65.5,62.01857142857143,59.23642857142857,56.533,,60.13,56.14,53.03,,4.182050142641207,0.08930650257774816,0.16672604203776273,0.2351499151423722,
2016-11-17,67.86,63.239999999999995,60.14714285714285,56.99566666666667,,59.94,55.94,53.68,,4.2174467593560845,0.13213213213213215,0.21308544869503043,0.2641579731743666,
2016-11-18,68.29,64.40571428571428,61.00857142857142,57.51133333333334,,60.25,57.23,55.44,,4.223763342972998,0.13344398340248972,0.19325528568932396,0.23178210678210695,
2016-11-21,68.99,65.69857142857143,61.936428571428564,58.004333333333335,,62.94,58.53,,,4.233961566558017,0.09612329202414995,0.17871177174098743,,
2016-11-22,69.5,67.02,62.89071428571428,58.537000000000006,,66.06,59.31,,,4.241326752570746,0.05207387223735994,0.17180913842522336,,
2016-11-23,69.88,68.01142857142857,63.88642857142857,59.10366666666666,,65.5,60.13,55.04,,4.246779485265856,0.06687022900763352,0.16214867786462653,0.26962209302325574,
2016-11-25,70.09,68.58714285714285,64.80499999999999,59.650333333333336,,68.29,60.25,53.98,,4.249780130512233,0.026358178357006837,0.16331950207468884,0.2984438680992962,
2016-11-28,69.25,69.12285714285714,65.57071428571429,60.18533333333334,,68.99,62.94,,,4.237723145067448,0.0037686621249457186,0.10025421035907217,,
2016-11-29,69.72,69.38857142857144,66.31428571428572,60.74166666666667,,69.5,66.06,,,4.24448722065182,0.003165467625899264,0.05540417801998178,,
2016-11-30,68.95,69.48285714285714,66.94428571428571,61.25066666666667,,69.88,65.5,56.23,,4.233381604239311,-0.01330852890669709,0.05267175572519088,0.2262137648941847,
2016-12-01,68.47,69.40857142857143,67.55357142857143,61.684999999999995,,,67.86,56.0,,4.226395693132972,,0.00898909519599174,0.22267857142857142,
2016-12-02,69.27,69.37571428571428,68.19785714285715,62.108333333333334,,70.09,68.29,56.14,,4.238011912034514,-0.011699243829362353,0.01435056377214804,0.2338795867474171,
2016-12-05,68.26,69.14428571428572,68.57785714285714,62.53033333333333,,69.25,68.99,,,4.223323943478561,-0.014296028880866353,-0.010581243658501084,,
2016-12-06,70.97,69.27,68.92857142857143,63.06133333333333,,69.72,69.5,,,4.262257252536892,0.017928858290304075,0.02115107913669063,,
2016-12-07,72.43,69.72428571428573,69.42357142857144,63.65466666666667,,68.95,69.88,58.53,,4.282620578207235,0.05047135605511246,0.0364911276473957,0.23748505040150358,
2016-12-08,72.74,70.15571428571428,69.77214285714287,64.28,,68.47,,59.31,,4.286891439558843,0.06236307872060751,,0.22643736300792433,
2016-12-09,75.17,71.04428571428572,70.26357142857142,64.97166666666666,,69.27,70.09,60.13,,4.319752215189378,0.08517395697993368,0.07247824225995146,0.2501247297522035,
2016-12-12,73.24,71.72571428571429,70.56714285714285,65.576,,68.26,69.25,,,4.2937417198063095,0.07295634339290931,0.05761732851985552,,
2016-12-13,72.55,72.19428571428571,70.785,66.12,,70.97,69.72,,,4.2842759793301965,0.022262927997745503,0.0405909351692484,,
2016-12-14,72.94,72.86285714285714,71.00357142857143,66.68466666666667,,72.43,68.95,62.94,,4.289637185380534,0.007041281237056342,0.05786802030456845,0.15888147442008263,
2016-12-15,74.79,73.40857142857143,71.33928571428571,67.30633333333334,,72.74,68.47,66.06,,4.314684186203576,0.028182568050591304,0.09230319848108672,0.13215258855585837,
2016-12-16,74.42,73.69285714285715,71.70857142857143,67.92233333333333,,75.17,69.27,65.5,,4.309724722918476,-0.009977384594918185,0.07434675905875568,0.13618320610687026,
2016-12-19,74.48,73.94142857142857,72.04857142857142,68.49733333333333,,73.24,68.26,,,4.310530632968812,0.01693063899508478,0.09112217990038088,,
2016-12-20,76.05,74.06714285714285,72.55571428571429,69.08133333333333,,72.55,70.97,,,4.331391018705302,0.048242591316333565,0.07157954065097927,,
2016-12-21,75.72,74.42142857142858,73.07357142857143,69.62833333333333,,72.94,72.43,68.99,,4.327042326341122,0.03811351795996711,0.04542316719591318,0.0975503696187854,
2016-12-22,74.19,74.6557142857143,73.425,70.097,,74.79,72.74,69.5,,4.306629370201435,-0.008022462896109219,0.019934011547979143,0.06748201438848918,
2016-12-23,74.79,74.91999999999999,73.89142857142858,70.59200000000001,,74.42,75.17,69.88,,4.314684186203576,0.004971781779091703,-0.0050552081947584865,0.07026330852890686,
2016-12-27,74.67,74.90285714285714,74.1557142857143,71.07266666666666,,76.05,72.55,,,4.3130784050476105,-0.01814595660749501,0.02922122674017925,,
2016-12-28,73.53,74.7757142857143,74.23428571428572,71.42566666666667,,75.72,72.94,69.25,,4.297693486208131,-0.028922345483359715,0.008088840142582992,0.061805054151624565,
2016-12-29,73.28,74.60428571428572,74.27285714285713,71.66633333333334,,74.19,74.79,69.72,,4.294287720365875,-0.012265804016713797,-0.02018986495520798,0.051061388410786036,
2016-12-30,72.88,74.15142857142858,74.10928571428572,71.91233333333334,,74.79,74.42,68.95,,4.288814252951703,-0.02553817355261413,-0.020693361999462593,0.05699782451051476,
2017-01-03,72.71,73.72142857142856,74.07142857142857,72.074,,74.67,76.05,,53.82,4.286478926661966,-0.02624882817731362,-0.0439184746877055,,0.3509847640282422
2017-01-04,73.02,73.55428571428571,74.105,72.23166666666665,,73.53,75.72,68.26,53.98,4.29073337622749,-0.0069359445124439695,-0.03565768621236137,0.06973337239964826,0.3527232308262319
2017-01-05,70.93,73.00285714285714,73.96142857142857,72.29633333333335,,73.28,74.19,70.97,52.82,4.261693475213995,-0.03206877729257634,-0.04394123197196376,-0.0005636184303225594,0.3428625520636124
2017-01-06,71.37,72.53142857142858,73.71714285714286,72.35866666666668,,72.88,74.79,72.43,,4.267877612982976,-0.02071899012074631,-0.04572803850782192,-0.014634819826038965,
2017-01-09,71.28,72.21000000000001,73.49285714285713,72.40533333333333,,,,,53.52,4.266615783162554,,,,0.3318385650224215
2017-01-10,73.66,72.26428571428572,73.4342857142857,72.52433333333333,,72.71,74.67,,52.88,4.299459911016919,0.013065603080731713,-0.013526181866881011,,0.3929652042360059
2017-01-11,75.04,72.57285714285715,73.36214285714286,72.71733333333333,,73.02,73.53,73.24,53.69,4.318021304697969,0.02766365379348138,0.02053583571331436,0.024576734025123042,0.39765319426336393
2017-01-12,74.0,72.75714285714285,73.23928571428571,72.86,,70.93,73.28,72.55,53.2,4.30406509320417,0.04328210912166915,0.009825327510917015,0.019986216402481088,0.3909774436090225
2017-01-13,74.32,72.94285714285715,73.24857142857142,73.03899999999999,,71.37,72.88,72.94,,4.308380094505583,0.041333893792910026,0.019758507135016437,0.01891965999451598,
2017-01-17,73.74,73.3442857142857,73.17357142857144,73.21466666666667,,73.66,72.71,,55.44,4.300545392805998,0.0010860711376594937,0.014165864392793305,,0.33008658008658004
2017-01-18,74.0,73.72,73.12571428571428,73.37233333333333,,75.04,73.02,74.48,56.57,4.30406509320417,-0.013859275053304986,0.013420980553273131,-0.006444683136412513,0.3081138412586176
2017-01-19,74.02,74.11142857142856,73.16071428571429,73.56433333333332,,74.0,70.93,76.05,55.6,4.30433532695801,0.0002702702702702165,0.04356407725926954,-0.02669296515450363,0.3312949640287769
2017-01-20,75.24,74.33714285714287,73.30071428571429,73.70666666666666,,74.32,71.37,75.72,,4.32068300443283,0.012378902045209927,0.0542244640605295,-0.006339144215530956,
2017-01-23,72.75,74.00999999999999,73.29142857142857,73.71733333333333,,,71.28,,54.63,4.287028906051602,,0.020622895622895605,,0.33168588687534317
2017-01-24,73.18,73.89285714285714,73.325,73.732,,73.74,73.66,,53.98,4.292922159591061,-0.0075942500678056425,-0.006516426825956961,,0.3556872915894778
2017-01-25,73.59,73.78857142857143,73.36571428571428,73.67933333333333,,74.0,75.04,,54.42,4.298509146938508,-0.005540540540540494,-0.019323027718550143,,0.35226019845644985
2017-01-26,75.38,74.02285714285713,73.68357142857143,73.75066666666666,,74.02,74.0,74.67,55.11,4.3225419878389895,0.018373412591191563,0.018648648648648587,0.009508504084638995,0.36780983487570307
2017-01-27,74.42,74.08285714285714,73.90142857142858,73.813,,75.24,74.32,73.53,,4.309724722918476,-0.01089845826687923,0.0013455328310011912,0.012103903168774657,
2017-01-30,71.72,73.75428571428571,73.93285714285715,73.77233333333334,,72.75,,,56.0,4.272769648736932,-0.014158075601374586,,,0.2807142857142857
2017-01-31,70.47,73.07285714285715,73.705,73.62833333333333,,73.18,73.74,,56.14,4.255187087338931,-0.03703197594971314,-0.0443449959316517,,0.2552547203420021
2017-02-01,71.48,72.89142857142858,73.45071428571428,73.53033333333333,,73.59,74.0,,55.94,4.2694176902912275,-0.028672373963853776,-0.034054054054054,,0.27779764032892396
2017-02-02,72.14,72.74285714285715,73.31785714285715,73.45233333333333,,75.38,74.02,72.71,57.23,4.278608675475393,-0.04298222340143268,-0.025398540934882405,-0.00783936184843891,0.26052769526472136
2017-02-03,73.06,72.66714285714286,73.22785714285715,73.35266666666666,,74.42,75.24,73.02,,4.291281021367136,-0.018274657350174677,-0.02897395002658151,0.0005477951246234765,
2017-02-06,73.5,72.39857142857143,73.21071428571429,73.27866666666665,,71.72,72.75,,59.31,4.297285406218791,0.02481873954266594,0.010309278350515464,,0.23925139099645923
2017-02-07,71.29,71.95142857142856,73.01714285714286,73.182,,70.47,73.18,,60.13,4.266756065129537,0.011636157230027066,-0.02582672861437552,,0.1855978712788958
2017-02-08,71.7,71.94857142857144,72.85142857142857,73.079,,71.48,73.59,71.28,59.94,4.272490747605575,0.003077783995523207,-0.025682837342030175,0.005892255892255916,0.1961961961961963
2017-02-09,72.98,72.30714285714285,72.69,73.02266666666668,66.50166666666667,72.14,75.38,73.66,60.25,4.290185431008302,0.011644025505960678,-0.03183868400106118,-0.009231604670105791,0.21128630705394197
2017-02-10,72.6,72.46714285714286,72.67928571428571,72.99166666666666,66.71666666666667,73.06,74.42,75.04,,4.28496492183075,-0.0062961949082946615,-0.024455791453910337,-0.032515991471215505,
2017-02-13,73.84,72.71000000000001,72.72642857142857,73.01033333333334,66.94011111111112,73.5,71.72,,66.06,4.301900590194597,0.004625850340136101,0.029559397657557232,,0.11777172267635484
2017-02-14,73.74,72.80714285714285,72.73714285714286,73.039,67.16144444444444,71.29,70.47,,65.5,4.300545392805998,0.0343666713424041,0.04640272456364405,,0.12580152671755718
2017-02-15,75.75,73.12857142857142,72.76357142857144,73.14033333333333,67.40333333333334,71.7,71.48,,67.86,4.327438444389479,0.056485355648535525,0.05973698936765523,,0.1162687886825818
2017-02-16,75.67,73.75428571428571,72.85285714285715,73.22866666666667,67.65722222222222,72.98,72.14,73.74,68.29,4.326381780706431,0.03685941353795557,0.048932630995286955,0.026173040412259384,0.10806853126372815
2017-02-17,75.96,74.36285714285714,73.1557142857143,73.39633333333333,67.899,72.6,73.06,74.0,,4.330206885944085,0.04628099173553719,0.039693402682726406,0.026486486486486403,
2017-02-21,75.41,74.71,73.50857142857141,73.53099999999999,68.14222222222223,73.74,71.29,,69.88,4.322939892214555,0.022647138595063763,0.057792116706410296,,0.07913566113337152
2017-02-22,75.43,75.11428571428571,73.79071428571429,73.66933333333334,68.39277777777778,75.75,71.7,72.75,,4.323205073865539,-0.004224422442244135,0.05202231520223157,0.03683848797250869,
2017-02-23,74.56,75.21714285714286,73.96357142857143,73.69933333333333,68.62466666666666,75.67,72.98,73.18,70.09,4.311604170377335,-0.014668957314655734,0.021649767059468323,0.0188576113692265,0.06377514624054785
2017-02-24,75.08,75.40857142857143,74.10785714285714,73.70066666666666,68.86777777777777,75.96,72.6,73.59,,4.3185542117183084,-0.011585044760400152,0.03415977961432513,0.020247316211441702,
2017-02-27,75.28,75.34142857142857,74.235,73.74333333333333,69.11500000000001,,73.84,,69.72,4.3212144952771245,,0.01950162513542792,,0.07974756167527255
2017-02-28,74.09,75.11571428571428,74.43499999999999,73.73566666666667,69.34177777777778,75.41,73.74,,68.95,4.3052805704285655,-0.017504309773239534,0.0047464062923787435,,0.0745467730239304
2017-03-01,75.39,75.03428571428572,74.69857142857143,73.79066666666667,69.56344444444444,75.43,75.75,71.72,68.47,4.32267464022361,-0.0005302929868753314,-0.0047524752475247446,0.05117122141662021,0.10106616036220245
2017-03-02,73.28,74.73,74.72,73.76666666666667,69.7491111111111,74.56,75.67,70.47,69.27,4.294287720365875,-0.01716738197424894,-0.031584511695520026,0.03987512416631194,0.057889418218565115
2017-03-03,75.59,74.75285714285714,74.93357142857143,73.819,69.97122222222222,75.08,75.96,71.48,,4.325323999304086,0.006792754395311736,-0.004870984728804507,0.057498601007274754,
2017-03-06,73.14,74.55,74.88357142857141,73.74900000000001,70.17233333333334,75.28,,,70.97,4.292375412721235,-0.028427205100956438,,,0.030576299845004956
2017-03-07,72.64,74.20142857142856,74.80499999999999,73.74533333333333,70.37244444444445,74.09,75.41,,72.43,4.285515734293038,-0.01957079227965991,-0.036732528842328555,,0.0028993510976114004
2017-03-08,73.44,73.93857142857144,74.64,73.75399999999999,70.58866666666667,75.39,75.43,73.5,72.74,4.296468746312235,-0.025865499403103898,-0.026382076097043735,-0.0008163265306122758,0.00962331591971409
2017-03-09,72.54,73.71714285714286,74.41642857142857,73.719,70.79,73.28,74.56,71.29,75.17,4.284138133854756,-0.0100982532751091,-0.027092274678111535,0.017534015991022583,-0.03498736197951304
2017-03-10,72.34,73.28142857142858,74.15785714285714,73.61766666666668,70.98144444444445,75.59,75.08,71.7,,4.281377226523952,-0.04299510517264188,-0.0364944059669685,0.008926080892608096,
2017-03-13,69.85,72.79142857142857,73.76071428571429,73.46533333333333,71.13277777777779,73.14,75.28,,72.55,4.246350085702971,-0.04498222586819806,-0.07213071200850169,,-0.03721571330117165
2017-03-14,66.55,71.5,73.12642857142858,73.29299999999999,71.25,72.64,74.09,,72.94,4.197953544841121,-0.0838381057268723,-0.10176811985423143,,-0.08760625171373733
2017-03-15,68.17,70.79,72.67,73.21633333333332,71.38366666666667,73.44,75.39,73.84,74.79,4.222004585374694,-0.0717592592592592,-0.09576866958482556,-0.07678764897074758,-0.08851450728707051
2017-03-16,67.56,70.06428571428572,72.13285714285713,73.08566666666667,71.51277777777779,72.54,73.28,73.74,74.42,4.2130160919396,-0.06865177832919774,-0.07805676855895195,-0.0838079739625711,-0.09217952163396935
2017-03-17,66.79,69.11428571428571,71.52642857142857,72.90733333333334,71.619,72.34,75.59,75.75,,4.201553368737545,-0.07672103953552664,-0.11641751554438413,-0.1182838283828382,
2017-03-20,67.49,68.39285714285714,71.05499999999999,72.72166666666666,71.71855555555555,69.85,73.14,,76.05,4.211979438755315,-0.033786685755189685,-0.07724911129340997,,-0.11255752794214337
2017-03-21,65.28,67.38428571428571,70.33285714285714,72.44766666666668,71.78488888888889,66.55,72.64,,75.72,4.178685710655851,-0.019083395942900015,-0.1013215859030837,,-0.13787638668779711
2017-03-22,66.95,66.97,69.88071428571429,72.30300000000001,71.86066666666667,68.17,73.44,,74.19,4.203946072137182,-0.017896435382132887,-0.08837145969498904,,-0.09758727591319578
2017-03-23,67.5,67.10571428571428,69.30285714285715,72.163,71.94466666666668,67.56,72.54,75.41,74.79,4.212127597878484,-0.0008880994671403534,-0.0694789081885857,-0.10489325023206467,-0.09747292418772571
2017-03-24,67.93,67.07142857142857,68.93071428571429,71.99466666666667,72.03,66.79,72.34,75.43,,4.218477763203211,0.017068423416679152,-0.060962123306607635,-0.0994299350391091,
2017-03-27,68.37,67.18714285714286,68.62571428571428,71.85366666666667,72.09033333333333,67.49,69.85,,74.67,4.2249341319257026,0.013038968736109198,-0.021188260558339153,,-0.08437123342707911
2017-03-28,70.74,67.75142857142858,68.43285714285715,71.75033333333333,72.14233333333334,65.28,66.55,,73.53,4.259011183777335,0.08363970588235284,0.06296018031555219,,-0.03794369645042848
2017-03-29,69.85,68.08857142857143,68.24071428571429,71.62066666666666,72.19066666666666,66.95,68.17,75.28,73.28,4.246350085702971,0.043315907393577165,0.024644271673756674,-0.07213071200850169,-0.04680676855895206
2017-03-30,70.78,68.87428571428572,68.12928571428571,71.455,72.22311111111111,67.5,67.56,74.09,72.88,4.259576474917317,0.04859259259259261,0.04766133806986381,-0.04467539479012015,-0.028814489571898937
2017-03-31,70.64,69.40142857142857,68.18571428571428,71.28733333333334,72.24922222222223,67.93,66.79,75.39,,4.257596556295705,0.03989400853820099,0.05764335978439877,-0.06300570367422735,
2017-04-03,71.35,69.95142857142858,68.52857142857142,71.13366666666666,72.27544444444445,68.37,67.49,,72.71,4.267597343922845,0.0435863682901856,0.05719365831975107,,-0.018704442305047444
2017-04-04,69.76,70.21285714285715,68.64214285714286,70.94533333333334,72.27833333333332,70.74,65.28,,73.02,4.245060779600724,-0.0138535482046931,0.06862745098039222,,-0.04464530265680623
2017-04-05,70.06,70.45428571428572,68.82071428571429,70.76633333333332,72.28033333333333,69.85,66.95,73.14,70.93,4.249352017769341,0.0030064423765212307,0.04645257654966392,-0.04211101996171723,-0.012265613985619688
2017-04-06,70.22,70.38,69.06571428571428,70.62166666666667,72.28177777777779,70.78,67.5,72.64,71.37,4.251633170740286,-0.007911839502684407,0.04029629629629628,-0.033314977973568305,-0.01611321283452439
2017-04-07,70.88,70.52714285714285,69.30785714285715,70.48166666666665,72.2998888888889,70.64,67.93,73.44,,4.2609883062968255,0.003397508493771162,0.04342705726483127,-0.0348583877995643,
2017-04-10,71.52,70.63285714285715,69.75357142857142,70.35633333333334,72.31988888888888,71.35,68.37,,73.66,4.269977130865259,0.0023826208829712927,0.04607283896445797,,-0.02905240293239208
2017-04-11,70.71,70.64285714285714,70.02214285714285,70.24366666666667,72.33944444444445,69.76,70.74,,75.04,4.25858700561615,0.013618119266054883,-0.00042408821034776843,,-0.05770255863539462
2017-04-12,69.93,70.44,70.19571428571429,70.06166666666667,72.35566666666666,70.06,69.85,69.85,74.0,4.247494741715776,-0.001855552383671074,0.0011453113815320332,0.0011453113815320332,-0.05499999999999991
2017-04-13,69.07,70.34142857142857,70.27714285714286,69.92133333333332,72.35344444444443,70.22,70.78,66.55,74.32,4.235120483100881,-0.016377100541156448,-0.024159367052839897,0.03786626596543946,-0.07064047362755652
2017-04-17,70.77,70.44285714285714,70.44857142857143,69.76066666666667,72.38133333333334,71.52,71.35,,73.74,4.259435182087693,-0.010486577181208054,-0.008128941836019598,,-0.040276647681041486
2017-04-18,67.75,70.09,70.235,69.58099999999999,72.34555555555556,70.71,69.76,,74.0,4.21582445975981,-0.04186112289633707,-0.028813073394495483,,-0.08445945945945946
2017-04-19,69.29,69.86285714285715,70.19500000000001,69.46933333333332,72.31066666666666,69.93,70.06,67.49,74.02,4.23830059563929,-0.00915200915200916,-0.010990579503282843,0.026670617869314142,-0.0639016482031882
2017-04-20,69.8,69.61714285714285,70.125,69.348,72.27799999999999,69.07,70.22,65.28,75.24,4.2456340097683265,0.010568987983205502,-0.0059812019367701755,0.06924019607843131,-0.07230196703880912
2017-04-21,69.56,69.45285714285714,70.04785714285714,69.24866666666667,72.21566666666666,,70.88,66.95,,4.242189689486082,,-0.018623024830699678,0.03898431665421956,
2017-04-24,71.0,69.60571428571428,70.02285714285713,69.204,72.19077777777778,70.77,71.52,,73.18,4.2626798770413155,0.003249964674297075,-0.0072706935123041955,,-0.029789559989068144
2017-04-25,70.97,69.87714285714286,70.10928571428572,69.24133333333334,72.17322222222222,67.75,70.71,,73.59,4.262257252536892,0.04752767527675275,0.003676990524678336,,-0.03560266340535405
2017-04-26,71.33,69.95714285714287,70.2,69.40066666666667,72.15533333333335,69.29,69.93,68.37,75.38,4.267316996289947,0.029441477846731012,0.020020020020019895,0.04329384232850656,-0.05372777925179089
2017-04-27,70.7,70.37857142857143,70.23428571428572,69.485,72.10988888888889,69.8,69.07,70.74,74.42,4.258445572902527,0.012893982808023004,0.02359924714058216,-0.000565450947130224,-0.049986562751948384
2017-04-28,70.21,70.51,70.18642857142858,69.57333333333332,72.06311111111111,69.56,,69.85,,4.2514907510291575,0.009344450833812414,,0.0051539012168933356,
2017-05-01,70.27,70.57714285714285,70.09714285714286,69.68933333333334,72.01633333333334,71.0,70.77,,70.47,4.252344965204106,-0.010281690140845127,-0.007065140596297867,,-0.002838087129274909
2017-05-02,73.94,71.20285714285714,70.32785714285714,69.90433333333334,71.99288888888888,70.97,67.75,,71.48,4.303253953508486,0.04184866845145835,0.09136531365313649,,0.0344152210408505
2017-05-03,74.21,71.66142857142857,70.63357142857143,70.202,71.97611111111111,71.33,69.29,71.35,72.14,4.306898911982042,0.040375718491518234,0.07100591715976312,0.04008409250175192,0.028694205711117176
2017-05-04,74.91,72.22428571428571,71.05071428571429,70.46733333333333,71.9841111111111,70.7,69.8,69.76,73.06,4.316287392959792,0.05954738330975946,0.07320916905444126,0.07382454128440354,0.02532165343553236
2017-05-05,75.3,72.79142857142857,71.37428571428572,70.72733333333333,71.98977777777777,70.21,69.56,70.06,,4.321480134805848,0.07249679532830086,0.08251868890166755,0.07479303454182122,
2017-05-08,74.98,73.40285714285713,71.89071428571428,70.96233333333333,71.99322222222222,70.27,71.0,,71.29,4.317221411307766,0.06702718087377271,0.05605633802816907,,0.05176041520549863
2017-05-09,78.55,74.5942857142857,72.55214285714285,71.30166666666666,72.04899999999999,73.94,70.97,,71.7,4.36373536470163,0.06234784960779009,0.10680569254614623,,0.09553695955369587
2017-05-10,78.55,75.77714285714286,73.17714285714285,71.562,72.10755555555556,74.21,71.33,71.52,72.98,4.36373536470163,0.05848268427435661,0.1012196831627646,0.09829418344519018,0.07632228007673325
2017-05-11,77.36,76.26571428571428,73.73428571428572,71.81233333333334,72.15733333333333,74.91,70.7,70.71,72.6,4.348469851145039,0.03270591376318253,0.09420084865629415,0.09404610380427106,0.0655647382920111
2017-05-12,76.41,76.58,74.12071428571429,72.0,72.19844444444445,75.3,70.21,69.93,,4.336113577659475,0.014741035856573699,0.08830650904429574,0.0926640926640925,
2017-05-15,77.79,76.99142857142859,74.60785714285714,72.23833333333333,72.25144444444443,74.98,70.27,,73.74,4.354012888218683,0.03747666044278477,0.10701579621460097,,0.05492270138323856
2017-05-16,79.06,77.52857142857144,75.16,72.49533333333333,72.34177777777778,78.55,73.94,,75.75,4.37020705786854,0.006492679821769639,0.06924533405463897,,0.043696369636963724
2017-05-17,76.18,77.7,75.55142857142857,72.70933333333332,72.39522222222223,78.55,74.21,70.77,75.67,4.333098961050458,-0.030171865054105542,0.026546287562323315,0.07644482125194307,0.006739791198625679
2017-05-18,75.98,77.33285714285715,75.96357142857143,72.90666666666667,72.44744444444444,77.36,74.91,67.75,75.96,4.330470147759479,-0.0178386763185108,0.014283807235349185,0.12147601476014766,0.00026329647182741226
2017-05-19,77.98,77.25142857142858,76.51428571428572,73.16533333333332,72.49544444444444,76.41,75.3,69.29,,4.356452383554451,0.02054704881560015,0.03559096945551138,0.1254149227882811,
2017-05-22,78.92,77.47428571428573,76.87,73.43333333333334,72.53855555555556,77.79,74.98,,75.41,4.368434681154414,0.014526288726057273,0.05254734595892235,,0.046545550987932706
2017-05-23,79.03,77.84857142857143,77.21428571428571,73.68366666666667,72.59444444444445,79.06,78.55,,75.43,4.369827527216884,-0.00037945863900836244,0.006110757479312591,,0.04772636881877229
2017-05-24,78.94,78.01285714285714,77.50214285714286,73.95800000000001,72.64577777777778,76.18,78.55,71.0,74.56,4.368688070234701,0.03622998162247297,0.004964990451941446,0.11183098591549293,0.058744635193132985
2017-05-25,81.41,78.34857142857143,77.93857142857144,74.34066666666666,72.73100000000001,75.98,77.36,70.97,75.08,4.399498115585886,0.07146617530929182,0.052352637021716615,0.14710441031421725,0.08431006925945655
2017-05-26,81.25,79.07285714285715,78.38642857142858,74.74666666666667,72.81155555555557,77.98,76.41,71.33,,4.3975308212098465,0.041933829186970965,0.06334249443790084,0.13907191924856305,
2017-05-30,79.25,79.53999999999999,78.43642857142858,75.02933333333334,72.86966666666667,79.03,79.06,,75.39,4.37260741275739,0.002783753005187889,0.0024032380470528423,,0.051200424459477374
2017-05-31,79.67,79.78142857142858,78.51642857142858,75.42666666666668,72.91888888888889,78.94,76.18,70.27,73.28,4.3778931033922746,0.0092475297694452,0.04581254922551844,0.1337697452682511,0.08719978165938866
2017-06-01,80.98,80.07571428571428,78.775,75.81633333333335,73.01033333333334,81.41,75.98,73.94,75.59,4.394202210604015,-0.005281906399705105,0.06580679126085812,0.09521233432512857,0.07130572827093531
2017-06-02,82.03,80.50428571428571,79.17642857142857,76.22399999999999,73.10866666666666,81.25,77.98,74.21,,4.407085034014658,0.009600000000000015,0.0519363939471659,0.10537663387683611,
2017-06-05,81.67,80.89428571428572,79.45357142857142,76.62766666666667,73.19844444444445,,78.92,,72.64,4.402686737370185,,0.034845413076533195,,0.12431167400881059
2017-06-06,81.24,80.87,79.60928571428572,76.96900000000001,73.26355555555554,79.25,79.03,,73.44,4.397407736712184,0.02511041009463716,0.027964064279387496,,0.10620915032679736
2017-06-07,81.66,80.92857142857143,80.00071428571428,77.32533333333332,73.344,79.67,78.94,74.98,72.54,4.40256428589143,0.024978034391866383,0.0344565492779326,0.08909042411309673,0.1257237386269643
2017-06-08,80.52,81.11,80.325,77.63166666666666,73.44177777777779,80.98,81.41,78.55,72.34,4.388505600771591,-0.00568041491726362,-0.01093231789706425,0.025079567154678534,0.11307713574785723
2017-06-09,78.83,80.99,80.38571428571427,77.90266666666666,73.53466666666667,82.03,81.25,78.55,,4.367293635071817,-0.03901011824942098,-0.029784615384615406,0.003564608529598996,
2017-06-12,77.73,80.52571428571427,80.30071428571428,78.15333333333334,73.60411111111112,81.67,,,66.55,4.353241283242128,-0.0482429288600465,,,0.1679939894815929
2017-06-13,77.48,79.87571428571428,80.18999999999998,78.39366666666666,73.66344444444445,81.24,79.25,,68.17,4.350019838538795,-0.046282619399310575,-0.022334384858044114,,0.13657033885873554
2017-06-14,77.56,79.28857142857143,80.09142857142858,78.51433333333333,73.71344444444445,81.66,79.67,77.79,67.56,4.351051830374451,-0.05020818025961296,-0.026484247521024216,-0.0029566782362772073,0.14801657785671996
2017-06-15,77.34,78.73142857142857,79.80071428571429,78.61866666666667,73.7561111111111,80.52,80.98,79.06,66.79,4.348211286179151,-0.039493293591654155,-0.044949370214867876,-0.02175562863647861,0.15795777811049552
2017-06-16,76.78,78.03428571428572,79.48142857142857,78.68100000000001,73.81711111111112,78.83,82.03,76.18,,4.340944189572651,-0.026005327920842283,-0.06400097525295624,0.007876082961407118,
2017-06-19,78.63,77.76428571428572,79.43714285714286,78.79199999999999,73.89411111111112,77.73,81.67,,65.28,4.364753306003425,0.011578541103820809,-0.03722297049100044,,0.20450367647058815
2017-06-20,77.28,77.54285714285713,79.26642857142858,78.86866666666667,73.9418888888889,77.48,81.24,,66.95,4.347435189904263,-0.0025813113061435573,-0.04874446085672075,,0.1542942494398805
2017-06-21,77.59,77.52285714285713,79.02428571428571,78.83666666666667,73.99733333333333,77.56,81.66,78.92,67.5,4.351438552905858,0.0003867973182052751,-0.04984080333088407,-0.01685250886974149,0.14948148148148152
2017-06-22,77.45,77.51857142857143,78.69714285714285,78.8,74.03744444444445,77.34,80.52,79.03,67.93,4.349632566862877,0.0014222911817946655,-0.03812717337307493,-0.019992407946349464,0.14014426615633732
2017-06-23,76.79,77.40857142857143,78.34857142857143,78.78099999999999,74.07133333333333,76.78,78.83,78.94,,4.3410744233424525,0.00013024225058615676,-0.02587847266269177,-0.02723587534836574,
2017-06-26,77.03,77.36428571428571,78.04785714285715,78.80166666666668,74.08555555555556,78.63,77.73,,70.74,4.344194956364874,-0.02034846750604088,-0.009005531969638528,,0.0889171614362455
2017-06-27,76.0,77.25285714285714,77.64357142857143,78.742,74.08922222222222,77.28,77.48,,69.85,4.330733340286331,-0.01656314699792962,-0.019101703665462107,,0.08804581245526136
2017-06-28,76.7,76.97714285714287,77.37071428571429,78.66333333333334,74.09744444444445,77.59,77.56,,70.78,4.33990170837321,-0.011470550328650606,-0.011088189788550792,,0.08363944617123484
2017-06-29,75.44,76.71428571428571,77.12857142857142,78.63866666666668,74.09777777777778,77.45,77.34,79.25,70.64,4.323337638325202,-0.02595222724338289,-0.024566847685544423,-0.04807570977917984,0.06795016987542465
2017-06-30,75.25,76.38000000000001,76.95142857142856,78.61433333333335,74.09577777777778,76.79,76.78,79.67,,4.3208159036289855,-0.020054694621695613,-0.019927064339671802,-0.05547885025731143,
2017-07-03,75.08,76.04142857142857,76.78,78.51766666666667,74.10155555555556,77.03,78.63,,69.76,4.3185542117183084,-0.025314812410749097,-0.04514816227902833,,0.07626146788990815
2017-07-05,76.54,76.00571428571428,76.70714285714287,78.43833333333333,74.11777777777777,76.7,77.59,81.67,70.22,4.337813479997556,-0.0020860495436766176,-0.013532671736048423,-0.06281376270356306,0.09000284819139857
2017-07-06,77.71,76.10285714285715,76.73357142857142,78.39433333333334,74.14477777777778,75.44,77.45,81.24,70.88,4.352983949221151,0.030090137857900268,0.0033570045190444275,-0.043451501723289036,0.09636004514672684
2017-07-07,78.94,76.52285714285713,76.88785714285714,78.39433333333334,74.19866666666665,75.25,76.79,81.66,,4.368688070234701,0.04903654485049831,0.02799843729652287,-0.03330884153808473,
2017-07-10,78.26,76.74571428571429,76.86142857142856,78.28933333333333,74.23055555555555,75.08,77.03,,70.71,4.360036616782266,0.04235482152370813,0.01596780475139561,,0.10677414792815743
2017-07-11,76.92,76.95714285714287,76.83571428571429,78.145,74.271,,76.0,,69.93,4.342765920720579,,0.01210526315789476,,0.09995709995709988
2017-07-12,80.53,77.71142857142857,77.0457142857143,78.18766666666667,74.32588888888888,76.54,76.7,77.73,69.07,4.388629785807454,0.05212960543506656,0.049934810951760084,0.03602212787855393,0.16591863327059517
2017-07-13,80.17,78.43857142857144,77.24,78.20433333333334,74.404,77.71,75.44,77.48,,4.38414938005486,0.03165615750868624,0.06269883351007428,0.03471863706763033,
2017-07-14,79.85,78.91142857142857,77.45857142857143,78.16666666666667,74.4841111111111,78.94,75.25,77.56,,4.380149874661021,0.011527742589308292,0.06112956810631222,0.029525528623001444,
2017-07-17,79.78,79.20714285714287,77.655,78.09166666666667,74.55455555555555,78.26,75.08,,67.75,4.379272846477261,0.019422438027089137,0.06259989344698992,,0.17756457564575648
2017-07-18,78.9,79.20142857142858,77.86214285714287,77.99933333333334,74.62522222222222,76.92,,,69.29,4.368181227851829,0.025741029641185697,,,0.1386924520132775
2017-07-19,74.24,78.62714285714286,77.68642857142856,77.766,74.64633333333333,80.53,76.54,78.63,69.8,4.307303088477945,-0.07810753756364096,-0.030049647243271638,-0.055831107719699874,0.0636103151862464
2017-07-20,72.08,77.93571428571428,77.44642857142857,77.44666666666667,74.6711111111111,80.17,77.71,77.28,69.56,4.277776613300082,-0.10091056504927035,-0.07244884828207433,-0.06728778467908907,0.03622771707878085
2017-07-21,71.57,76.65571428571427,77.18357142857143,77.14833333333333,74.7268888888889,79.85,78.94,77.59,,4.270675991750506,-0.10369442705072013,-0.09336204712439834,-0.07758731795334463,
2017-07-24,70.43,75.26428571428572,76.85142857142857,76.86833333333334,74.75200000000001,79.78,78.26,,70.97,4.254619308757319,-0.11719729255452487,-0.10005111167901863,,-0.007608848809355954
2017-07-25,69.48,73.78285714285714,76.34714285714287,76.59333333333333,74.77333333333333,78.9,76.92,,71.33,4.241038941372905,-0.1193916349809886,-0.09672386895475815,,-0.025935791392121047
2017-07-26,70.24,72.42,75.81357142857144,76.352,74.81166666666667,74.24,80.53,77.03,70.7,4.251917949326861,-0.05387931034482759,-0.12777846765180687,-0.08814747500973655,-0.006506364922206619
2017-07-27,68.09,70.87571428571428,75.03857142857143,76.03633333333333,74.81833333333333,72.08,80.17,76.0,70.21,4.220830359494875,-0.05535516093229738,-0.1506798054134963,-0.10407894736842101,-0.0301951288990171
2017-07-28,67.88,69.96714285714286,74.29714285714284,75.721,74.84722222222223,71.57,79.85,76.7,,4.217741440366026,-0.05155791532765122,-0.14990607388854102,-0.1149934810951761,
2017-07-31,67.68,69.33857142857143,73.63714285714286,75.41766666666666,74.85533333333333,70.43,79.78,,73.94,4.214790715297968,-0.039045861138719294,-0.15166708448232633,,-0.08466324046524197
2017-08-01,67.86,68.80857142857143,72.73214285714286,75.05866666666667,74.85933333333332,69.48,78.9,,74.21,4.2174467593560845,-0.02331606217616587,-0.13992395437262364,,-0.08556798275165065
2017-08-02,67.44,68.38142857142857,71.82285714285715,74.73066666666666,74.85388888888889,70.24,74.24,75.08,74.91,4.2112383136936,-0.03986332574031887,-0.09159482758620686,-0.10175812466702186,-0.09971966359631557
2017-08-03,68.19,68.19714285714285,70.99,74.41733333333333,74.8518888888889,68.09,72.08,,75.3,4.222297926532561,0.0014686444411807066,-0.053967813540510556,,-0.0944223107569721
2017-08-04,68.91,68.00714285714285,70.21357142857143,74.13266666666667,74.83155555555555,67.88,71.57,76.54,,4.232801305369117,0.015173836181496777,-0.037166410507195706,-0.09968643846354859,
2017-08-07,68.39,68.05,69.46285714285715,73.85266666666666,74.81533333333333,67.68,70.43,,78.55,4.225226615110005,0.010490543735224492,-0.028964929717450037,,-0.1293443666454487
2017-08-08,67.79,68.03714285714285,69.00214285714286,73.54466666666666,74.78211111111112,67.86,69.48,,78.55,4.216414691442874,-0.0010315355142940345,-0.0243235463442717,,-0.13698281349458932
2017-08-09,67.06,67.94857142857143,68.64357142857143,73.24666666666666,74.74233333333333,67.44,70.24,78.26,77.36,4.205587741038083,-0.005634638196915709,-0.045273348519362086,-0.14311270125223616,-0.13314374353671143
2017-08-10,65.24,67.57428571428571,68.19142857142857,72.86466666666666,74.67444444444445,68.19,68.09,76.92,76.41,4.178072777752813,-0.04326147528963195,-0.041856366573652645,-0.15184607384295382,-0.14618505431226284
2017-08-11,65.87,67.35,67.86571428571428,72.54566666666666,74.63122222222222,68.91,67.88,80.53,,4.187683102652602,-0.04411551298795519,-0.02961107837360034,-0.18204395877312798,
2017-08-14,66.71,67.13857142857142,67.66785714285714,72.261,74.594,68.39,67.68,,79.06,4.200354866721424,-0.024564994882292832,-0.014332151300236599,,-0.15621047305843674
2017-08-15,66.96,66.86,67.43357142857143,71.99033333333334,74.55777777777777,67.79,67.86,,76.18,4.20409542618122,-0.012243693760141797,-0.013262599469496105,,-0.12102914150695737
2017-08-16,66.92,66.65,67.35,71.66966666666667,74.51377777777778,67.06,67.44,79.78,75.98,4.2034978761186235,-0.002087682672233829,-0.007710557532621531,-0.16119328152419152,-0.11924190576467494
2017-08-17,64.7,66.20857142857143,67.12285714285714,71.236,74.438,65.24,68.19,78.9,77.98,4.169761201506855,-0.00827713059472704,-0.051180525003666155,-0.1799746514575412,-0.17030007694280586
2017-08-18,64.75,65.87857142857142,66.91357142857143,70.76299999999999,74.37177777777778,65.87,68.91,74.24,,4.1705337005796475,-0.0170031880977684,-0.060368596720359845,-0.1278286637931034,
2017-08-21,64.85,65.82285714285715,66.69857142857143,70.316,74.31533333333333,66.71,68.39,,79.03,4.172076910762453,-0.027881876780092935,-0.051761953501974066,,-0.1794255346071113
2017-08-22,64.7,65.65571428571428,66.50285714285714,69.90866666666666,74.26677777777778,66.96,67.79,,78.94,4.169761201506855,-0.03375149342891265,-0.0455819442395634,,-0.18039016974917654
2017-08-23,62.83,65.10142857142857,66.12,69.31866666666666,74.17855555555555,66.92,67.06,70.43,81.41,4.140432666414855,-0.06111775254034673,-0.06307784073963621,-0.10790856169246071,-0.22822749048028496
2017-08-24,61.48,64.31857142857142,65.58928571428571,68.69566666666667,74.10888888888888,64.7,65.24,69.48,81.25,4.118711918670395,-0.04976816074188572,-0.0576333537706928,-0.11514104778353493,-0.24332307692307698
2017-08-25,63.36,63.81,65.22999999999999,68.146,74.04299999999999,64.75,65.87,70.24,,4.14883274750617,-0.021467181467181476,-0.03810535904053446,-0.09794988610478354,
2017-08-28,63.15,63.58857142857143,64.89857142857143,67.59166666666667,73.96911111111112,64.85,66.71,,79.25,4.1455128487965,-0.02621434078643016,-0.053365312546844484,,-0.20315457413249213
2017-08-29,62.89,63.32285714285714,64.60071428571429,67.05799999999999,73.895,64.7,66.96,,79.67,4.141387168555412,-0.0279752704791345,-0.06078255675029859,,-0.21061880256056234
2017-08-30,62.02,62.91857142857143,64.37071428571429,66.65066666666667,73.79522222222222,62.83,66.92,67.68,80.98,4.127456913672303,-0.012891930606398141,-0.07322175732217572,-0.08362884160756506,-0.23413188441590516
2017-08-31,61.96,62.527142857142856,64.09142857142857,66.31333333333333,73.6951111111111,61.48,64.7,67.86,82.03,4.1264890155486675,0.007807417046193949,-0.04234930448222569,-0.08694370763336279,-0.24466658539558697
2017-09-01,62.43,62.470000000000006,63.785714285714285,66.00866666666667,73.59622222222222,63.36,64.75,67.44,,4.134045929073653,-0.014678030303030299,-0.03583011583011583,-0.07428825622775798,
2017-09-05,61.1,62.41571428571429,63.36714285714286,65.69766666666666,73.48955555555555,62.89,64.7,,81.66,4.11251186617755,-0.028462394657338196,-0.05564142194744979,,-0.25177565515552286
2017-09-06,60.33,61.98285714285714,62.896428571428565,65.39266666666667,73.37977777777778,62.02,62.83,68.39,80.52,4.09982949245267,-0.027249274427604074,-0.039789909279006844,-0.11785348735195207,-0.2507451564828614
2017-09-07,58.58,61.33,62.45928571428571,65.00399999999999,73.24988888888889,61.96,61.48,67.79,78.83,4.070393341399587,-0.05455132343447389,-0.0471698113207547,-0.13586074642277632,-0.2568818977546619
2017-09-08,58.38,60.685714285714276,62.00428571428571,64.68033333333334,73.077,62.43,63.36,67.06,,4.0669733654259685,-0.06487265737626137,-0.0785984848484848,-0.12943632567849686,
2017-09-11,60.46,60.462857142857146,61.69071428571429,64.433,72.92422222222223,,63.15,,77.48,4.101981989351312,,-0.04259699129057795,,-0.21966959215281365
2017-09-12,61.24,60.36000000000001,61.44357142857143,64.21833333333333,72.77233333333334,61.1,62.89,,77.56,4.114800570789483,0.002291325695581024,-0.026236285577993297,,-0.21041774110366168
2017-09-13,61.66,60.25,61.36,64.01166666666667,72.62077777777777,60.33,62.02,66.71,77.34,4.121635422458004,0.022045416873860406,-0.005804579168010424,-0.07570079448358563,-0.20274114300491344
2017-09-14,61.25,60.271428571428565,61.34357142857142,63.80533333333334,72.46822222222222,58.58,61.96,66.96,76.78,4.114963849424837,0.04557869580061458,-0.011459005810200143,-0.08527479091995213,-0.202266215160198
2017-09-15,59.8,60.19571428571429,61.089285714285715,63.525666666666666,72.2598888888889,58.38,62.43,66.92,,4.091005660956586,0.024323398424117754,-0.0421271824443377,-0.10639569635385542,
2017-09-18,58.11,60.12857142857143,60.72928571428571,63.16566666666667,72.03277777777778,60.46,,,77.28,4.062337766087015,-0.038868673503142596,,,-0.24805900621118016
2017-09-19,57.54,60.00857142857143,60.347142857142856,62.804,71.81255555555556,61.24,61.1,,77.59,4.052480358123402,-0.06041802743305034,-0.058265139116202985,,-0.25840958886454446
2017-09-20,58.06,59.66571428571428,60.06428571428571,62.47966666666666,71.60866666666668,61.66,60.33,64.85,77.45,4.061476958596484,-0.05838469023678226,-0.03762638819824293,-0.10470316114109472,-0.2503550677856682
2017-09-21,58.53,59.278571428571425,59.819285714285705,62.19533333333333,71.39466666666667,61.25,58.58,64.7,76.79,4.069539443303129,-0.044408163265306104,-0.0008535336292249429,-0.09536321483771254,-0.23779137908581852
2017-09-22,58.8,58.870000000000005,59.56,61.980666666666664,71.16955555555556,59.8,58.38,62.83,,4.074141854904581,-0.016722408026755852,0.007194244604316454,-0.06414133375775906,
2017-09-25,59.44,58.61142857142857,59.44142857142857,61.766333333333336,70.98355555555555,58.11,60.46,,76.0,4.084967400409504,0.022887626914472523,-0.016870658286470445,,-0.21789473684210528
2017-09-26,59.68,58.59428571428571,59.394999999999996,61.532000000000004,70.80244444444445,57.54,61.24,,76.7,4.088996955895506,0.03719151894334377,-0.02547354670150232,,-0.221903520208605
2017-09-27,60.92,58.99571428571428,59.56214285714286,61.330666666666666,70.61288888888889,58.06,61.66,63.15,75.44,4.109561528026961,0.049259386841198745,-0.012001297437560735,-0.03531274742676163,-0.19247083775185572
2017-09-28,61.16,59.51285714285715,59.760714285714286,61.13866666666666,70.41555555555556,58.53,61.25,62.89,75.25,4.113493381060861,0.04493422176661533,-0.0014693877551020965,-0.027508347909047607,-0.18724252491694357
2017-09-29,60.88,59.91571428571429,59.79071428571428,61.01133333333334,70.21388888888889,58.8,59.8,62.02,,4.1089047135534305,0.03537414965986404,0.018060200668896412,-0.01838116736536602,
2017-10-02,60.43,60.18714285714286,59.73285714285714,60.867333333333335,70.00822222222223,59.44,58.11,,,4.101485670373467,0.016655450874831796,0.0399242815350198,,
2017-10-03,64.14,60.949999999999996,59.910000000000004,60.843666666666664,69.81633333333333,59.68,57.54,,76.54,4.161068194265009,0.0747319034852547,0.11470281543274247,,-0.16200679383328984
2017-10-04,64.47,61.66857142857144,60.14,60.836,69.62988888888889,60.92,58.06,,77.71,4.1661999993225285,0.05827314510833876,0.11040303134688247,,-0.1703770428516278
2017-10-05,64.32,62.33142857142858,60.462857142857146,60.885666666666665,69.464,61.16,58.53,61.1,78.94,4.163870624870711,0.05166775670372788,0.09892362890825204,0.0527004909983632,-0.18520395236888781
2017-10-06,65.25,62.949999999999996,60.972857142857144,61.01133333333333,69.30377777777778,60.88,58.8,60.33,,4.178226046202803,0.0717805519053876,0.10969387755102046,0.08155146693187472,
2017-10-09,64.7,63.455714285714286,61.48428571428571,61.056000000000004,69.12288888888888,60.43,59.44,,76.92,4.169761201506855,0.07066026807876888,0.08849259757738906,,-0.15886635465418614
2017-10-10,67.72,64.43285714285715,62.174285714285716,61.208333333333336,68.96388888888889,64.14,59.68,,80.53,4.2153815572649345,0.055815403804178335,0.1347184986595174,,-0.15907115360735133
2017-10-11,67.4,65.42857142857143,62.807857142857145,61.358666666666664,68.80533333333334,64.47,60.92,60.46,80.17,4.210645017918261,0.04544749495889572,0.1063690085357847,0.11478663579225942,-0.15928651615317446
2017-10-12,66.64,65.78571428571429,63.36785714285714,61.51266666666667,68.64311111111111,64.32,61.16,61.24,79.85,4.1993049978585875,0.03606965174129365,0.08960104643557888,0.08817766165904635,-0.16543519098309323
2017-10-13,67.57,66.22857142857143,63.94857142857143,61.699666666666666,68.48655555555555,65.25,60.88,61.66,,4.213164097564083,0.03555555555555545,0.1098883048620235,0.09584819980538431,
2017-10-16,66.95,66.60428571428571,64.46785714285714,61.85033333333333,68.33577777777778,64.7,60.43,,78.9,4.203946072137182,0.0347758887171561,0.10789343041535666,,-0.15145754119138152
2017-10-17,67.51,66.92714285714285,64.93857142857142,62.064,68.21000000000001,67.72,64.14,,74.24,4.21227573505378,-0.0031010041346720874,0.052541315871531095,,-0.09065193965517228
2017-10-18,67.99,67.39714285714285,65.42642857142857,62.31933333333333,68.10177777777777,67.4,64.47,58.11,72.08,4.219360635538369,0.008753709198812895,0.0545990383123933,0.17002237136465317,-0.0567425083240844
2017-10-19,59.78,66.26285714285714,65.34785714285714,62.35933333333333,67.90511111111111,66.64,64.32,57.54,71.57,4.090671156855792,-0.10294117647058823,-0.07058457711442774,0.03892944038929444,-0.16473382702249537
2017-10-20,59.9,65.19142857142857,65.31,62.41,67.70888888888888,67.57,65.25,58.06,,4.092676505121403,-0.11351191357111137,-0.08199233716475098,0.031691353771959974,
2017-10-23,59.1,64.11428571428571,64.95,62.36466666666667,67.50622222222222,66.95,64.7,,69.48,4.079230924412053,-0.1172516803584765,-0.08655332302936633,,-0.14939550949913646
2017-10-24,59.91,63.019999999999996,64.62428571428572,62.32033333333334,67.31877777777777,67.51,67.72,,70.24,4.0928434360958335,-0.11257591467930689,-0.11532782043709396,,-0.14706719817767652
2017-10-25,59.92,62.01571428571429,64.31,62.26233333333333,67.11088888888888,67.99,67.4,59.44,68.09,4.0930103392089645,-0.1186939255772907,-0.11097922848664693,0.00807537012113062,-0.11998825084447057
2017-10-26,59.95,60.93571428571429,63.931428571428576,62.219,66.91833333333332,59.78,66.64,59.68,67.88,4.093510881473524,0.002843760455001701,-0.10039015606242493,0.00452412868632713,-0.11682380671773708
2017-10-27,60.25,59.83,63.61357142857143,62.234,66.72566666666665,59.9,67.57,60.92,,4.098502572370764,0.005843071786310541,-0.1083321000443983,-0.010998030203545662,
2017-10-30,59.04,59.72428571428571,62.99357142857143,62.26499999999999,66.52111111111111,59.1,66.95,,67.86,4.078215180292217,-0.0010152284263959775,-0.11814787154592984,,-0.129973474801061
2017-10-31,58.48,59.521428571428565,62.35642857142857,62.29633333333333,66.31766666666667,59.91,67.51,,67.44,4.068684815441523,-0.023869137038891666,-0.1337579617834396,,-0.13285883748517202
2017-11-01,58.64,59.455714285714286,61.785000000000004,62.315666666666665,66.11333333333333,59.92,67.99,60.43,68.19,4.071417057578396,-0.021361815754339136,-0.1375202235622885,-0.029621049147774272,-0.14004986068338462
2017-11-02,58.27,59.221428571428575,61.12071428571429,62.307,65.91633333333334,59.95,59.78,64.14,68.91,4.065087381154983,-0.02802335279399499,-0.025259284041485412,-0.09151855316495162,-0.15440429545784348
2017-11-03,59.65,59.18285714285714,60.59928571428571,62.33533333333334,65.7268888888889,60.25,59.9,64.47,,4.0884941485439255,-0.009958506224066414,-0.004173622704507512,-0.07476345587094774,
2017-11-06,59.92,59.17857142857143,60.057142857142864,62.35133333333333,65.55444444444444,59.04,59.1,,67.79,4.0930103392089645,0.014905149051490558,0.013874788494077838,,-0.11609381914736693
2017-11-07,58.71,58.95857142857143,59.394285714285715,62.318999999999996,65.37066666666666,58.48,59.91,,67.06,4.072610070076094,0.0039329685362517785,-0.02003004506760133,,-0.12451535937966002
2017-11-08,58.92,58.94142857142857,59.33285714285715,62.25233333333333,65.19111111111111,58.64,59.92,64.7,65.24,4.076180591594429,0.004774897680764003,-0.016688918558077435,-0.08933539412673881,-0.09687308399754742
2017-11-09,58.39,58.92857142857144,59.225,62.16,64.98944444444444,58.27,59.95,67.72,65.87,4.067144642295446,0.0020593787540758098,-0.026021684737281104,-0.13777318369757824,-0.1135570062243814
2017-11-10,58.52,58.91142857142857,59.18357142857143,62.08133333333333,64.77622222222222,59.65,60.25,67.4,,4.069368576151923,-0.0189438390611902,-0.02871369294605804,-0.13175074183976263,
2017-11-13,57.81,58.84571428571429,59.03357142857143,61.99400000000001,64.54144444444445,59.92,59.04,,66.96,4.057161771094385,-0.03521361815754338,-0.02083333333333328,,-0.13664874551971315
2017-11-14,57.2,58.49571428571428,58.839285714285715,61.76266666666667,64.30744444444444,58.71,58.48,,66.92,4.046553898385752,-0.025719638903082917,-0.02188782489740072,,-0.14524805738194857
2017-11-15,57.49,58.14857142857143,58.66357142857142,61.53,64.09155555555556,58.92,58.64,66.95,64.7,4.0516110196351995,-0.024270196877121515,-0.019611186903137765,-0.14129947722180733,-0.11143740340030912
2017-11-16,58.68,58.144285714285715,58.55142857142857,61.342,63.848777777777784,58.39,58.27,67.51,64.75,4.072098953274781,0.00496660387052576,0.007036210743092442,-0.13079543771293148,-0.09374517374517374
2017-11-17,58.2,58.041428571428575,58.49142857142857,61.107,63.60466666666667,58.52,59.65,67.99,,4.063885354737392,-0.005468215994531789,-0.024308466051969752,-0.14399176349463147,
2017-11-20,58.76,58.09428571428571,58.51142857142857,60.909,63.370333333333335,57.81,59.92,,64.7,4.073461351305676,0.016433143054834728,-0.01935914552736989,,-0.09180834621329219
2017-11-21,59.71,58.26428571428572,58.587857142857146,60.642,63.147333333333336,57.2,58.71,,62.83,4.089499510558901,0.04388111888111884,0.017032873445750298,,-0.0496578067802005
2017-11-22,59.69,58.53285714285715,58.68928571428571,60.385000000000005,62.93388888888888,57.49,58.92,59.1,61.48,4.089164502180559,0.03826752478691939,0.013068567549219213,0.009983079526226672,-0.029115159401431348
2017-11-24,59.43,58.85142857142858,58.673571428571435,60.144666666666666,62.76933333333333,58.2,58.52,59.92,,4.084799149378569,0.021134020618556647,0.015550239234449701,-0.008177570093457976,
2017-11-27,59.09,59.08,58.614285714285714,59.862,62.625,58.76,57.81,,62.89,4.079061705357583,0.005616065350578717,0.022141498010724806,,-0.060422960725075484
2017-11-28,60.19,59.29571428571428,58.720000000000006,59.63666666666667,62.498555555555555,59.71,57.2,,62.02,4.0975062255596795,0.008038854463238937,0.05227272727272718,,-0.02950661077071921
2017-11-29,62.09,59.85142857142858,58.94642857142857,59.456,62.40588888888889,59.69,57.49,59.04,61.96,4.128584945376802,0.040207739989948164,0.0800139154635589,0.05165989159891606,0.002098127824402882
2017-11-30,63.32,60.502857142857145,59.29857142857143,59.300333333333334,62.33744444444445,,58.68,58.48,62.43,4.148201235012811,,0.0790729379686435,0.08276333789329691,0.014255966682684616
2017-12-01,62.57,60.91142857142857,59.587857142857146,59.39333333333333,62.25222222222222,59.43,58.2,58.64,,4.136285930010272,0.052835268382971576,0.07508591065292092,0.06701909959072305,
2017-12-04,62.59,61.325714285714284,59.92928571428572,59.483,62.19111111111112,59.09,58.76,,61.1,4.13660552093661,0.05923168048739211,0.06518039482641262,,0.024386252045826545
2017-12-05,62.2,61.721428571428575,60.28642857142857,59.586333333333336,62.12800000000001,60.19,59.71,,60.33,4.130354999745133,0.03339425153680022,0.04170155752805228,,0.030996187634676025
2017-12-06,62.19,62.16428571428572,60.62214285714286,59.66233333333333,62.067,62.09,59.69,59.92,58.58,4.1301942151157975,0.0016105653084231648,0.041883062489529235,0.037883845126835715,0.06162512803004438
2017-12-07,63.53,62.64142857142857,60.96857142857142,59.782666666666664,62.018888888888895,63.32,,58.71,58.38,4.1515122352784415,0.003316487681617196,,0.08209845000851644,0.08821514217197668
2017-12-08,63.55,62.85,61.35071428571428,59.90266666666667,61.97566666666666,62.57,59.43,58.92,,4.151826997635463,0.015662458046987324,0.06932525660440851,0.07858112695179897,
2017-12-11,64.24,62.98142857142857,61.74214285714286,60.03566666666667,61.93177777777778,62.59,59.09,,61.24,4.162626069638506,0.026362038664323236,0.08715518700287682,,0.048987589810581204
2017-12-12,63.36,63.09428571428571,62.00285714285714,60.17966666666667,61.870111111111115,62.2,60.19,,61.66,4.14883274750617,0.018649517684887405,0.05266655590629676,,0.027570548167369494
2017-12-13,63.03,63.15714285714286,62.24142857142857,60.33133333333333,61.81055555555555,62.19,62.09,57.81,61.25,4.143610803525019,0.013506994693680711,0.015139313899178575,0.090295796574987,0.029061224489795937
2017-12-14,63.13,63.29,62.505714285714284,60.481,61.75877777777778,63.53,63.32,57.2,59.8,4.145196092379535,-0.006296237997796294,-0.0030006317119393197,0.10367132867132867,0.05568561872909708
2017-12-15,63.76,63.51428571428571,62.839285714285715,60.664,61.72211111111111,63.55,62.57,57.49,,4.15512603448196,0.0033044846577498167,0.01901869905705606,0.1090624456427204,
2017-12-18,64.56,63.66142857142857,63.151428571428575,60.827666666666666,61.71455555555555,64.24,62.59,,57.54,4.1675950239616935,0.004981320049813316,0.0314746764658891,,0.1220020855057352
2017-12-19,64.43,63.787142857142854,63.31857142857143,60.978,61.69855555555556,63.36,62.2,,58.06,4.1655793631505516,0.01688762626262638,0.0358520900321544,,0.10971408887357913
2017-12-20,65.9,64.02428571428571,63.502857142857145,61.217666666666666,61.68955555555556,63.03,62.19,58.76,58.53,4.188138441508461,0.04553387275900372,0.05965589323042303,0.1215112321307013,0.12591833247907064
2017-12-21,67.28,64.58428571428571,63.839285714285715,61.49633333333333,61.693111111111115,63.13,63.53,59.71,58.8,4.208863015664693,0.06573736733724059,0.05902723122934047,0.12677943393066488,0.14421768707483001
2017-12-22,67.25,65.18714285714286,64.17214285714286,61.791666666666664,61.696777777777775,63.76,63.55,59.69,,4.208417018481948,0.0547365119196989,0.058221872541306105,0.12665438096833645,
2017-12-26,67.35,65.78999999999999,64.54,62.086000000000006,61.72622222222222,64.43,63.36,,60.92,4.209902902856373,0.04532050287133303,0.06297348484848476,,0.10554826001313185
2017-12-27,67.12,66.27,64.89214285714286,62.39633333333333,61.75255555555556,65.9,63.03,59.09,61.16,4.206482062158951,0.01851289833080423,0.06488973504680316,0.13589439837535963,0.09744931327665154
2017-12-28,67.54,66.69571428571429,65.17857142857143,62.741,61.782444444444444,67.28,63.13,60.19,60.88,4.212720014957422,0.0038644470868015026,0.06985585300174249,0.1221133078584484,0.109395532194481
2017-12-29,67.4,67.12,65.45357142857144,63.07133333333333,61.812444444444445,67.25,63.76,62.09,,4.210645017918261,0.0022304832713755493,0.05708908406524479,0.08552101787727495,
2018-01-02,68.94,67.55428571428573,65.78928571428573,63.413333333333334,61.880333333333326,67.35,64.43,,64.47,4.233236561088719,0.02360801781737199,0.06999844792798371,,0.06933457422056769
2018-01-03,68.49,67.72714285714287,66.1557142857143,63.75633333333334,61.95822222222223,67.12,65.9,62.59,64.32,4.226687749209813,0.020411203814064218,0.03930197268588754,0.0942642594663683,0.06483208955223883
2018-01-04,69.26,68.01428571428572,66.60071428571429,64.10633333333334,62.023777777777774,67.54,67.28,62.2,65.25,4.237867538974276,0.025466390287237173,0.02942925089179554,0.11350482315112544,0.06145593869731809
2018-01-05,69.36,68.30142857142857,67.0457142857143,64.428,62.09277777777778,67.4,67.25,62.19,,4.239310332472287,0.029080118694361924,0.031375464684014864,0.11529184756391705,
2018-01-08,68.51,68.5,67.385,64.722,62.15522222222223,,,,67.72,4.226979720014808,,,,0.011665682220909721
2018-01-09,68.48,68.63428571428572,67.665,65.02366666666667,62.227000000000004,68.94,67.35,,67.4,4.226541731833486,-0.00667246881346089,0.016778025241277056,,0.016023738872403534
2018-01-10,73.08,69.44571428571429,68.28285714285714,65.49,62.35055555555556,68.49,67.12,64.24,66.64,4.291554731509806,0.0670170827858082,0.08879618593563757,0.13760896637608971,0.09663865546218484
2018-01-11,76.45,70.51857142857143,69.03642857142857,66.032,62.50633333333333,69.26,67.54,63.36,67.57,4.336636932375072,0.10381172393878137,0.13192182410423448,0.20659722222222227,0.13141926890631953
2018-01-12,78.4,71.9342857142857,69.83071428571428,66.57566666666666,62.69855555555556,69.36,67.4,63.03,,4.361823927356363,0.13033448673587092,0.16320474777448069,0.24385213390448998,
2018-01-16,77.49,73.11,70.56214285714286,67.048,62.889222222222216,68.48,68.94,,67.99,4.350148895775859,0.13157126168224284,0.1240208877284595,,0.1397264303574055
2018-01-17,76.58,74.14142857142858,71.22142857142858,67.515,63.08922222222222,73.08,68.49,64.56,59.78,4.338335946049148,0.04789272030651341,0.11811943349394077,0.18618339529120193,0.2810304449648711
2018-01-18,76.3,75.25428571428571,71.87714285714286,67.97200000000001,63.288333333333334,76.45,69.26,64.43,59.9,4.334672938290411,-0.0019620667102682233,0.1016459717008373,0.1842309483160017,0.2737896494156928
2018-01-19,76.5,76.39999999999999,72.51714285714286,68.44866666666667,63.46655555555555,78.4,69.36,65.9,,4.33729074083249,-0.024234693877551092,0.10294117647058824,0.16084977238239748,
2018-01-22,76.87,76.94142857142857,73.19357142857143,68.93800000000002,63.64022222222222,,68.51,,59.91,4.34211568336104,,0.12202598160852429,,0.28309130362209994
2018-01-23,77.97,77.15857142857143,73.83857142857143,69.41933333333333,63.821444444444445,77.49,68.48,,59.92,4.356324137321509,0.006194347657762344,0.13858060747663542,,0.3012349799732977
2018-01-24,69.05,75.82285714285715,73.87857142857142,69.60266666666666,63.90811111111112,76.58,73.08,,59.95,4.234830879855301,-0.09832854531209195,-0.05514504652435689,,0.15179316096747278
2018-01-25,66.08,74.19285714285715,73.65142857142857,69.664,63.97788888888889,76.3,76.45,67.35,60.25,4.190866129212723,-0.13394495412844035,-0.13564421190320478,-0.018856718634001426,0.09676348547717839
2018-01-26,66.56,72.76142857142857,73.45142857142856,69.77066666666666,64.07177777777778,76.5,78.4,67.12,,4.198103796512953,-0.1299346405228758,-0.15102040816326534,-0.008343265792610284,
2018-01-29,65.78,71.25857142857143,73.25642857142857,69.86233333333332,64.16333333333333,76.87,,,58.48,4.186315840760911,-0.1442695459867309,,,0.12482900136798913
2018-01-30,67.01,69.90285714285714,73.15142857142857,69.99166666666666,64.26277777777777,77.97,77.49,,58.64,4.20484186198508,-0.14056688469924322,-0.13524325719447658,,0.14273533424283774
2018-01-31,67.82,68.61,72.77571428571429,70.127,64.366,69.05,76.58,,58.27,4.2168571366974925,-0.017813178855901578,-0.11439018020370861,,0.1638922258452032
2018-02-01,67.15,67.06428571428572,72.11142857142856,70.21333333333334,64.45877777777778,66.08,76.3,68.94,59.65,4.206928922969246,0.01619249394673135,-0.11992136304062899,-0.02596460690455457,0.12573344509639575
2018-02-02,65.68,66.58285714285714,71.20285714285714,70.25500000000001,64.52811111111112,66.56,76.5,68.49,,4.184794465144173,-0.013221153846153777,-0.14143790849673193,-0.04102788728281484,
2018-02-05,63.4,66.2,70.19642857142857,70.17166666666667,64.56944444444444,65.78,76.87,,58.71,4.14946386144318,-0.03618121009425361,-0.17523090932743599,,0.07988417646056886
2018-02-06,63.95,65.82714285714286,69.29428571428572,70.06066666666666,64.6031111111111,67.01,77.97,,58.92,4.158101528024852,-0.04566482614535147,-0.17981274849301007,,0.08536999321113375
2018-02-07,65.36,65.76714285714286,68.51285714285714,69.99766666666666,64.64977777777779,67.82,69.05,68.51,58.39,4.1799104505517475,-0.03627248599233256,-0.05343953656770453,-0.04597868924244644,0.1193697550950505
2018-02-08,63.37,65.24714285714286,67.575,69.865,64.67744444444445,67.15,66.08,68.48,58.52,4.148990563335426,-0.05629188384214457,-0.04101089588377725,-0.07462032710280384,0.08287764866712224
2018-02-09,62.98,64.55571428571429,66.58285714285715,69.727,64.70577777777777,65.68,66.56,73.08,,4.142817215672879,-0.041108404384896616,-0.05378605769230777,-0.13820470717022443,
2018-02-12,64.14,64.12571428571428,65.595,69.61366666666666,64.70577777777778,63.4,65.78,,57.2,4.161068194265009,0.011671924290220851,-0.024931590148981463,,0.12132867132867128
2018-02-13,65.7,64.12857142857142,65.35571428571428,69.557,64.71944444444445,63.95,67.01,,57.49,4.185098925490565,0.027365129007036745,-0.01954932099686617,,0.142807444773004
2018-02-14,65.68,64.45428571428572,65.32714285714286,69.44833333333332,64.73455555555556,65.36,67.82,,58.68,4.184794465144173,0.004895960832313455,-0.0315541138307282,,0.11929107021131573
2018-02-15,66.74,64.85285714285713,65.34,69.39,64.75111111111111,63.37,67.15,77.49,58.2,4.2008044733232275,0.05317973804639416,-0.006105733432613712,-0.138727577751968,0.1467353951890033
2018-02-16,66.52,65.01857142857143,65.39285714285714,69.29866666666666,64.77133333333333,62.98,65.68,76.58,,4.197502654324727,0.05620832010161955,0.012789281364189846,-0.13136589187777492,
2018-02-20,66.59,65.47857142857143,65.36285714285714,69.20633333333333,64.75877777777778,65.7,63.95,,59.69,4.198554416122531,0.013546423135464239,0.04128225175918687,,0.11559725247110078
2018-02-21,67.0,66.05285714285715,65.30428571428571,69.156,64.75433333333332,65.68,65.36,76.87,,4.204692619390966,0.020097442143727055,0.025091799265605882,-0.12839859503057113,
2018-02-22,66.7,66.41857142857143,65.27214285714285,69.09666666666666,64.75500000000001,66.74,63.37,77.97,59.43,4.200204952921578,-0.0005993407252021583,0.052548524538425206,-0.1445427728613569,0.12232879017331319
2018-02-23,67.57,66.68571428571428,65.40714285714286,68.913,64.755,66.52,62.98,69.05,,4.213164097564083,0.015784726398075724,0.0728802794537948,-0.021433743664011646,
2018-02-26,69.26,67.19714285714285,65.82571428571428,68.67333333333335,64.78066666666668,,64.14,,60.19,4.237867538974276,,0.07982538197692554,,0.15068948330287435
2018-02-27,67.86,67.35714285714286,66.105,68.32199999999999,64.78455555555556,66.59,65.7,,62.09,4.2174467593560845,0.019071932722630965,0.03287671232876707,,0.09292961829602184
2018-02-28,67.79,67.53857142857143,66.27857142857142,67.99866666666667,64.78233333333333,67.0,65.68,65.78,63.32,4.216414691442874,0.011791044776119496,0.03212545676004871,0.03055640012161759,0.07059380922299441
2018-03-01,67.54,67.67428571428572,66.57642857142856,67.69733333333333,64.86855555555556,66.7,66.74,67.01,62.57,4.212720014957422,0.012593703148425837,0.011986814504045722,0.00790926727354128,0.0794310372382932
2018-03-02,67.51,67.74714285714286,66.89999999999999,67.40433333333333,64.95311111111111,67.57,66.52,67.82,,4.21227573505378,-0.00088796803315063,0.014882742032471575,-0.0045709230315539385,
2018-03-05,67.21,67.82000000000001,67.11928571428571,67.09466666666667,65.04322222222223,69.26,,,62.2,4.2078220459818745,-0.029598613918567877,,,0.08054662379421207
2018-03-06,67.52,67.81285714285715,67.24928571428572,66.783,65.12777777777778,67.86,66.59,,62.19,4.212423850287702,-0.005010315355142992,0.013966060970115522,,0.08570509728252128
2018-03-07,67.81,67.60571428571428,67.40142857142857,66.44433333333333,65.21544444444444,67.79,67.0,63.4,63.53,4.216709676695751,0.00029502876530455846,0.012089552238806004,0.06955835962145117,0.0673697465764206
2018-03-08,69.87,67.89285714285714,67.625,66.47166666666666,65.32566666666668,67.54,66.7,63.95,63.55,4.246636372564359,0.03449807521468756,0.04752623688155924,0.09257232212666147,0.09944925255704182
2018-03-09,71.55,68.42999999999999,67.98428571428572,66.65400000000001,65.45122222222223,67.51,67.57,65.36,,4.27039650600246,0.05984298622426295,0.0589018795323369,0.09470624235006117,
2018-03-12,72.0,69.06714285714285,68.37071428571429,66.83533333333334,65.59522222222223,67.21,69.26,,63.36,4.276666119016055,0.07126915637553946,0.03956107421310994,,0.13636363636363638
2018-03-13,72.6,69.79428571428572,68.77071428571429,67.06266666666666,65.7521111111111,67.52,67.86,,63.03,4.28496492183075,0.07523696682464454,0.06984969053934564,,0.15183246073298418
2018-03-14,70.74,70.29857142857144,69.05928571428572,67.187,65.88655555555556,67.81,67.79,64.14,63.13,4.259011183777335,0.04320896622916963,0.04351674288243087,0.1028999064546304,0.12054490733407243
2018-03-15,70.14,70.67285714285715,69.24285714285715,67.26433333333334,66.01844444444444,69.87,67.54,65.7,63.76,4.2504932447120325,0.003864319450407843,0.03849570624814916,0.06757990867579905,0.1000627352572146
2018-03-16,70.88,71.11142857142856,69.35857142857142,67.38866666666667,66.14322222222222,71.55,67.51,65.68,,4.2609883062968255,-0.009364081062194295,0.04991853058806088,0.07917174177831894,
2018-03-19,70.13,71.14857142857143,69.52071428571428,67.537,66.25666666666667,72.0,67.21,,64.43,4.250350662548819,-0.025972222222222285,0.04344591578634135,,0.08846810492006811
2018-03-20,70.48,70.99571428571429,69.71285714285715,67.773,66.38744444444444,72.6,67.52,,65.9,4.255328981627924,-0.029201101928374523,0.043838862559241826,,0.06949924127465854
2018-03-21,69.94,70.70142857142856,69.88428571428571,67.97266666666667,66.5098888888889,70.74,67.81,,67.28,4.24763773163523,-0.01130901894260669,0.03141129626898681,,0.03953626634958378
2018-03-22,68.45,70.10857142857142,69.95142857142856,68.07566666666666,66.62166666666667,70.14,69.87,66.59,67.25,4.226103551734458,-0.024094667807242624,-0.020323457850293426,0.027932121940231255,0.01784386617100376
2018-03-23,67.39,69.63,69.96428571428571,68.20966666666666,66.72022222222223,70.88,71.55,67.0,,4.2104966389581255,-0.04923814898419858,-0.058141160027952436,0.005820895522388068,
2018-03-26,68.48,69.39285714285714,70.03285714285714,68.393,66.83877777777778,70.13,72.0,,67.35,4.226541731833486,-0.023527734207899494,-0.048888888888888836,,0.016778025241277056
2018-03-27,68.18,69.00714285714285,70.0592857142857,68.52766666666666,66.96077777777778,70.48,72.6,,67.12,4.222151266709757,-0.03263337116912595,-0.06088154269972435,,0.015792610250298007
2018-03-28,67.91,68.69,69.91928571428572,68.60133333333333,67.07655555555556,69.94,70.74,69.26,67.54,4.2181832991257,-0.029024878467257667,-0.04000565450947128,-0.019491770141495935,0.005478235119928787
2018-03-29,69.47,68.5457142857143,69.77071428571428,68.72766666666666,67.19644444444445,68.45,70.14,67.86,67.4,4.2408950047047895,0.014901387874360789,-0.009552323923581433,0.023725316828765098,0.03071216617210672
2018-04-02,66.77,68.09285714285714,69.39714285714285,68.72866666666667,67.29166666666667,68.48,70.13,,68.94,4.201253877869777,-0.02497079439252348,-0.04791102238699557,,-0.03147664635915291
2018-04-03,69.19,68.19857142857143,69.15357142857142,68.81766666666665,67.40755555555556,68.18,70.48,,68.49,4.23685634351072,0.014813728366089627,-0.018303064699205535,,0.010220470141626557
2018-04-04,69.99,68.57000000000001,69.1,68.931,67.52177777777777,67.91,69.94,67.21,69.26,4.248352374701448,0.030628773376527734,0.0007148984844151724,0.04136289242672223,0.010539994224660551
2018-04-05,70.69,68.88571428571429,69.1392857142857,69.054,67.644,69.47,68.45,67.52,69.36,4.258304120182863,0.017561537354253618,0.032724616508400216,0.04694905213270145,0.019175317185697784
2018-04-06,69.6501,69.09572857142857,69.05143571428572,69.15233666666667,67.75755666666667,,67.39,67.81,,4.243484135974963,,0.033537616857100376,0.027136115617165498,
