timestamp,SAVE,SAVE_rolling_7_day_avg,SAVE_rolling_14_day_avg,SAVE_rolling_30_day_avg,SAVE_rolling_90_day_avg,SAVE_7_days_ago,SAVE_14_days_ago,SAVE_30_days_ago,SAVE_90_days_ago,SAVE_log_price,SAVE_pct_change_7_days,SAVE_pct_change_14_days,SAVE_pct_change_30_days,SAVE_pct_change_90_days
2016-10-03,43.74,,,,,,,,,3.778263015248622,,,,
2016-10-04,43.64,,,,,,,,,3.77597416096487,,,,
2016-10-05,43.16,,,,,,,,,3.764914140389934,,,,
2016-10-06,42.99,,,,,,,,,3.76096753050819,,,,
2016-10-07,42.24,,,,,,,,,3.743367639398006,,,,
2016-10-10,42.88,,,,,43.74,,,,3.7584055167625467,-0.01966163694558755,,,
2016-10-11,42.12,42.96714285714285,,,,43.64,,,,3.740522687265775,-0.03483043079743362,,,
2016-10-12,42.17,42.74285714285714,,,,43.16,,,,3.7417090677584683,-0.022937905468025835,,,
2016-10-13,43.58,42.73428571428571,,,,42.99,,,,3.774598329516474,0.013724121888811265,,,
2016-10-14,43.78,42.82285714285714,,,,42.24,,,,3.779177092094717,0.036458333333333315,,,
2016-10-17,43.82,42.941428571428574,,,,42.88,43.74,,,3.7800903341673204,0.02192164179104472,0.0018289894833104319,,
2016-10-18,45.2,43.364285714285714,,,,42.12,43.64,,,3.8110970868381857,0.07312440645773992,0.03574702108157659,,
2016-10-19,47.01,43.95428571428572,,,,42.17,43.16,,,3.850360345036039,0.11477353568887826,0.08920296570898985,,
2016-10-20,47.5,44.722857142857144,43.845000000000006,,,43.58,42.99,,,3.8607297110405954,0.08994951812758151,0.10490811816701553,,
2016-10-21,47.51,45.48571428571428,44.114285714285714,,,43.78,42.24,,,3.86094021519883,0.08519872087711276,0.12476325757575747,,
2016-10-24,46.84,45.951428571428565,44.34285714285714,,,43.82,42.88,,,3.8467375387295166,0.06891830214513928,0.09235074626865673,,
2016-10-25,48.66,46.64857142857143,44.73571428571429,,,45.2,42.12,,,3.8848573373553763,0.07654867256637155,0.15527065527065526,,
2016-10-26,48.09,47.258571428571436,45.10000000000001,,,47.01,42.17,,,3.873074255289571,0.02297383535418008,0.14038415935499174,,
2016-10-27,48.24,47.692857142857136,45.528571428571425,,,47.5,43.58,,,3.87618855241893,0.015578947368421095,0.10692978430472702,,
2016-10-28,48.05,47.84142857142857,45.89785714285715,,,47.51,43.78,,,3.8722421354163012,0.01136602820458849,0.09753312014618538,,
2016-10-31,47.93,47.902857142857144,46.31285714285714,,,46.84,43.82,,,3.86974161317154,0.02327070879590086,0.09379278868096758,,
2016-11-01,47.82,47.94714285714286,46.71642857142857,,,48.66,45.2,,,3.867443962030179,-0.017262638717632478,0.057964601769911445,,
2016-11-02,47.06,47.97857142857142,46.964999999999996,,,48.09,47.01,43.74,,3.8514233832992164,-0.021418174256602227,0.0010636034886195335,0.07590306355738455,
2016-11-03,46.98,47.73857142857143,47.19357142857143,,,48.24,47.5,43.64,,3.849721979230767,-0.026119402985074733,-0.010947368421052697,0.07653528872593941,
2016-11-04,47.02,47.58571428571429,47.42214285714285,,,48.05,47.51,43.16,,3.8505730431119236,-0.021436004162330782,-0.01031361818564502,0.0894346617238185,
2016-11-07,47.63,47.49857142857143,47.59571428571428,,,47.93,46.84,,,3.863462814812769,-0.006259127894846592,0.01686592655849699,,
2016-11-08,48.24,47.52571428571429,47.683571428571426,,,47.82,48.66,,,3.87618855241893,0.008782936010037677,-0.008631319358816166,,
2016-11-09,49.63,47.76857142857143,47.83571428571428,,,47.06,48.09,42.88,,3.9045954895993495,0.05461113472163196,0.03202328966521104,0.1574160447761194,
2016-11-10,51.48,48.291428571428575,48.11928571428571,,,46.98,48.24,42.12,,3.941193382727926,0.09578544061302682,0.0671641791044775,0.2222222222222222,
2016-11-11,51.9,48.98285714285714,48.48071428571428,46.230333333333334,,47.02,48.05,42.17,,3.949318790171843,0.10378562313908965,0.08012486992715924,0.23073274839933594,
2016-11-14,53.39,49.89857142857142,48.81857142857143,46.552,,47.63,47.93,,,3.9776234625120948,0.12093218559731257,0.11391612768620907,,
2016-11-15,52.88,50.73571428571429,49.16071428571429,46.86,,48.24,47.82,,,3.9680251955434307,0.09618573797678276,0.10581346716854877,,
2016-11-16,53.31,51.547142857142866,49.52285714285715,47.19833333333334,,49.63,47.06,43.82,,3.9761239308346696,0.07414870038283296,0.13280917977050574,0.2165677772706527,
2016-11-17,53.87,52.35142857142858,49.93857142857143,47.561,,51.48,46.98,45.2,,3.9865737366924425,0.04642579642579644,0.14665815240527885,0.19181415929203527,
2016-11-18,53.74,52.93857142857143,50.353571428571435,47.94433333333333,,51.9,47.02,47.01,,3.984157603187345,0.03545279383429679,0.1429179072735006,0.14316102956817708,
2016-11-21,52.9,53.14142857142857,50.71642857142857,48.27833333333333,,53.39,47.63,,,3.9684033388642534,-0.00917774864206784,0.1106445517530967,,
2016-11-22,53.6,53.38428571428572,51.18357142857143,48.660999999999994,,52.88,48.24,,,3.9815490680767565,0.01361573373676246,0.11111111111111109,,
2016-11-23,54.3,53.51428571428571,51.70642857142857,49.065333333333335,,53.31,49.63,46.84,,3.9945242269398897,0.01857062464828353,0.09409631271408411,0.15926558497011087,
2016-11-25,54.22,53.705714285714286,52.22071428571429,49.42,,53.74,51.9,48.09,,3.9930498440705193,0.008931894305917322,0.04470134874759153,0.12746932834269067,
2016-11-28,53.54,53.738571428571426,52.642857142857146,49.745333333333335,,52.9,53.39,,,3.9804290380922063,0.012098298676748593,0.0028095148904288924,,
2016-11-29,54.52,53.83142857142857,53.09142857142858,50.102,,53.6,52.88,,,3.998567606828332,0.017164179104477643,0.03101361573373677,,
2016-11-30,55.6,54.097142857142856,53.517857142857146,50.44866666666667,,54.3,53.31,47.93,,4.018183201256536,0.02394106813996325,0.04295629337835301,0.16002503651157943,
2016-12-01,55.21,54.42714285714286,53.784285714285716,50.722,,,53.87,47.82,,4.011144096295953,,0.024874698347874577,0.1545378502718528,
2016-12-02,56.25,54.805714285714295,54.095000000000006,51.01366666666667,,54.22,53.74,47.06,,4.029806041084529,0.03744005901881227,0.046706363974692924,0.19528261793455157,
2016-12-05,55.6,54.99142857142857,54.252857142857145,51.28333333333333,,53.54,52.9,,,4.018183201256536,0.03847590586477404,0.05103969754253314,,
2016-12-06,57.0,55.388571428571424,54.54714285714285,51.62199999999999,,54.52,53.6,,,4.04305126783455,0.04548789435069693,0.0634328358208955,,
2016-12-07,58.75,56.13285714285714,54.93571428571429,51.958333333333336,,55.6,54.3,47.63,,4.073291153024268,0.05665467625899278,0.08195211786372013,0.23346630275036734,
2016-12-08,58.7,56.730000000000004,55.28071428571429,52.312,,55.21,,48.24,,4.072439726834051,0.06321318601702594,,0.216832504145937,
2016-12-09,59.06,57.22428571428572,55.660714285714285,52.672666666666665,,56.25,54.22,49.63,,4.078553876315777,0.04995555555555559,0.08926595352268542,0.19000604473100946,
2016-12-12,56.98,57.47714285714285,55.95214285714286,52.97033333333333,,55.6,53.54,,,4.0427003290697625,0.024820143884892003,0.0642510272693313,,
2016-12-13,57.58,57.66714285714285,56.23642857142857,53.292,,57.0,54.52,,,4.05317528518403,0.010175438596491199,0.05612619222303732,,
2016-12-14,57.31,57.91142857142857,56.45142857142857,53.608333333333334,,58.75,55.6,53.39,,4.048475128563646,-0.0245106382978723,0.030755395683453254,0.07342198913654245,
2016-12-15,59.24,58.23142857142857,56.81,54.01433333333333,,58.7,55.21,52.88,,4.081596989399598,0.009199318568994874,0.07299402282195257,0.12027231467473523,
2016-12-16,57.4,58.03857142857144,57.08571428571429,54.36166666666667,,59.06,56.25,53.31,,4.050044303325521,-0.028107009820521566,0.020444444444444418,0.07672106546614137,
2016-12-19,57.85,57.917142857142856,57.32357142857143,54.72266666666667,,56.98,55.6,,,4.0578534536396855,0.015268515268515349,0.040467625899280574,,
2016-12-20,59.15,57.93000000000001,57.57714285714286,55.10666666666667,,57.58,57.0,,,4.080076590424396,0.027266411948593267,0.037719298245614014,,
2016-12-21,59.5,58.290000000000006,57.88357142857143,55.482,,57.31,58.75,52.9,,4.085976312551584,0.03821322631303433,0.01276595744680851,0.12476370510396978,
2016-12-22,58.51,58.42285714285715,58.045,55.778000000000006,,59.24,58.7,53.6,,4.069197679800145,-0.012322754895341053,-0.0032367972742760615,0.09160447761194024,
2016-12-23,58.78,58.63285714285714,58.27214285714285,56.02133333333334,,57.4,59.06,54.3,,4.073801660990771,0.02404181184668994,-0.00474094141550967,0.08250460405156546,
2016-12-27,58.51,58.528571428571425,58.379999999999995,56.24166666666667,,59.15,57.58,,,4.069197679800145,-0.010819949281487752,0.016151441472733584,,
2016-12-28,57.72,58.574285714285715,58.30642857142857,56.386,,59.5,57.31,53.54,,4.05560373390567,-0.02991596638655464,0.007154074332577151,0.07807246918192005,
2016-12-29,57.41,58.51142857142857,58.21428571428571,56.537,,58.51,59.24,54.52,,4.050218504179545,-0.018800205093146494,-0.030891289669142563,0.05300807043286855,
2016-12-30,57.86,58.32714285714285,58.128571428571426,56.68866666666667,,58.78,57.4,55.6,,4.058026299547989,-0.015651582170806425,0.00801393728222998,0.040647482014388454,
2017-01-03,57.09,57.98285714285714,58.13642857142857,56.796,,58.51,59.15,,43.16,4.044628969976168,-0.02426935566569808,-0.03482671174978859,,0.3227525486561633
2017-01-04,58.1,57.92428571428571,58.173571428571435,56.94133333333333,,57.72,59.5,55.6,42.99,4.062165663857866,0.006583506583506628,-0.023529411764705858,0.044964028776978415,0.35147708769481273
2017-01-05,58.07,57.82285714285714,58.22785714285714,57.11366666666667,,57.41,58.51,57.0,42.24,4.061649179383958,0.011496255007838421,-0.0075200820372585495,0.01877192982456141,0.3747632575757575
2017-01-06,56.27,57.502857142857145,58.01571428571429,57.20266666666667,,57.86,58.78,58.75,,4.030161533445187,-0.02748012443829928,-0.04270159918339568,-0.04221276595744675,
2017-01-09,56.13,57.27571428571429,57.925000000000004,57.26366666666666,,,,,42.12,4.027670428954108,,,,0.33262108262108275
2017-01-10,58.05,57.367142857142866,57.93928571428571,57.391333333333336,,57.09,58.51,,42.17,4.061304708143901,0.01681555438780861,-0.007861903948043085,,0.3765710220535925
2017-01-11,56.08,57.112857142857145,57.720000000000006,57.476,,58.1,57.72,56.98,43.58,4.0267792427263345,-0.03476764199655771,-0.028413028413028424,-0.01579501579501577,0.2868288205598899
2017-01-12,56.32,57.00285714285714,57.49285714285714,57.535999999999994,,58.07,57.41,57.58,43.78,4.0310497118497866,-0.030136042707077666,-0.01898623933112692,-0.021882598124348698,0.28643216080402006
2017-01-13,56.58,56.785714285714285,57.355000000000004,57.568666666666665,,56.27,57.86,57.31,,4.035655565873421,0.005509152301403859,-0.022122364327687542,-0.01273774210434486,
2017-01-17,55.22,56.37857142857143,57.10071428571429,57.568999999999996,,58.05,57.09,,47.01,4.011325206502009,-0.04875107665805337,-0.032755298651252485,,0.1746436928313125
2017-01-18,56.4,56.39714285714285,56.95,57.574,,56.08,58.1,57.85,47.5,4.032469158504013,0.005706134094151218,-0.029259896729776295,-0.025064822817631855,0.18736842105263155
2017-01-19,55.81,56.35142857142857,56.81357142857143,57.581,,56.32,58.07,59.15,47.51,4.021953064800342,-0.009055397727272691,-0.03891854658171169,-0.0564666103127641,0.17470006314460124
2017-01-20,56.68,56.15571428571428,56.761428571428574,57.57033333333334,,56.58,56.27,59.5,,4.03742141482248,0.0017674089784376356,0.007286298205082576,-0.047394957983193285,
2017-01-23,55.82,56.11857142857143,56.61571428571428,57.47266666666667,,,56.13,,48.66,4.022132228108176,,-0.0055228932834491765,,0.14714344430743947
2017-01-24,55.5,56.00142857142857,56.50214285714286,57.366,,55.22,58.05,,48.09,4.0163830207523885,0.005070626584570828,-0.043927648578811325,,0.1540860885839051
2017-01-25,56.08,55.93,56.35785714285714,57.266666666666666,,56.4,56.08,,48.24,4.0267792427263345,-0.0056737588652482325,0.0,,0.16252072968490872
2017-01-26,57.01,56.185714285714276,56.28214285714286,57.26766666666667,,55.81,56.32,58.51,48.05,4.043226691043491,0.021501523024547494,0.012251420454545414,-0.025636643308836096,0.18647242455775237
2017-01-27,54.25,55.878571428571426,56.137857142857136,57.15666666666666,,56.68,56.58,57.72,,3.993602992420569,-0.042872265349329565,-0.0411806291975963,-0.0601178101178101,
2017-01-30,53.77,55.58714285714286,55.96928571428571,57.03866666666667,,55.82,,,47.82,3.9847156908215866,-0.03672518810462195,,,0.12442492680886665
2017-01-31,54.04,55.21,55.68285714285714,56.86533333333333,,55.5,55.22,,47.06,3.989724513091998,-0.026306306306306322,-0.021369069177834113,,0.14832129196770075
2017-02-01,53.88,54.932857142857145,55.52571428571429,56.748,,56.08,56.4,,46.98,3.986759351542163,-0.039229671897289514,-0.04468085106382972,,0.1468710089399746
2017-02-02,53.3,54.61857142857143,55.31,56.59633333333333,,57.01,55.81,57.09,47.02,3.975936331171799,-0.06507630240308719,-0.044974018993012094,-0.06638640742686996,0.13356018715440224
2017-02-03,54.94,54.455714285714286,55.192857142857136,56.455999999999996,,54.25,56.68,58.1,,4.006241680667128,0.012718894009216547,-0.030698659139026148,-0.0543889845094665,
2017-02-06,55.66,54.262857142857136,55.22428571428571,56.327999999999996,,53.77,55.82,,48.24,4.019261756097745,0.03514971173516818,-0.0028663561447510514,,0.15381426202321713
2017-02-07,54.05,54.23428571428572,55.05642857142857,56.17933333333333,,54.04,55.5,,49.63,3.9899095440852173,0.0001850481125092156,-0.02612612612612618,,0.08905903687285904
2017-02-08,52.67,54.07714285714285,54.832142857142856,55.97566666666667,,53.88,56.08,56.13,51.48,3.964046033495298,-0.022457312546399422,-0.0608059914407988,-0.0616426153572065,0.02311577311577321
2017-02-09,53.74,54.034285714285716,54.622142857142855,55.81666666666667,52.76288888888889,53.3,57.01,58.05,51.9,3.984157603187345,0.008255159474671762,-0.057358358182774884,-0.07424633936261835,0.03545279383429679
2017-02-10,53.88,54.03428571428571,54.48357142857143,55.68866666666666,52.87555555555556,54.94,54.25,56.08,,3.986759351542163,-0.019293775027302423,-0.006820276497695806,-0.039229671897289514,
2017-02-13,54.36,54.18571428571429,54.402142857142856,55.587,52.99466666666666,55.66,53.77,,52.88,3.995628589282943,-0.023356090549766388,0.010972661335317022,,0.027987897125567263
2017-02-14,53.08,53.92,54.18785714285714,55.42766666666667,53.10488888888889,54.05,54.04,,53.31,3.9718002094640066,-0.017946345975948175,-0.017764618800888247,,-0.004314387544550815
2017-02-15,53.24,53.574285714285715,53.91857142857143,55.29933333333334,53.21877777777778,52.67,53.88,,53.87,3.974809993526911,0.010822099867097024,-0.011878247958426142,,-0.011694820865045396
2017-02-16,52.35,53.33142857142857,53.78285714285715,55.10766666666667,53.331111111111106,53.74,53.3,55.22,53.74,3.9579519373165457,-0.025865277260885756,-0.017823639774859207,-0.05197392249185073,-0.025865277260885756
2017-02-17,51.38,53.14714285714286,53.612142857142864,54.88466666666667,53.425555555555555,53.88,54.94,56.4,,3.9392489916817377,-0.046399406087602076,-0.06479796141244987,-0.0890070921985815,
2017-02-21,51.74,52.861428571428576,53.44785714285714,54.733666666666664,53.53244444444444,53.08,54.05,,54.3,3.946231176757883,-0.025244913338357128,-0.04273820536540232,,-0.047145488029465846
2017-02-22,51.65,52.542857142857144,53.28857142857142,54.58433333333333,53.637777777777785,53.24,52.67,55.82,,3.9444901955656477,-0.02986476333583778,-0.019365862920068408,-0.07470440702257258,
2017-02-23,51.43,52.12428571428571,53.154999999999994,54.36366666666666,53.725,52.35,53.74,55.5,54.22,3.940221659786825,-0.01757402101241646,-0.042984741347227434,-0.07333333333333333,-0.051457026927333074
2017-02-24,51.92,51.95857142857143,52.939285714285724,54.225,53.81544444444444,51.38,53.88,56.08,,3.9497040723958348,0.010509926041261174,-0.036377134372680045,-0.0741797432239657,
2017-02-27,53.16,51.94714285714286,52.760714285714286,54.11966666666667,53.919222222222224,,54.36,,54.52,3.9733062338450447,,-0.022075055187638023,,-0.02494497432135008
2017-02-28,52.21,51.92714285714286,52.62928571428572,53.974000000000004,53.99711111111112,51.74,53.08,,55.6,3.955274047422461,0.009083880943177403,-0.01639035418236619,,-0.06097122302158274
2017-03-01,53.8,52.27285714285714,52.71,53.92666666666667,54.07255555555555,51.65,53.24,53.77,55.21,3.9852734671677386,0.04162633107454015,0.010518407212621997,0.0005579319323041478,-0.025538851657308525
2017-03-02,51.15,52.18857142857143,52.525,53.751666666666665,54.11311111111112,51.43,52.35,54.04,56.25,3.9347624923976356,-0.005444293214077409,-0.022922636103151917,-0.05347890451517396,-0.09066666666666669
2017-03-03,52.62,52.32714285714286,52.435,53.64533333333334,54.16988888888889,51.92,51.38,53.88,,3.9630962756121466,0.01348228043143289,0.02413390424289597,-0.023385300668151542,
2017-03-06,52.77,52.51857142857143,52.32142857142857,53.515,54.23577777777777,53.16,,,57.0,3.9659428474175766,-0.007336343115124031,,,-0.07421052631578942
2017-03-07,51.41,52.44571428571429,52.20214285714286,53.368,54.266333333333336,52.21,51.74,,58.75,3.9398327060674134,-0.015322735108216898,-0.006378044066486382,,-0.12493617021276601
2017-03-08,52.18,52.30571428571428,52.12642857142857,53.257333333333335,54.31177777777777,53.8,51.65,55.66,58.7,3.9546992797085823,-0.03011152416356873,0.010261374636979693,-0.06252245777937472,-0.11107325383304945
2017-03-09,51.52,52.207142857142856,52.067142857142855,53.105333333333334,54.348222222222226,51.15,51.43,54.05,59.06,3.9419700817960983,0.0072336265884653875,0.0017499513902392264,-0.046808510638297766,-0.12766677954622416
2017-03-10,52.01,51.951428571428565,52.11214285714285,52.93866666666667,54.39222222222222,52.62,51.92,52.67,,3.9514360077849813,-0.011592550361079427,0.0017334360554698825,-0.012530852477691356,
2017-03-13,51.25,51.965714285714284,52.07714285714285,52.83866666666666,54.42911111111112,52.77,53.16,,57.58,3.9367156180185177,-0.028804244836081166,-0.03592927012791566,,-0.10993400486279956
2017-03-14,49.53,51.52428571428571,51.925714285714285,52.697333333333326,54.44811111111111,51.41,52.21,,57.31,3.902578546600146,-0.03656876094145099,-0.05133116261252633,,-0.1357529227010993
2017-03-15,50.83,51.24714285714286,51.88285714285714,52.590333333333334,54.49,52.18,53.8,54.36,59.24,3.928486731458811,-0.025871981602146443,-0.05520446096654273,-0.06493745401030171,-0.14196488858879142
2017-03-16,51.11,51.20428571428571,51.824999999999996,52.498000000000005,54.535888888888884,51.52,51.15,53.08,57.4,3.933980172780188,-0.007958074534161561,-0.000782013685239475,-0.03711379050489825,-0.10958188153310103
2017-03-17,50.91,51.02285714285715,51.66428571428571,52.41833333333334,54.57911111111111,52.01,52.62,53.24,,3.9300593679142444,-0.021149778888675284,-0.03249714937286205,-0.043764087152517006,
2017-03-20,51.1,50.962857142857146,51.584999999999994,52.290333333333336,54.617666666666665,51.25,52.77,,59.15,3.933784497209659,-0.002926829268292655,-0.03164676899753651,,-0.13609467455621296
2017-03-21,50.09,50.68857142857143,51.32,52.10466666666666,54.638222222222225,49.53,51.41,,59.5,3.9138213873695253,0.011306279022814501,-0.025675938533359137,,-0.1581512605042016
2017-03-22,50.48,50.57857142857143,51.27214285714286,51.98566666666667,54.647666666666666,50.83,52.18,,58.51,3.9215772182329576,-0.00688569742278185,-0.03257953238788813,,-0.13724149717996925
2017-03-23,50.3,50.68857142857142,51.10642857142857,51.90666666666666,54.63455555555555,51.11,51.52,51.74,58.78,3.9180050771056933,-0.015848170612404663,-0.0236801242236026,-0.02783146501739476,-0.14426675740047643
2017-03-24,50.7,50.67,50.95857142857143,51.80533333333333,54.62122222222222,50.91,52.01,51.65,,3.9259259105971376,-0.004124926340600938,-0.02518746394924044,-0.01839303000968046,
2017-03-27,50.98,50.651428571428575,50.927857142857135,51.708666666666666,54.59444444444444,51.1,51.25,,58.51,3.9314333989479695,-0.0023483365949120262,-0.00526829268292689,,-0.12869594941035722
2017-03-28,52.02,50.81,50.916428571428575,51.63066666666666,54.584888888888884,50.09,49.53,,57.72,3.9516282600205055,0.03853064483928927,0.05027256208358574,,-0.09875259875259867
2017-03-29,51.53,50.87142857142857,50.917142857142856,51.57899999999999,54.565111111111115,50.48,50.83,53.16,57.41,3.942164162340133,0.020800316957210862,0.0137713948455637,-0.03066215199398035,-0.10242118097892346
2017-03-30,52.19,51.17142857142857,50.93,51.544,54.54644444444445,50.3,51.11,52.21,57.86,3.9548909056553216,0.03757455268389663,0.02113089414987279,-0.0003830683777054803,-0.09799516073280334
2017-03-31,53.07,51.54142857142857,51.06,51.568,54.538999999999994,50.7,50.91,53.8,,3.9716117968398037,0.046745562130177463,0.04242781378903956,-0.013568773234200686,
2017-04-03,53.16,51.95,51.319285714285705,51.62733333333333,54.54188888888889,50.98,51.1,,57.09,3.9733062338450447,0.04276186739897999,0.04031311154598816,,-0.06883867577509208
2017-04-04,51.41,52.051428571428566,51.36071428571428,51.61633333333334,54.51755555555555,52.02,50.09,,58.1,3.9398327060674134,-0.011726259131103547,0.0263525653823117,,-0.11514629948364896
2017-04-05,50.9,52.040000000000006,51.34571428571429,51.59133333333333,54.479777777777784,51.53,50.48,52.77,58.07,3.929862923556477,-0.01222588783233073,0.008320126782884345,-0.03543680121281039,-0.12347167211985538
2017-04-06,51.75,52.00142857142857,51.40571428571429,51.602,54.452333333333335,52.19,50.3,51.41,56.27,3.9464244321454784,-0.008430733857060696,0.0288270377733599,0.006613499319198666,-0.08032699484627694
2017-04-07,51.85,52.04714285714285,51.45928571428571,51.599666666666664,54.43355555555556,53.07,50.7,52.18,,3.948354934675536,-0.022988505747126416,0.022682445759368806,-0.006324262169413536,
2017-04-10,51.81,51.99285714285714,51.582142857142856,51.55466666666667,54.40344444444444,53.16,50.98,,58.05,3.947583180826697,-0.025395033860045043,0.016280894468419096,,-0.1074935400516795
2017-04-11,52.65,51.932857142857145,51.73714285714285,51.56933333333334,54.37066666666667,51.41,52.02,,56.08,3.9636662385799846,0.024119821046489052,0.012110726643598527,,-0.061162624821683303
2017-04-12,54.03,52.05714285714286,52.003571428571426,51.577000000000005,54.35755555555556,50.9,51.53,51.25,56.32,3.9895394478559743,0.06149312377210221,0.04851542790607413,0.05424390243902441,-0.04066051136363635
2017-04-13,53.51,52.357142857142854,52.20428571428571,51.65566666666667,54.327111111111115,51.75,52.19,49.53,56.58,3.979868552323213,0.03400966183574875,0.025292201571182227,0.08035534019785982,-0.05425945563803465
2017-04-17,53.83,52.77571428571429,52.40785714285715,51.696,54.30744444444444,51.81,53.16,,55.22,3.985830932572866,0.0389886122370198,0.012603461249059476,,-0.025172039116262236
2017-04-18,56.22,53.41428571428571,52.707857142857144,51.811,54.29877777777777,52.65,51.41,,56.4,4.029272565478386,0.06780626780626782,0.09356156389807435,,-0.0031914893617021227
2017-04-19,57.72,54.252857142857145,53.15,52.02133333333334,54.28733333333333,54.03,50.9,51.1,55.81,4.05560373390567,0.06829539144919484,0.13398821218074658,0.12954990215264184,0.03422325748073816
2017-04-20,58.5,55.20857142857143,53.60071428571429,52.232,54.28511111111111,53.51,51.75,50.09,56.68,4.069026754237811,0.09325359745841903,0.13043478260869565,0.16789778398882005,0.03211009174311927
2017-04-21,58.46,56.03857142857142,53.98571428571428,52.46333333333334,54.27844444444444,,51.85,50.48,,4.0683427596831,,0.1274831243972999,0.158082408874802,
2017-04-24,58.0,56.605714285714285,54.33142857142857,52.663000000000004,54.28977777777778,53.83,51.81,,55.5,4.060443010546419,0.07746609697194876,0.11947500482532325,,0.04504504504504504
2017-04-25,57.87,57.228571428571435,54.792857142857144,52.88366666666666,54.293,56.22,52.65,,56.08,4.058199115585747,0.029348986125933806,0.09914529914529913,,0.031918687589158334
2017-04-26,57.95,57.817142857142855,55.29642857142857,53.16433333333334,54.3001111111111,57.72,54.03,50.98,57.01,4.059580569785761,0.003984753984754054,0.07255228576716642,0.13672028246371137,0.016488335379758023
2017-04-27,57.53,58.00428571428572,55.70928571428571,53.38766666666666,54.281111111111116,58.5,53.51,52.02,54.25,4.052306550875202,-0.016581196581196563,0.07512614464586065,0.10592079969242595,0.06046082949308758
2017-04-28,57.27,57.94,56.096428571428575,53.592999999999996,54.27966666666667,58.46,,51.53,,4.047776926405766,-0.020355798836811455,,0.11139142247234624,
2017-05-01,57.6,57.81142857142857,56.51,53.816,54.27688888888889,58.0,53.83,,54.04,4.053522567701846,-0.006896551724137907,0.07003529630317673,,0.0658771280532939
2017-05-02,59.51,57.96142857142858,57.0,54.096333333333334,54.280888888888896,57.87,56.22,,53.88,4.086144365656761,0.02833938137204079,0.05852009960868017,,0.10449146250927979
2017-05-03,59.74,58.21,57.40785714285715,54.418000000000006,54.28355555555556,57.95,57.72,53.16,53.3,4.090001812787964,0.030888697152717845,0.03499653499653505,0.12377727614747942,0.12082551594746727
2017-05-04,59.28,58.41142857142857,57.82,54.711333333333336,54.29211111111111,57.53,58.5,51.41,54.94,4.082271980987832,0.03041891187206675,0.013333333333333353,0.15308305777086179,0.07899526756461601
2017-05-05,59.19,58.58857142857143,58.20285714285715,55.00766666666666,54.296666666666674,57.27,58.46,50.9,,4.080752608702634,0.03352540597171284,0.012487170715018762,0.16286836935166993,
2017-05-08,57.43,58.574285714285715,58.28928571428571,55.232,54.284666666666666,57.6,58.0,,54.05,4.0505668148762055,-0.0029513888888889183,-0.009827586206896556,,0.06253469010175768
2017-05-09,56.11,58.40857142857143,58.17428571428571,55.403000000000006,54.26677777777778,59.51,57.87,,52.67,4.0273140497628805,-0.05713325491514029,-0.030412994643165683,,0.06531232200493635
2017-05-10,55.77,58.14714285714285,57.97928571428571,55.528000000000006,54.248555555555555,59.74,57.95,51.81,53.74,4.021236090401462,-0.06645463675929024,-0.03761863675582398,0.07643312101910829,0.03777446966877561
2017-05-11,55.32,57.54857142857143,57.755,55.654333333333334,54.22033333333333,59.28,57.53,52.65,53.88,4.013134506796558,-0.0668016194331984,-0.03841474013558145,0.050712250712250745,0.026726057906458753
2017-05-12,55.09,56.88428571428572,57.547142857142866,55.751,54.19811111111111,59.19,57.27,54.03,,4.008968211484625,-0.06926845750971439,-0.03806530469704906,0.019618730334999116,
2017-05-15,55.48,56.34142857142857,57.37642857142857,55.83133333333333,54.169,57.43,57.6,,53.08,4.016022595446631,-0.03395437924429746,-0.03680555555555563,,0.04521477015825167
2017-05-16,54.98,55.74,57.16428571428571,55.892,54.13466666666667,56.11,59.51,,53.24,4.0069694827371,-0.02013901265371596,-0.07612166022517226,,0.03268219383921853
2017-05-17,53.63,55.19714285714286,56.885714285714286,55.966,54.10533333333333,55.77,59.74,53.83,52.35,3.9821086129948338,-0.03837188452573069,-0.10227653163709406,-0.003715400334385951,0.024450811843362008
2017-05-18,53.76,54.86142857142857,56.635,56.06133333333334,54.07899999999999,55.32,59.28,56.22,51.38,3.984529696214894,-0.028199566160520648,-0.09311740890688264,-0.04375667022411955,0.04632152588555849
2017-05-19,53.82,54.582857142857144,56.365,56.13033333333333,54.032000000000004,55.09,59.19,57.72,,3.9856451452987596,-0.023053185696133655,-0.09072478459199185,-0.06756756756756754,
2017-05-22,53.0,54.25142857142857,55.9,56.16866666666667,53.99777777777778,55.48,57.43,,51.74,3.970291913552122,-0.04470079307858683,-0.07713738464217308,,0.024352531890220293
2017-05-23,53.12,53.96999999999999,55.42714285714286,56.212333333333326,53.962222222222216,54.98,56.11,,51.65,3.9725535051681784,-0.03383048381229537,-0.053288183924434185,,0.028460793804453027
2017-05-24,52.07,53.48285714285714,54.912142857142854,56.193,53.912111111111116,53.63,55.77,58.0,51.43,3.952588967174808,-0.02908819690471755,-0.0663439124977587,-0.10224137931034483,0.012444098775034038
2017-05-25,54.15,53.364285714285714,54.55214285714286,56.196999999999996,53.90022222222222,53.76,55.32,57.87,51.92,3.9917579734469997,0.007254464285714296,-0.021149674620390486,-0.06428201140487297,0.04295069337442212
2017-05-26,54.26,53.45428571428572,54.32571428571429,56.221999999999994,53.876444444444445,53.82,55.09,57.95,,3.9937873072307855,0.008175399479747264,-0.01506625521873308,-0.06367558239861958,
2017-05-30,53.12,53.362857142857145,54.112142857142864,56.19833333333334,53.846555555555554,53.12,54.98,,53.8,3.9725535051681784,0.0,-0.03383048381229537,,-0.012639405204460961
2017-05-31,53.1,53.26,53.92142857142857,56.09433333333333,53.80677777777778,52.07,53.63,57.6,51.15,3.9721769282478934,0.01978106395237183,-0.009882528435577123,-0.078125,0.038123167155425276
2017-06-01,54.36,53.45428571428572,53.85285714285714,55.98233333333334,53.79055555555555,54.15,53.76,59.51,52.62,3.995628589282943,0.0038781163434903204,0.011160714285714312,-0.0865400772979331,0.03306727480045614
2017-06-02,55.83,53.84142857142857,53.90571428571428,55.89333333333333,53.79422222222222,54.26,53.82,59.74,,4.022311359322269,0.02893475856984888,0.0373467112597547,-0.0654502845664547,
2017-06-05,56.32,54.44857142857143,53.965714285714284,55.821999999999996,53.79688888888888,,53.0,,51.41,4.0310497118497866,,0.06264150943396227,,0.0955067107566622
2017-06-06,56.42,54.77285714285714,54.06857142857143,55.76933333333333,53.790333333333336,53.12,53.12,,52.18,4.0328237055738505,0.0621234939759037,0.0621234939759037,,0.0812571866615562
2017-06-07,55.41,54.93714285714286,54.19571428571429,55.687333333333335,53.803222222222225,53.1,52.07,57.43,51.52,4.014760082879258,0.04350282485875697,0.0641444209717687,-0.035173254396656854,0.07550465838509304
2017-06-08,55.85,55.32714285714285,54.345000000000006,55.617333333333335,53.82633333333333,54.36,54.15,56.11,52.01,4.02266952551521,0.027409860191317182,0.031394275161588235,-0.004633755123863804,0.07383195539319369
2017-06-09,54.78,55.56714285714286,54.41357142857142,55.525666666666666,53.83455555555555,55.83,54.26,55.77,,4.0033251638349325,-0.01880709296077373,0.009583486914854463,-0.017751479289940864,
2017-06-12,54.2,55.544285714285714,54.49928571428571,55.42333333333333,53.838111111111104,56.32,,,49.53,3.9926809084456005,-0.03764204545454541,,,0.09428629113668487
2017-06-13,54.21,55.31285714285715,54.57714285714285,55.31033333333333,53.84822222222221,56.42,53.12,,50.83,3.992865393272247,-0.03917050691244241,0.020519578313253076,,0.0664961636828645
2017-06-14,53.9,54.96714285714285,54.70785714285715,55.12333333333333,53.836666666666666,55.41,53.1,55.48,51.11,3.9871304779149512,-0.027251398664500957,0.015065913370998062,-0.028478731074260966,0.05458814322050478
2017-06-15,52.83,54.45428571428572,54.613571428571426,54.893,53.80522222222223,55.85,54.36,54.98,50.91,3.9670792111762245,-0.054073410922112854,-0.028145695364238433,-0.039105129137868296,0.03771361225692402
2017-06-16,52.71,54.06857142857143,54.50285714285714,54.67399999999999,53.790333333333336,54.78,55.83,53.63,,3.9648051908671156,-0.037787513691128156,-0.05588393336915632,-0.01715457766175651,
2017-06-19,53.95,53.797142857142866,54.56214285714286,54.49933333333333,53.80455555555555,54.2,56.32,,50.09,3.9880576917041437,-0.004612546125461255,-0.04208096590909086,,0.07706128967857855
2017-06-20,52.95,53.535714285714285,54.55142857142857,54.35,53.79577777777778,54.21,56.42,,50.48,3.9693480720474157,-0.02324294410625342,-0.06150301311591632,,0.04893026941362928
2017-06-21,52.81,53.33714285714286,54.44071428571429,54.239999999999995,53.78388888888889,53.9,55.41,53.0,50.3,3.966700566718842,-0.020222634508348727,-0.046922938097816176,-0.0035849056603773155,0.04990059642147128
2017-06-22,52.53,53.09714285714285,54.205,54.132,53.763555555555556,52.83,55.85,53.12,50.7,3.9613844349658702,-0.005678591709256051,-0.059444941808415405,-0.011106927710843305,0.03609467455621298
2017-06-23,52.55,52.90428571428571,53.935714285714276,54.03966666666667,53.75766666666667,52.71,54.78,52.07,,3.96176509732296,-0.0030354771390628667,-0.040708287696239576,0.009218359900134374,
2017-06-26,52.34,52.83428571428572,53.644285714285715,53.948,53.74766666666667,53.95,54.2,,52.02,3.9577608971019997,-0.02984244670991658,-0.03431734317343172,,0.006151480199923112
2017-06-27,52.58,52.815714285714286,53.44214285714286,53.85133333333333,53.75022222222223,52.95,54.21,,51.53,3.9623358193017353,-0.006987724268177612,-0.03006825308983587,,0.02037647972055108
2017-06-28,52.37,52.589999999999996,53.19357142857143,53.76433333333333,53.76122222222222,52.81,53.9,,52.19,3.9583339082913964,-0.008331755349365741,-0.028385899814471264,,0.003448936577888479
2017-06-29,52.09,52.46714285714285,53.00142857142857,53.712999999999994,53.76511111111112,52.53,52.83,53.12,53.07,3.9529729917571004,-0.008376166000380691,-0.014007192882831627,-0.019390060240963743,-0.01846617674769167
2017-06-30,51.65,52.30142857142857,52.81928571428572,53.64266666666666,53.76511111111111,52.55,52.71,53.1,,3.9444901955656477,-0.017126546146527092,-0.02011003604629107,-0.02730696798493414,
2017-07-03,51.05,52.089999999999996,52.59357142857142,53.550333333333334,53.760888888888886,52.34,53.95,,51.41,3.9328055446106744,-0.02464654184180371,-0.053753475440222534,,-0.007002528690916153
2017-07-05,51.75,51.97571428571429,52.44,53.50866666666666,53.75900000000001,52.37,52.81,56.32,51.75,3.9464244321454784,-0.011838839029978947,-0.02007195606892638,-0.08114346590909091,0.0
2017-07-06,51.26,51.82142857142857,52.32785714285715,53.44666666666667,53.73788888888889,52.09,52.53,56.42,51.85,3.936910720935925,-0.01593396045306211,-0.02417666095564445,-0.09145693016660765,-0.011378977820636517
2017-07-07,53.46,51.94714285714286,52.38142857142857,53.493,53.751777777777775,51.65,52.55,55.41,,3.978933710710773,0.035043562439496655,0.017316841103710824,-0.035192203573362134,
2017-07-10,52.18,51.92,52.254999999999995,53.42733333333334,53.733777777777775,51.05,52.34,,52.65,3.9546992797085823,0.022135161606268414,-0.0030569354222392754,,-0.008926875593542239
2017-07-11,52.28,51.94714285714286,52.207142857142856,53.36133333333334,53.74633333333333,,52.58,,54.03,3.956613888756021,,-0.005705591479650003,,-0.032389413288913566
2017-07-12,53.01,52.14142857142857,52.22142857142857,53.35766666666667,53.75066666666666,51.75,52.37,54.2,53.51,3.9704805749997147,0.024347826086956483,0.012220737063204135,-0.02195571955719566,-0.009344047841524948
2017-07-13,53.22,52.45142857142857,52.270714285714284,53.36166666666667,53.75566666666667,51.26,52.09,54.21,,3.9744342655495433,0.03823644166991808,0.02169322326742168,-0.01826231322634204,
2017-07-14,53.17,52.65428571428571,52.315000000000005,53.321999999999996,53.77522222222222,53.46,51.65,53.9,,3.973494327516247,-0.005424616535727631,0.02942884801548893,-0.013543599257884915,
2017-07-17,53.4,52.959999999999994,52.39071428571429,53.241,53.788777777777774,52.18,51.05,,56.22,3.977810745966149,0.023380605596013775,0.04603330068560238,,-0.050160085378868735
2017-07-18,52.06,52.76,52.35357142857142,53.099000000000004,53.794777777777774,52.28,,,57.72,3.9523968995664194,-0.004208110175975495,,,-0.098059598059598
2017-07-19,51.95,52.72714285714285,52.32357142857143,52.95,53.79411111111111,53.01,51.75,53.95,58.5,3.9502817175452365,-0.01999622712695709,0.003864734299516963,-0.03707136237256719,-0.11196581196581191
2017-07-20,50.57,52.48285714285714,52.214999999999996,52.788666666666664,53.78655555555555,53.22,51.26,52.95,58.46,3.9233585150918917,-0.04979331078541899,-0.013460788138899683,-0.044948064211520346,-0.1349640780020527
2017-07-21,50.12,52.07,52.10571428571428,52.59766666666667,53.79311111111111,53.17,53.46,52.81,,3.9144201300278674,-0.057363174722588006,-0.06247661803217365,-0.05093732247680372,
2017-07-24,49.02,51.470000000000006,51.96071428571429,52.40566666666667,53.772999999999996,53.4,52.18,,57.87,3.8922283780999667,-0.08202247191011228,-0.060559601379838957,,-0.15292897874546388
2017-07-25,48.66,50.825714285714284,51.74,52.221,53.745777777777775,52.06,52.28,,57.95,3.8848573373553763,-0.06530925854782954,-0.0692425401683245,,-0.16031061259706653
2017-07-26,48.85,50.175714285714285,51.56785714285714,52.04233333333333,53.722888888888896,51.95,53.01,52.34,57.53,3.888754378488792,-0.059672762271414846,-0.0784757592906998,-0.06667940389759269,-0.15087780288545105
2017-07-27,40.07,48.462857142857146,50.61142857142857,51.58133333333333,53.60033333333333,50.57,53.22,52.58,57.27,3.6906279246480533,-0.20763298398259838,-0.24708756106726792,-0.23792316470140734,-0.30033176182992843
2017-07-28,39.71,46.714285714285715,49.72071428571429,51.144,53.485,50.12,53.17,52.37,,3.6816030451431603,-0.20770151636073417,-0.25315027271017493,-0.24174145503150654,
2017-07-31,38.85,45.04,48.761428571428574,50.682,53.35577777777778,49.02,53.4,,59.51,3.6597080768136565,-0.20746634026927788,-0.2724719101123595,,-0.3471685431019996
2017-08-01,40.79,43.70714285714286,47.88857142857143,50.24333333333334,53.25011111111111,48.66,52.06,,59.74,3.708436953329467,-0.16173448417591446,-0.21648098348059935,,-0.317207900903917
2017-08-02,40.6,42.50428571428571,46.987142857142864,49.83166666666667,53.13788888888889,48.85,51.95,51.05,59.28,3.703768066607687,-0.16888433981576254,-0.21847930702598653,-0.20470127326150825,-0.31511470985155193
2017-08-03,39.28,41.16428571428572,45.995,49.38066666666667,53.00788888888889,40.07,50.57,,59.19,3.670715483486265,-0.019715497878712233,-0.223254894206051,,-0.3363743875654671
2017-08-04,39.05,39.76428571428572,44.96999999999999,48.93133333333333,52.863777777777784,39.71,50.12,51.75,,3.664842876285695,-0.01662049861495854,-0.22086991221069435,-0.24541062801932373,
2017-08-07,38.4,39.52571428571429,43.994285714285716,48.459666666666664,52.717888888888886,38.85,49.02,,56.11,3.648057459593681,-0.011583011583011655,-0.21664626682986543,,-0.3156300124754946
2017-08-08,38.08,39.292857142857144,43.003571428571426,47.98433333333333,52.56111111111111,40.79,48.66,,55.77,3.6396892099231644,-0.06643785241480757,-0.2174270448006576,,-0.3171956248879326
2017-08-09,38.0,39.17142857142857,42.105714285714285,47.498333333333335,52.39366666666667,40.6,48.85,52.18,55.32,3.6375861597263857,-0.0640394088669951,-0.2221084953940635,-0.27175162897661936,-0.31308749096167754
2017-08-10,37.61,38.71714285714285,41.21214285714286,47.00633333333334,52.22088888888888,39.28,40.07,52.28,55.09,3.627269972482245,-0.04251527494908355,-0.061392563014724254,-0.2806044376434583,-0.31729896532946095
2017-08-11,38.25,38.381428571428565,40.442857142857136,46.545,52.07466666666666,39.05,39.71,53.01,,3.644143560272545,-0.020486555697823233,-0.03676655754218083,-0.2784380305602716,
2017-08-14,38.22,38.230000000000004,39.69714285714286,46.09733333333333,51.93377777777778,38.4,38.85,,54.98,3.643358938812127,-0.004687499999999993,-0.016216216216216283,,-0.30483812295380136
2017-08-15,37.87,38.06142857142857,38.91285714285714,45.658,51.779555555555554,38.08,40.79,,53.63,3.634159241913703,-0.005514705882352964,-0.0715861730816377,,-0.29386537385791545
2017-08-16,38.28,38.044285714285714,38.785000000000004,45.208999999999996,51.62877777777778,38.0,40.6,53.4,53.76,3.6449275665847534,0.007368421052631609,-0.05714285714285715,-0.2831460674157303,-0.28794642857142855
2017-08-17,36.81,37.862857142857145,38.57785714285715,44.727333333333334,51.46211111111111,37.61,39.28,52.06,53.82,3.60576954739093,-0.021270938580164774,-0.06288187372708755,-0.2929312331924702,-0.3160535117056856
2017-08-18,36.7,37.67714285714286,38.42428571428571,44.16866666666667,51.28488888888888,38.25,39.05,51.95,,3.6027767550605247,-0.04052287581699339,-0.06017925736235581,-0.29355149181905676,
2017-08-21,36.54,37.52428571428572,38.12071428571429,43.64733333333333,51.090555555555554,38.22,38.4,,53.12,3.5984075509498608,-0.04395604395604395,-0.04843749999999999,,-0.3121234939759036
2017-08-22,35.85,37.18142857142857,37.78142857142857,43.099666666666664,50.89433333333333,37.87,38.08,,52.07,3.5793435670456293,-0.05334037496699224,-0.05856092436974782,,-0.3115037449587094
2017-08-23,34.75,36.68571428571429,37.457857142857144,42.491,50.68233333333333,38.28,38.0,49.02,54.15,3.548179572010801,-0.09221525600835949,-0.08552631578947369,-0.2911056711546308,-0.35826408125577097
2017-08-24,34.34,36.18142857142857,37.121428571428574,41.861666666666665,50.43922222222223,36.81,37.61,48.66,54.26,3.5363108554693294,-0.06710133116001084,-0.08694496144642372,-0.2942868886148786,-0.3671212679690379
2017-08-25,35.78,35.82428571428572,36.934285714285714,41.282000000000004,50.19544444444445,36.7,38.25,48.85,,3.5773890780805733,-0.02506811989100822,-0.06457516339869278,-0.267553735926305,
2017-08-28,35.76,35.674285714285716,36.76857142857143,40.693999999999996,49.942777777777785,36.54,38.22,,53.12,3.576829950305313,-0.021346469622331724,-0.0643642072213501,,-0.32680722891566266
2017-08-29,35.49,35.50142857142857,36.589285714285715,40.141666666666666,49.687555555555555,35.85,37.87,,53.1,3.569250966658405,-0.010041841004184085,-0.06284658040665422,,-0.331638418079096
2017-08-30,34.46,35.20428571428572,36.364285714285714,39.55866666666667,49.426,34.75,38.28,38.85,54.36,3.5397992310997837,-0.00834532374100717,-0.09979101358411703,-0.112998712998713,-0.3660779985283296
2017-08-31,34.05,34.94714285714286,36.06428571428572,39.008,49.16133333333334,34.34,36.81,40.79,55.83,3.527830032595521,-0.008444962143273333,-0.07497962510187463,-0.16523657759254726,-0.3901128425577647
2017-09-01,34.03,34.84428571428571,35.765,38.471666666666664,48.89555555555556,35.78,36.7,40.6,,3.5272424885128144,-0.04891000558971492,-0.07275204359673029,-0.16182266009852217,
2017-09-05,32.51,34.582857142857144,35.38214285714286,37.92133333333333,48.617555555555555,35.49,35.85,,55.41,3.481547734315814,-0.08396731473654562,-0.09316596931659703,,-0.41328280093845876
2017-09-06,32.09,34.05571428571429,34.940000000000005,37.36900000000001,48.33777777777778,34.46,34.75,38.4,55.85,3.4685444551217657,-0.06877539175856058,-0.07654676258992796,-0.16432291666666654,-0.4254252461951656
2017-09-07,32.32,33.56428571428571,34.619285714285716,36.818,48.056888888888885,34.05,34.34,38.08,54.78,3.4756862336528944,-0.050807635829662176,-0.05882352941176479,-0.15126050420168063,-0.4100036509675064
2017-09-08,33.1,33.222857142857144,34.362142857142864,36.58566666666666,47.763444444444445,34.03,35.78,38.0,,3.4995332823830174,-0.02732882750514251,-0.07490217998882057,-0.1289473684210526,
2017-09-11,34.63,33.24714285714286,34.22571428571429,36.416333333333334,47.484444444444435,,35.76,,54.21,3.5447203584143305,,-0.03159955257270681,,-0.361187972698764
2017-09-12,34.89,33.36714285714286,34.15714285714286,36.28433333333334,47.21344444444445,32.51,35.49,,53.9,3.5522002551986827,0.0732082436173486,-0.016906170752324638,,-0.35269016697588124
2017-09-13,34.91,33.49285714285714,34.16857142857143,36.08833333333333,46.94366666666666,32.09,34.46,38.22,52.83,3.5527733211169448,0.08787784356497329,0.013058618688334177,-0.0866038723181581,-0.339201211432898
2017-09-14,34.83,33.824285714285715,34.20357142857143,35.895999999999994,46.69255555555556,32.32,34.05,37.87,52.71,3.5504790843779097,0.07766089108910885,0.022907488986784175,-0.08027462371270133,-0.3392145702902675
2017-09-15,33.69,34.05285714285714,34.05428571428571,35.709666666666664,46.443444444444445,33.1,34.03,38.28,,3.5172010574184616,0.01782477341389717,-0.00999118424919199,-0.11990595611285275,
2017-09-18,32.95,34.142857142857146,33.85357142857143,35.50633333333334,46.18988888888889,34.63,,,52.95,3.4949912609485163,-0.04851285012994512,,,-0.37771482530689326
2017-09-19,32.63,34.075714285714284,33.64928571428571,35.314,45.93777777777778,34.89,32.51,,52.81,3.4852321106052293,-0.06477500716537685,0.003691171947093342,,-0.38212459761408823
2017-09-20,32.7,33.8,33.52357142857143,35.13466666666667,45.689,34.91,32.09,36.54,52.53,3.487375077903208,-0.06330564308221123,0.01900903708320347,-0.10509031198686361,-0.37749857224443173
2017-09-21,34.01,33.674285714285716,33.520714285714284,35.001666666666665,45.45044444444444,34.83,32.32,35.85,52.55,3.526654599019104,-0.02354292276772898,0.05228960396039597,-0.051324965132496604,-0.3528068506184586
2017-09-22,33.71,33.502857142857145,33.49785714285714,34.87166666666667,45.21411111111111,33.69,33.1,34.75,,3.5177945292459696,0.0005936479667558067,0.018429003021148017,-0.02992805755395681,
2017-09-25,34.15,33.40571428571429,33.615,34.735,44.99766666666667,32.95,34.63,,52.58,3.530762586016799,0.036418816388467244,-0.01386081432284158,,-0.3505135032331685
2017-09-26,33.67,33.402857142857144,33.72785714285714,34.583333333333336,44.77444444444444,32.63,34.89,,52.37,3.516607233172983,0.031872509960159334,-0.03496703926626537,,-0.35707466106549546
2017-09-27,33.5,33.48142857142857,33.81214285714286,34.43766666666667,44.54866666666667,32.7,34.91,35.76,52.09,3.5115454388310208,0.024464831804281256,-0.04038957318819813,-0.06319910514541381,-0.35688231906316
2017-09-28,33.53,33.61,33.84285714285714,34.279333333333334,44.33233333333334,34.01,34.83,35.49,51.65,3.512440560478137,-0.01411349603057915,-0.03732414585127755,-0.05522682445759371,-0.3508228460793804
2017-09-29,33.41,33.71142857142857,33.755714285714284,34.166000000000004,44.11333333333333,33.71,33.69,34.46,,3.508855256368665,-0.008899436369030088,-0.008311071534580028,-0.030470110272780158,
2017-10-02,33.67,33.66285714285714,33.66857142857143,34.065000000000005,43.90888888888889,34.15,32.95,,,3.516607233172983,-0.014055636896046761,0.02185128983308039,,
2017-10-03,36.06,33.99857142857143,33.75071428571429,34.049,43.70788888888889,33.67,32.63,,51.75,3.585184217775171,0.070983070983071,0.10511798958014096,,-0.3031884057971014
2017-10-04,35.56,34.2,33.80285714285714,34.03933333333334,43.50011111111111,33.5,32.7,,51.26,3.571221410645704,0.061492537313432905,0.08746177370030579,,-0.30628170113148645
2017-10-05,35.19,34.417142857142856,33.910000000000004,34.054,43.300888888888885,33.53,34.01,32.51,53.46,3.5607619513334936,0.04950790337011621,0.03469567774184063,0.0824361734850815,-0.3417508417508418
2017-10-06,35.24,34.66571428571429,34.073571428571434,34.083999999999996,43.102444444444444,33.41,33.71,32.09,,3.562181801067979,0.05477401975456467,0.045387125482052836,0.0981614210034278,
2017-10-09,35.02,34.878571428571426,34.244285714285716,34.05866666666667,42.88755555555556,33.67,34.15,,52.28,3.555919326857706,0.040095040095040134,0.025475841874085053,,-0.33014537107880637
2017-10-10,35.0,35.105714285714285,34.40857142857143,34.03333333333334,42.656111111111116,36.06,33.67,,53.01,3.5553480614894135,-0.029395452024403832,0.03950103950103945,,-0.3397472175061309
2017-10-11,34.65,35.245714285714286,34.45428571428572,34.00533333333333,42.41533333333333,35.56,33.5,34.63,53.22,3.5452977256359124,-0.025590551181102466,0.03432835820895518,0.0005775339301182795,-0.34892897406989853
2017-10-12,33.84,34.92857142857143,34.46357142857143,33.98466666666666,42.16444444444445,35.19,33.53,34.89,53.17,3.521643534738023,-0.03836317135549856,0.009245451834178416,-0.030094582975064406,-0.36355087455331947
2017-10-13,33.8,34.67714285714286,34.43857142857143,33.976333333333336,41.92433333333334,35.24,33.41,34.91,,3.520460802488973,-0.04086265607264486,0.01167315175097278,-0.03179604697794327,
2017-10-16,33.47,34.43142857142857,34.424285714285716,33.95766666666667,41.675666666666665,35.02,33.67,,52.06,3.510649515223235,-0.04426042261564832,-0.005940005940006024,,-0.3570879754129851
2017-10-17,34.87,34.378571428571426,34.52214285714286,34.03633333333333,41.45444444444444,35.0,36.06,,51.95,3.5516268606875596,-0.0037142857142857875,-0.0330005546311704,,-0.32877767083734366
2017-10-18,34.83,34.35142857142857,34.614999999999995,34.12766666666666,41.239222222222224,34.65,35.56,32.95,50.57,3.5504790843779097,0.005194805194805187,-0.020528683914510796,0.05705614567526541,-0.3112517302748666
2017-10-19,33.68,34.16285714285714,34.63428571428572,34.173,41.01111111111111,33.84,35.19,32.63,50.12,3.516904189374126,-0.004728132387706964,-0.042909917590224445,0.032178976402083885,-0.32801276935355145
2017-10-20,33.81,34.042857142857144,34.644285714285715,34.19666666666667,40.78788888888889,33.8,35.24,32.7,,3.520756616719795,0.00029585798816583183,-0.04057888762769579,0.03394495412844035,
2017-10-23,34.11,34.08142857142857,34.505,34.17933333333334,40.57988888888889,33.47,35.02,,48.66,3.5295905964305545,0.019121601434120124,-0.025985151342090337,,-0.29901356350184954
2017-10-24,34.41,34.168571428571425,34.42285714285714,34.163333333333334,40.376555555555555,34.87,35.0,,48.85,3.538347219809389,-0.013191855463148864,-0.016857142857142956,,-0.29559877175025595
2017-10-25,33.74,34.207142857142856,34.31928571428571,34.12433333333333,40.152,34.83,34.65,34.15,40.07,3.5186840771178223,-0.03129486075222499,-0.026262626262626165,-0.012005856515373253,-0.1579735462939855
2017-10-26,36.08,34.38,34.379285714285714,34.166000000000004,39.964555555555556,33.68,33.84,33.67,39.71,3.585738695194423,0.07125890736342039,0.06619385342789583,0.07157707157707147,-0.09141274238227153
2017-10-27,36.94,34.68142857142857,34.51642857142857,34.27433333333333,39.788222222222224,33.81,33.8,33.5,,3.609294974771094,0.09257616089914213,0.0928994082840237,0.10268656716417904,
2017-10-30,36.92,35.144285714285715,34.653571428571425,34.406666666666666,39.614777777777775,34.11,33.47,,40.79,3.6087534096346516,0.08238053356786873,0.10307738273080379,,-0.09487619514586902
2017-10-31,37.09,35.612857142857145,34.82785714285715,34.55533333333334,39.443,34.41,34.87,,40.6,3.6133473915014993,0.07788433594885229,0.06366504158302283,,-0.0864532019704433
2017-11-01,36.64,35.97428571428571,35.027857142857144,34.68666666666666,39.26855555555555,33.74,34.83,33.67,39.28,3.6011405398059297,0.08595139300533487,0.05196669537754816,0.08820908820908817,-0.06720977596741345
2017-11-02,35.52,36.13285714285714,35.15071428571429,34.736999999999995,39.07899999999999,36.08,33.68,36.06,39.05,3.5700959181239695,-0.015521064301551974,0.054631828978622426,-0.014975041597337745,-0.09039692701664519
2017-11-03,36.13,36.47428571428571,35.34071428571429,34.81766666666667,38.898555555555554,36.94,33.81,35.56,,3.587123545159549,-0.021927449918787093,0.06861875184856552,0.016029246344206983,
2017-11-06,36.29,36.50428571428572,35.442142857142855,34.889,38.723,36.92,34.11,,38.08,3.591542221224979,-0.01706392199349953,0.06391087657578422,,-0.04700630252100838
2017-11-07,35.05,36.23428571428572,35.457857142857144,34.934999999999995,38.53855555555556,37.09,34.41,,38.0,3.5567756134805992,-0.05500134807225684,0.018599244405696037,,-0.0776315789473685
2017-11-08,34.79,35.93,35.53714285714286,34.977999999999994,38.35788888888889,36.64,33.74,35.02,37.61,3.5493299891638506,-0.05049126637554589,0.031120331950207383,-0.006567675613935007,-0.0749800584950811
2017-11-09,34.95,35.62428571428571,35.61857142857143,35.025333333333336,38.17122222222222,35.52,36.08,35.0,38.25,3.5539184686798193,-0.016047297297297303,-0.031319290465631804,-0.0014285714285713475,-0.0862745098039215
2017-11-10,35.82,35.50714285714286,35.74071428571428,35.10566666666667,37.99966666666666,36.13,36.94,34.65,,3.578506396632566,-0.00858012731801833,-0.03031943692474276,0.03376623376623382,
2017-11-13,35.28,35.472857142857144,35.80285714285714,35.15933333333333,37.79766666666667,36.29,36.92,,37.87,3.5633162311385904,-0.0278313585009644,-0.04442036836403035,,-0.06839186691312375
2017-11-14,36.26,35.49142857142857,35.98285714285715,35.166000000000004,37.620777777777775,35.05,37.09,,38.28,3.590715205326705,0.034522111269614866,-0.02237799946077124,,-0.0527690700104494
2017-11-15,37.24,35.62714285714286,36.065714285714286,35.222,37.45366666666667,34.79,36.64,33.47,36.81,3.617383452408866,0.07042253521126769,0.016375545851528422,0.11263818344786386,0.011681608258625365
2017-11-16,37.16,35.92857142857143,36.08142857142857,35.287666666666674,37.27755555555556,34.95,35.52,34.87,36.7,3.6152329139456376,0.0632331902718167,0.046171171171170984,0.06567249784915398,0.012534059945503917
2017-11-17,36.39,36.15714285714286,36.04357142857143,35.326,37.090555555555554,35.82,36.13,34.83,,3.5942940116240685,0.01591289782244557,0.00719623581511204,0.04478897502153323,
2017-11-20,36.35,36.357142857142854,35.99071428571428,35.370333333333335,36.903666666666666,35.28,36.29,,35.85,3.5931942039795284,0.03032879818594105,0.0016533480297603272,,0.01394700139470014
2017-11-21,37.39,36.58142857142857,36.044285714285714,35.45,36.72577777777778,36.26,35.05,,34.75,3.6214032889890224,0.031163816878102664,0.06676176890156929,,0.07597122302158275
2017-11-22,37.6,36.91285714285714,36.19285714285714,35.54833333333333,36.565111111111115,37.24,34.79,34.11,34.34,3.6270040503958487,0.009667024704618674,0.08077033630353557,0.10231603635297573,0.09493302271403604
2017-11-24,38.17,37.18571428571429,36.33857142857143,35.69266666666667,36.412000000000006,36.39,35.82,33.74,,3.6420498667571386,0.04891453696070352,0.065605806811837,0.13129816241849435,
2017-11-27,38.08,37.30571428571428,36.46642857142857,35.83533333333334,36.27322222222222,36.35,35.28,,35.49,3.6396892099231644,0.04759284731774407,0.07936507936507928,,0.0729783037475344
2017-11-28,39.12,37.58571428571429,36.75714285714286,36.02366666666667,36.151,37.39,36.26,,34.46,3.6666338451666167,0.046269055897298655,0.07887479316050744,,0.13522925130586178
2017-11-29,40.86,38.22428571428571,37.190714285714286,36.223333333333336,36.06033333333334,37.6,37.24,36.92,34.05,3.710151589389476,0.08670212765957441,0.0972073039742212,0.10671722643553623,0.2000000000000001
2017-11-30,42.63,39.121428571428574,37.739285714285714,36.483333333333334,35.99333333333333,,37.16,37.09,34.03,3.752558230777119,,0.14720129171151794,0.14936640603936369,0.2527181898325008
2017-12-01,42.62,39.86857142857143,38.225,36.781333333333336,35.92411111111111,38.17,36.39,36.64,,3.752323626670471,0.11658370447995796,0.17120087936246212,0.16320960698689949,
2017-12-04,43.41,40.69857142857143,38.80571428571428,37.10133333333333,35.96122222222222,38.08,36.35,,32.51,3.770689829311502,0.13996848739495796,0.19422283356258582,,0.3352814518609658
2017-12-05,42.87,41.37,39.277857142857144,37.39333333333333,35.99633333333333,39.12,37.39,,32.09,3.7581722806098856,0.09585889570552147,0.14656325220647223,,0.33593019632284177
2017-12-06,42.2,41.95857142857143,39.63214285714285,37.653000000000006,36.03355555555556,40.86,37.6,36.29,32.32,3.742420221041966,0.03279490944689191,0.12234042553191493,0.16285478093138617,0.30569306930693074
2017-12-07,42.89,42.49714285714286,40.041428571428575,37.958,36.056888888888885,42.63,,35.05,33.1,3.758638698528789,0.0060989913206661505,,0.22368045649072765,0.29577039274924466
2017-12-08,43.64,42.894285714285715,40.559285714285714,38.21000000000001,36.090666666666664,42.62,38.17,34.79,,3.77597416096487,0.023932426091037146,0.14330626146188102,0.25438344351825243,
2017-12-11,42.89,42.93142857142857,41.026428571428575,38.40833333333333,36.13077777777778,43.41,38.08,,34.89,3.758638698528789,-0.01197880672656061,0.1263130252100841,,0.2292920607623961
2017-12-12,43.33,43.03285714285715,41.450714285714284,38.62199999999999,36.178333333333335,42.87,39.12,,34.91,3.768845235751818,0.010730114299043641,0.10761758691206547,,0.24119163563448875
2017-12-13,43.3,43.01714285714286,41.85785714285714,38.829,36.23277777777778,42.2,40.86,35.28,34.83,3.768152635008444,0.026066350710900337,0.05971610376896715,0.22732426303854864,0.2431811656617858
2017-12-14,42.84,43.01285714285715,42.191428571428574,39.035666666666664,36.285666666666664,42.89,42.63,36.26,33.69,3.757472245579548,-0.0011657729074375648,0.0049261083743842565,0.18146718146718163,0.2715939447907393
2017-12-15,43.19,43.15428571428571,42.55642857142857,39.291333333333334,36.343333333333334,43.64,42.62,37.24,,3.7656089869726097,-0.01031164069660868,0.013374002815579548,0.15977443609022543,
2017-12-18,44.87,43.43714285714286,42.96714285714285,39.58266666666667,36.424,42.89,43.41,,32.63,3.803769419987892,0.04616460713453012,0.033632803501497374,,0.3751149249157215
2017-12-19,44.22,43.519999999999996,43.207142857142856,39.846999999999994,36.49033333333333,43.33,42.87,,32.7,3.7891771754293,0.020540041541657065,0.03149055283414979,,0.35229357798165123
2017-12-20,44.49,43.74857142857143,43.339999999999996,40.16166666666666,36.56,43.3,42.2,36.35,34.01,3.7952644448179504,0.02748267898383383,0.05426540284360187,0.2239339752407153,0.30814466333431356
2017-12-21,45.2,44.01571428571428,43.52428571428571,40.50866666666666,36.641444444444446,42.84,42.89,37.39,33.71,3.8110970868381857,0.05508870214752566,0.05385870832361861,0.2088793795132389,0.3408484129338476
2017-12-22,45.22,44.290000000000006,43.653571428571425,40.851,36.718555555555554,43.19,43.64,37.6,,3.811539466849824,0.047001620745542975,0.03620531622364799,0.20265957446808502,
2017-12-26,45.3,44.64142857142857,43.82714285714285,41.167,36.812888888888885,44.22,43.33,,33.5,3.8133070324889884,0.02442333785617364,0.04546503577198244,,0.35223880597014917
2017-12-27,44.99,44.89857142857142,44.02642857142856,41.49066666666667,36.905,44.49,43.3,38.08,33.53,3.806440242853081,0.011238480557428635,0.03903002309468834,0.18146008403361355,0.3417834774828512
2017-12-28,45.29,44.958571428571425,44.19785714285714,41.791666666666664,37.00222222222222,45.2,42.84,39.12,33.41,3.8130862575681226,0.001991150442477794,0.057189542483660025,0.15771983640081805,0.35558216102963197
2017-12-29,44.85,45.048571428571435,44.284285714285716,42.04533333333334,37.10222222222222,45.22,43.19,40.86,,3.803323588504805,-0.008182220256523605,0.03843482287566575,0.09765051395007347,
2018-01-02,45.6,45.207142857142856,44.47785714285714,42.32666666666667,37.22277777777777,45.3,44.22,,35.56,3.8199077165203406,0.006622516556291485,0.031207598371777535,,0.2823397075365579
2018-01-03,44.14,45.05571428571428,44.535714285714285,42.58500000000001,37.33166666666666,44.99,44.49,43.41,35.19,3.7873664008285903,-0.018893087352745086,-0.007866936390200077,0.016816401750748767,0.2543336175049731
2018-01-04,43.5,44.809999999999995,44.550000000000004,42.82333333333333,37.41744444444445,45.29,45.2,42.87,35.24,3.7727609380946383,-0.0395230735261647,-0.03761061946902661,0.01469559132260328,0.23439273552780923
2018-01-05,43.63,44.57142857142858,44.60642857142857,43.031333333333336,37.50488888888889,44.85,45.22,42.2,,3.775744987135518,-0.02720178372352283,-0.03516143299425025,0.033886255924170605,
2018-01-08,43.23,44.32,44.60928571428571,43.219,37.590888888888884,,,,35.0,3.7665346986795405,,,,0.23514285714285704
2018-01-09,43.59,44.07714285714286,44.517857142857146,43.39966666666667,37.69233333333333,45.6,45.3,,34.65,3.774827766250301,-0.04407894736842101,-0.03774834437086079,,0.25800865800865813
2018-01-10,44.91,44.08571428571428,44.567142857142855,43.62733333333333,37.812999999999995,44.14,44.99,42.89,33.84,3.8046604870996465,0.01744449478930666,-0.0017781729273173015,0.0470972254604802,0.3271276595744679
2018-01-11,47.57,44.36714285714286,44.787142857142854,43.909,37.96344444444445,43.5,45.29,43.33,33.8,3.8622023104441903,0.0935632183908046,0.05034223890483553,0.09785368105238869,0.4073964497041421
2018-01-12,48.26,44.95571428571428,45.00571428571429,44.15566666666666,38.138444444444445,43.63,44.85,43.3,,3.8766030601968855,0.10611964244785686,0.07603121516164986,0.1145496535796767,
2018-01-16,46.21,45.34285714285714,45.07642857142857,44.275,38.29533333333334,43.59,45.6,,34.83,3.833196224882175,0.06010552879100705,0.013377192982456128,,0.3267298306057997
2018-01-17,44.89,45.52285714285714,45.04714285714285,44.35066666666667,38.435,44.91,44.14,44.87,33.68,3.804215052793841,-0.00044533511467370347,0.016991391028545536,0.00044573211499895535,0.3328384798099763
2018-01-18,44.96,45.769999999999996,45.04500000000001,44.40233333333334,38.56677777777778,47.57,43.5,44.22,33.81,3.8057732055854356,-0.05486651250788311,0.03356321839080462,0.01673450927182275,0.32978408754806265
2018-01-19,45.19,45.99857142857143,45.03785714285714,44.47966666666666,38.684111111111115,48.26,43.63,44.49,,3.810875823423188,-0.06361375880646498,0.03575521430208561,0.015733872780399994,
2018-01-22,43.33,45.77285714285715,44.92928571428571,44.51733333333334,38.77788888888889,,43.23,,34.41,3.768845235751818,,0.002313208420078682,,0.25922696890438834
2018-01-23,44.59,45.347142857142856,44.857142857142854,44.574,38.88544444444444,46.21,43.59,,33.74,3.7975096186393853,-0.0350573468946115,0.022941041523285157,,0.3215767634854772
2018-01-24,41.53,44.385714285714286,44.67071428571428,44.50366666666666,38.95988888888889,44.89,44.91,,36.08,3.726416057642662,-0.0748496324348407,-0.07526163437987075,,0.1510532150776054
2018-01-25,40.18,43.52428571428572,44.43357142857143,44.413333333333334,39.032,44.96,47.57,45.3,36.94,3.6933693593867885,-0.1063167259786477,-0.15535001051082617,-0.11302428256070635,0.08770979967514896
2018-01-26,41.48,43.037142857142854,44.279999999999994,44.351666666666674,39.126777777777775,45.19,48.26,44.99,,3.7252113833613265,-0.08209780924983406,-0.14048901782014092,-0.07801733718604145,
2018-01-29,41.42,42.53142857142857,44.15071428571429,44.288999999999994,39.224444444444444,43.33,,,37.09,3.723763855967438,-0.044080313870297635,,,0.11674305742787808
2018-01-30,41.83,42.05142857142857,44.025,44.25533333333333,39.32588888888889,44.59,46.21,,36.64,3.733613785454107,-0.06189728638708242,-0.09478467864098686,,0.14164847161572047
2018-01-31,42.12,41.87857142857143,43.82571428571429,44.21966666666666,39.416000000000004,41.53,44.89,,35.52,3.740522687265775,0.014206597640259964,-0.06170639340610388,,0.18581081081081063
2018-02-01,42.02,41.51142857142857,43.42928571428571,44.12466666666667,39.50833333333333,40.18,44.96,45.6,36.13,3.7381456954168546,0.04579392732702846,-0.06539145907473304,-0.07850877192982453,0.16302241904234707
2018-02-02,41.07,41.44571428571429,42.91571428571429,44.01966666666667,39.58522222222222,41.48,45.19,44.14,,3.7152779279684673,-0.009884281581484971,-0.09117061296747063,-0.0695514272768464,
2018-02-05,39.88,41.402857142857144,42.46357142857143,43.866,39.654222222222224,41.42,43.33,,35.05,3.6858749450936377,-0.037180106228874917,-0.07962150934687275,,0.13780313837375194
2018-02-06,40.42,41.25142857142857,42.144285714285715,43.70666666666667,39.73111111111111,41.83,44.59,,34.79,3.699324711975475,-0.03370786516853925,-0.09351872617178743,,0.16182811152630075
2018-02-07,40.3,41.09142857142857,41.811428571428564,43.54266666666667,39.80633333333333,42.12,41.53,43.23,34.95,3.696351468952637,-0.04320987654320989,-0.029617144233084612,-0.06777700670830442,0.15307582260371944
2018-02-08,39.06,40.69571428571429,41.37357142857143,43.334666666666664,39.86911111111112,42.02,40.18,43.59,35.82,3.665098925448533,-0.07044264635887675,-0.02787456445993025,-0.10392291810048178,0.09045226130653272
2018-02-09,39.25,40.285714285714285,41.082142857142856,43.14333333333333,39.931111111111115,41.07,41.48,44.91,,3.6699514442284173,-0.044314584855125405,-0.0537608486017357,-0.1260298374526831,
2018-02-12,39.91,39.98428571428571,40.74785714285714,42.964000000000006,39.97388888888889,39.88,41.42,,36.26,3.686626919060642,0.0007522567703107831,-0.03645581844519568,,0.10066188637617206
2018-02-13,39.09,39.70142857142857,40.57357142857143,42.772,40.013111111111115,40.42,41.83,,37.24,3.6658666798048634,-0.03290450272142499,-0.06550322734879262,,0.049677765843179414
2018-02-14,39.52,39.65,40.526428571428575,42.56933333333333,40.06122222222223,40.3,42.12,,37.16,3.6768068728796672,-0.01935483870967727,-0.06172839506172827,,0.063509149623251
2018-02-15,39.64,39.53857142857142,40.394999999999996,42.41933333333334,40.11011111111111,39.06,42.02,46.21,36.39,3.6798387094617873,0.014848950332821256,-0.05663969538315094,-0.1421770179614802,0.08931025006870019
2018-02-16,39.72,39.455714285714286,40.27357142857143,42.29333333333333,40.16233333333333,39.25,41.07,44.89,,3.681854839176972,0.011974522292993601,-0.032870708546384256,-0.11517041657384722,
2018-02-20,38.9,39.43285714285714,40.06428571428571,42.135666666666665,40.205666666666666,39.09,40.42,,37.6,3.6609942506244004,-0.004860578152980425,-0.037605145967342976,,0.03457446808510631
2018-02-21,39.91,39.527142857142856,39.90642857142857,42.025,40.26411111111111,39.52,40.3,43.33,,3.686626919060642,0.009868421052631414,-0.009677419354838724,-0.0789291483960305,
2018-02-22,39.48,39.465714285714284,39.725,41.888000000000005,40.32677777777778,39.64,39.06,44.59,38.17,3.675794214565281,-0.004036326942482434,0.010752688172042871,-0.1145996860282576,0.03432014671207742
2018-02-23,39.49,39.52285714285714,39.61214285714285,41.70733333333333,40.39,39.72,39.25,41.53,,3.676047475298558,-0.005790533736152993,0.0061146496815287135,-0.04912111726462796,
2018-02-26,40.08,39.60285714285715,39.62642857142857,41.45766666666667,40.46344444444445,,39.91,,39.12,3.6908774567766094,,0.004259584064144368,,0.024539877300613522
2018-02-27,38.75,39.47571428571428,39.50714285714286,41.14066666666667,40.50655555555556,38.9,39.09,,40.86,3.657130755799356,-0.003856041131105362,-0.008697876694806943,,-0.05163974547234458
2018-02-28,39.84,39.49285714285714,39.47428571428572,40.92833333333333,40.56222222222222,39.91,39.52,41.42,42.63,3.6848714327163976,-0.0017539463793533748,0.008097165991902841,-0.038145823273780737,-0.0654468684025334
2018-03-01,40.5,39.721428571428575,39.57714285714285,40.782000000000004,40.638,39.48,39.64,41.83,42.62,3.7013019741124933,0.025835866261398256,0.02169525731584257,-0.03179536218025337,-0.049741905208822094
2018-03-02,41.85,39.99857142857143,39.762857142857136,40.67833333333333,40.727333333333334,39.49,39.72,42.12,,3.7340917969354845,0.059761965054444144,0.0536253776435046,-0.006410256410256316,
2018-03-05,41.72,40.31857142857143,39.89214285714286,40.56266666666667,40.81188888888889,40.08,,,42.87,3.7309806301325716,0.0409181636726547,,,-0.02682528574760902
2018-03-06,42.16,40.699999999999996,40.11142857142857,40.523666666666664,40.898,38.75,38.9,,42.2,3.741471904233107,0.08799999999999991,0.08380462724935728,,-0.0009478672985783472
2018-03-07,41.92,40.962857142857146,40.28285714285715,40.434666666666665,40.98888888888889,39.84,39.91,39.88,42.89,3.735763040012787,0.05220883534136542,0.050363317464294795,0.051153460381143406,-0.02261599440429002
2018-03-08,42.97,41.565714285714286,40.520714285714284,40.48266666666667,41.065444444444445,40.5,39.48,40.42,43.64,3.7605021977869035,0.06098765432098763,0.0883991894630193,0.06308758040573965,-0.01535288725939509
2018-03-09,43.0,42.01714285714286,40.754999999999995,40.57666666666667,41.132777777777775,41.85,39.49,40.3,,3.7612001156935624,0.027479091995220993,0.08888326158521138,0.06699751861042191,
2018-03-12,43.28,42.41428571428571,41.06785714285714,40.63666666666666,41.20344444444445,41.72,40.08,,43.33,3.767690634538226,0.03739213806327906,0.07984031936127751,,-0.0011539349180705552
2018-03-13,45.09,42.87714285714286,41.43785714285714,40.759,41.29233333333333,42.16,38.75,,43.3,3.8086604924329928,0.06949715370018993,0.16361290322580654,,0.04133949191685927
2018-03-14,44.42,43.262857142857136,41.79071428571429,40.84533333333333,41.37877777777778,41.92,39.84,39.91,42.84,3.7936898184662815,0.05963740458015267,0.11495983935742966,0.11300425958406428,0.03688141923436037
2018-03-15,44.28,43.56571428571429,42.13285714285714,40.91733333333333,41.476111111111116,42.97,40.5,39.09,43.19,3.790533107840436,0.030486385850593493,0.09333333333333337,0.1327705295471987,0.025237323454503437
2018-03-16,45.12,44.02285714285714,42.49285714285714,41.02066666666667,41.576,43.0,41.85,39.52,,3.8093256071898036,0.04930232558139529,0.07813620071684578,0.14170040485829943,
2018-03-19,44.44,44.23285714285714,42.89928571428571,41.132999999999996,41.66655555555556,43.28,41.72,,44.22,3.7941399647714293,0.026802218114602507,0.0651965484180249,,0.0049751243781094275
2018-03-20,44.82,44.49285714285715,43.255,41.29766666666667,41.77511111111111,45.09,42.16,,44.49,3.802654468372781,-0.005988023952095877,0.06309297912713482,,0.007417397167902861
2018-03-21,43.19,44.480000000000004,43.44714285714286,41.39,41.86844444444444,44.42,41.92,,45.2,3.7656089869726097,-0.02769022962629455,0.030295801526717462,,-0.04446902654867268
2018-03-22,41.27,43.934285714285714,43.40571428571429,41.422333333333334,41.93866666666667,44.28,42.97,38.9,45.22,3.7201358437644907,-0.06797651309846427,-0.03956248545496849,0.06092544987146541,-0.08735072976559036
2018-03-23,39.96,43.29714285714285,43.279999999999994,41.45233333333333,41.98466666666666,45.12,43.0,39.91,,3.687878953780353,-0.1143617021276595,-0.07069767441860463,0.0012528188423954966,
2018-03-26,38.27,42.43857142857143,43.002142857142864,41.41966666666667,42.01788888888888,44.44,43.28,,45.3,3.644666299437611,-0.13883888388838872,-0.11575785582255078,,-0.1551876379690948
2018-03-27,37.19,41.30571428571428,42.66428571428571,41.32899999999999,42.02822222222222,44.82,45.09,,44.99,3.6160399079369787,-0.1702365015618028,-0.17520514526502562,,-0.17337186041342528
2018-03-28,36.99,40.24142857142857,42.237142857142864,41.259,42.025444444444446,43.19,44.42,40.08,45.29,3.610647605844363,-0.1435517480898355,-0.16726699684826654,-0.07709580838323345,-0.18326341355707657
2018-03-29,37.78,39.23571428571429,41.864285714285714,41.201,42.032333333333334,41.27,44.28,38.75,44.85,3.6317798620733637,-0.08456505936515633,-0.14679313459801263,-0.0250322580645161,-0.1576365663322185
2018-04-02,36.35,38.25857142857143,41.36928571428571,41.09133333333333,42.031888888888886,38.27,44.44,,45.6,3.5931942039795284,-0.05016984583224462,-0.18204320432043197,,-0.20285087719298245
2018-04-03,37.22,37.68,40.807142857142864,41.008,42.04155555555556,37.19,44.82,,44.14,3.616846251214105,0.0008066684592632734,-0.16956715751896478,,-0.1567739012233802
2018-04-04,37.7,37.357142857142854,40.32714285714285,40.967999999999996,42.044999999999995,36.99,43.19,41.72,43.5,3.629660094453965,0.019194376858610456,-0.12711275758277368,-0.09635666347075733,-0.13333333333333328
2018-04-05,38.3,37.361428571428576,39.9,40.91433333333334,42.05277777777778,37.78,41.27,42.16,43.63,3.6454498961866,0.013763896241397459,-0.0719651078265085,-0.09155597722960152,-0.12216364886545966
2018-04-06,37.8576,37.4568,39.38125714285714,40.860253333333326,42.049306666666666,,39.96,41.92,,3.6338317523296992,,-0.052612612612612686,-0.09690839694656497,
