timestamp,LUV,LUV_rolling_7_day_avg,LUV_rolling_14_day_avg,LUV_rolling_30_day_avg,LUV_rolling_90_day_avg,LUV_7_days_ago,LUV_14_days_ago,LUV_30_days_ago,LUV_90_days_ago,LUV_log_price,LUV_pct_change_7_days,LUV_pct_change_14_days,LUV_pct_change_30_days,LUV_pct_change_90_days
2016-10-03,39.74,,,,,,,,,3.6823582371236707,,,,
2016-10-04,39.16,,,,,,,,,3.6676558176623097,,,,
2016-10-05,39.1,,,,,,,,,3.66612246699132,,,,
2016-10-06,39.17,,,,,,,,,3.66791114767774,,,,
2016-10-07,38.47,,,,,,,,,3.6498787167642037,,,,
2016-10-10,39.77,,,,,39.74,,,,3.6831128592195994,0.0007549068948163346,,,
2016-10-11,39.79,39.31428571428571,,,,39.16,,,,3.683615624438837,0.016087844739530198,,,
2016-10-12,40.01,39.35285714285714,,,,39.1,,,,3.6891294228691436,0.02327365728900247,,,
2016-10-13,41.38,39.67,,,,39.17,,,,3.722797672317397,0.0564207301506255,,,
2016-10-14,41.32,39.987142857142864,,,,38.47,,,,3.721346644251438,0.0740837015856512,,,
2016-10-17,41.24,40.28285714285715,,,,39.77,39.74,,,3.719408659148759,0.03696253457379931,0.0377453447408153,,
2016-10-18,41.68,40.74142857142857,,,,39.79,39.16,,,3.7300213974451113,0.047499371701432536,0.06435137895812061,,
2016-10-19,42.25,41.09571428571429,,,,40.01,39.1,,,3.7436043538031827,0.05598600349912527,0.08056265984654727,,
2016-10-20,42.29,41.452857142857134,40.38357142857143,,,41.38,39.17,,,3.7445506514843974,0.0219913001449975,0.07965279550676531,,
2016-10-21,42.43,41.79857142857143,40.575714285714284,,,41.32,38.47,,,3.7478556592142334,0.026863504356243937,0.10293735378216795,,
2016-10-24,42.33,41.934285714285714,40.80214285714286,,,41.24,39.77,,,3.745496054532832,0.026430649854510095,0.06437012823736472,,
2016-10-25,41.95,42.02428571428572,41.00571428571429,,,41.68,39.79,,,3.7364784329132155,0.006477927063339806,0.05428499623020869,,
2016-10-26,38.4,41.61857142857143,40.95071428571429,,,42.25,40.01,,,3.648057459593681,-0.09112426035502962,-0.04023994001499624,,
2016-10-27,39.24,41.269999999999996,41.00571428571429,,,42.29,41.38,,,3.6696966346971625,-0.07212106881059345,-0.05171580473658773,,
2016-10-28,39.18,40.83142857142857,40.96357142857143,,,42.43,41.32,,,3.6681664125163946,-0.07659674758425643,-0.051790900290416275,,
2016-10-31,40.05,40.51142857142857,40.982142857142854,,,42.33,41.24,,,3.6901286735143684,-0.053862508858965305,-0.02885548011639197,,
2016-11-01,39.68,40.11857142857143,40.958571428571425,,,41.95,41.68,,,3.6808472824166723,-0.05411203814064369,-0.04798464491362764,,
2016-11-02,39.61,39.730000000000004,40.832142857142856,,,38.4,42.25,39.74,,3.6790816116338254,0.031510416666666693,-0.06248520710059173,-0.0032712632108707236,
2016-11-03,39.7,39.40857142857143,40.71642857142858,,,39.24,42.29,39.16,,3.681351187693145,0.011722731906218167,-0.06124379285883179,0.013789581205311704,
2016-11-04,40.38,39.691428571428574,40.65500000000001,,,39.18,42.43,39.1,,3.6983346128846915,0.03062787136294035,-0.048314871553146295,0.0327365728900256,
2016-11-07,41.57,40.02428571428572,40.64714285714285,,,40.05,42.33,,,3.727378753264546,0.03795255930087399,-0.017954169619655045,,
2016-11-08,41.93,40.417142857142856,40.62428571428571,,,39.68,41.95,,,3.7360015611826713,0.05670362903225806,-0.0004767580452920888,,
2016-11-09,42.37,40.74857142857143,40.63,,,39.61,38.4,39.77,,3.7464405646384678,0.06967937389548089,0.10338541666666665,0.06537591149107352,
2016-11-10,43.64,41.31428571428571,40.71642857142858,,,39.7,39.24,39.79,,3.77597416096487,0.09924433249370271,0.11213047910295612,0.09675797939180703,
2016-11-11,43.84,41.91857142857143,40.824285714285715,40.72233333333334,,40.38,39.18,40.01,,3.7805466426397603,0.0856859831599802,0.1189382337927515,0.09572606848287941,
2016-11-14,45.35,42.72571428571429,41.067142857142855,40.90933333333333,,41.57,40.05,,,3.814410176561146,0.0909309598267982,0.13233458177278415,,
2016-11-15,46.25,43.564285714285724,41.62785714285714,41.14566666666666,,41.93,39.68,,,3.834061463958434,0.1030288576198426,0.16557459677419356,,
2016-11-16,45.85,44.175714285714285,42.1,41.37066666666667,,42.37,39.61,41.24,,3.825375198702474,0.08213358508378579,0.1575359757636961,0.1117846750727449,
2016-11-17,46.69,44.855714285714285,42.636428571428574,41.62133333333333,,43.64,39.7,41.68,,3.8435300089828455,0.06989000916590278,0.17607052896725425,0.12020153550863719,
2016-11-18,47.06,45.52571428571429,43.137142857142855,41.907666666666664,,43.84,40.38,42.25,,3.8514233832992164,0.07344890510948902,0.1654284299157999,0.1138461538461539,
2016-11-21,47.36,46.057142857142864,43.68571428571429,42.160666666666664,,45.35,41.57,,,3.8577779905757503,0.04432194046306501,0.13928313687755592,,
2016-11-22,47.1,46.52285714285714,44.22071428571429,42.40433333333333,,46.25,41.93,,,3.8522730010223722,0.01837837837837841,0.12330073932745056,,
2016-11-23,47.37,46.811428571428564,44.76857142857143,42.64966666666667,,45.85,42.37,42.33,,3.85798911693566,0.03315158124318421,0.11800802454566911,0.11906449326718638,
2016-11-25,47.45,46.98285714285714,45.27357142857142,42.852000000000004,,47.06,43.84,38.4,,3.859676525055937,0.00828729281767957,0.08234489051094888,0.23567708333333345,
2016-11-28,47.52,47.221428571428575,45.69857142857143,43.05866666666667,,47.36,45.35,,,3.8611506750543896,0.0033783783783784566,0.047850055126791656,,
2016-11-29,47.24,47.300000000000004,46.077857142857134,43.25866666666666,,47.1,46.25,,,3.8552409913291616,0.0029723991507431117,0.021405405405405448,,
2016-11-30,46.61,47.23571428571429,46.380714285714284,43.423,,47.37,45.85,40.05,,3.8418151103846494,-0.016043909647456153,0.016575790621592104,0.16379525593008745,
2016-12-01,47.07,47.19428571428572,46.62571428571429,43.583666666666666,,,46.69,39.68,,3.851635855413051,,0.008138787748982707,0.18623991935483872,
2016-12-02,47.91,47.309999999999995,46.916428571428575,43.770999999999994,,47.45,47.06,39.61,,3.8693242508950307,0.009694415173867096,0.01806204844878866,0.20954304468568535,
2016-12-05,47.07,47.26714285714286,47.03928571428572,43.925666666666665,,47.52,47.36,,,3.851635855413051,-0.009469696969697029,-0.0061233108108107925,,
2016-12-06,47.68,47.3,47.14142857142857,44.104,,47.24,47.1,,,3.8645120227570944,0.009314140558848385,0.012314225053078519,,
2016-12-07,49.85,47.63285714285714,47.42714285714286,44.367333333333335,,46.61,47.37,41.57,,3.9090184964078474,0.06951298004720022,0.052353810428541356,0.1991821024777484,
2016-12-08,49.6,47.96999999999999,47.635,44.74066666666667,,47.07,,41.93,,3.903990833730882,0.05374973443807098,,0.18292392082041503,
2016-12-09,49.79,48.42428571428571,47.83,45.092333333333336,,47.91,47.45,42.37,,3.9078141606540915,0.03924024212064293,0.04931506849315061,0.175123908425773,
2016-12-12,49.37,48.75285714285714,47.973571428571425,45.432,,47.07,47.52,,,3.8993429522707714,0.04886339494370081,0.03893097643097631,,
2016-12-13,49.55,48.987142857142864,48.14857142857142,45.748666666666665,,47.68,47.24,,,3.902982260775997,0.03921979865771807,0.04889923793395417,,
2016-12-14,49.28,49.30285714285714,48.285000000000004,46.068666666666665,,49.85,46.61,45.35,,3.8975183192252643,-0.011434302908726183,0.0572838446685261,0.08665931642778389,
2016-12-15,50.59,49.71857142857143,48.50928571428572,46.434666666666665,,49.6,47.07,46.25,,3.923753928303845,0.01995967741935488,0.07478223921818575,0.09383783783783792,
2016-12-16,49.93,49.730000000000004,48.68142857142857,46.775666666666666,,49.79,47.91,45.85,,3.910622024512518,0.002811809600321361,0.04216238781047805,0.08898582333696833,
2016-12-19,50.35,49.83714285714285,48.90357142857143,47.108,,49.37,47.07,,,3.9189986191645714,0.019850111403686532,0.06968345018058214,,
2016-12-20,50.89,49.994285714285716,49.20928571428572,47.41866666666667,,49.55,47.68,,,3.9296664406007413,0.027043390514631754,0.06732382550335572,,
2016-12-21,50.65,50.17714285714286,49.464999999999996,47.70933333333333,,49.28,49.85,47.36,,3.9249392306946924,0.027800324675324624,0.01604814443329984,0.06946790540540539,
2016-12-22,50.25,50.277142857142856,49.63214285714286,47.971999999999994,,50.59,49.6,47.1,,3.917010546939185,-0.006720695789681822,0.01310483870967739,0.06687898089171972,
2016-12-23,50.45,50.44428571428572,49.87357142857143,48.199,,49.93,49.79,47.37,,3.920982746799618,0.010414580412577671,0.013255673830086438,0.06502005488705943,
2016-12-27,50.49,50.43,50.074285714285715,48.42066666666666,,50.89,49.55,,,3.921775296870824,-0.007860090391039468,0.0189707366296671,,
2016-12-28,50.17,50.464285714285715,50.097142857142856,48.58133333333333,,50.65,49.28,47.52,,3.9154172384961616,-0.009476801579466869,0.018060064935064946,0.055765993265993234,
2016-12-29,50.2,50.44285714285714,50.14,48.713,,50.25,50.59,47.24,,3.9160150266976834,-0.0009950248756218339,-0.007709033405811436,0.06265876375952584,
2016-12-30,49.84,50.29285714285715,50.14357142857143,48.846,,50.45,49.93,46.61,,3.908817874479198,-0.012091179385530216,-0.0018025235329460507,0.06929843381248668,
2017-01-03,49.98,50.19714285714286,50.18714285714286,48.955666666666666,,50.49,50.89,,39.1,3.9116229254068062,-0.010101010101010202,-0.017881705639614928,,0.2782608695652173
2017-01-04,51.3,50.347142857142856,50.31214285714286,49.096999999999994,,50.17,50.65,47.07,39.17,3.937690752176724,0.022523420370739393,0.012833168805528107,0.08986615678776284,0.3096757722746999
2017-01-05,50.47,50.35,50.39714285714285,49.20066666666666,,50.2,50.25,47.68,38.47,3.921379100352171,0.005378486055776813,0.004378109452736296,0.05851510067114092,0.3119313750974786
2017-01-06,49.93,50.269999999999996,50.35000000000001,49.295,,49.84,50.45,49.85,,3.910622024512518,0.0018057784911716752,-0.01030723488602583,0.0016048144433299556,
2017-01-09,50.3,50.28857142857142,50.37642857142857,49.39266666666666,,,,,39.79,3.9180050771056933,,,,0.26413671776828346
2017-01-10,51.34,50.451428571428565,50.44714285714286,49.52233333333333,,49.98,50.49,,40.01,3.9384701754429945,0.027210884353741627,0.016835016835016862,,0.2831792051987005
2017-01-11,51.68,50.71428571428571,50.503571428571426,49.660999999999994,,51.3,50.17,49.37,41.38,3.945070859474346,0.007407407407407458,0.03009766792904122,0.04678954830868954,0.24891251812469783
2017-01-12,51.01,50.86142857142857,50.52928571428571,49.78666666666666,,50.47,50.2,49.55,41.32,3.932021691934835,0.010699425401228436,0.016135458167330582,0.02946518668012111,0.23451113262342685
2017-01-13,51.15,50.839999999999996,50.59357142857142,49.938,,49.93,49.84,49.28,,3.9347624923976356,0.024434207891047444,0.02628410914927759,0.03794642857142852,
2017-01-17,50.24,50.807142857142864,50.57857142857142,50.043666666666674,,51.34,49.98,,42.25,3.9168115221599433,-0.02142578885858982,0.005202080832333036,,0.18911242603550302
2017-01-18,50.38,50.871428571428574,50.57071428571428,50.126,,51.68,51.3,50.35,42.29,3.919594270924464,-0.02515479876160985,-0.017933723196880986,0.0005958291956306085,0.19129817923859077
2017-01-19,50.07,50.83857142857143,50.56357142857143,50.226000000000006,,51.01,50.47,50.89,42.43,3.9134220263418533,-0.018427759262889587,-0.007925500297206234,-0.016113185301630976,0.18006127739806743
2017-01-20,51.09,50.80285714285714,50.627142857142864,50.339666666666666,,51.15,49.93,50.65,,3.9335887833427066,-0.0011730205278591432,0.023232525535750125,0.008687068114511448,
2017-01-23,49.94,50.55428571428571,50.63428571428572,50.34266666666667,,,50.3,,41.95,3.910822284851627,,-0.007157057654075536,,0.19046483909415957
2017-01-24,49.65,50.36000000000001,50.61071428571428,50.34433333333333,,50.24,51.34,,38.4,3.9049983904911816,-0.011743630573248474,-0.03291780288274259,,0.29296875
2017-01-25,49.46,50.11857142857143,50.479285714285716,50.333333333333336,,50.38,51.68,,39.24,3.9011642620932703,-0.01826121476776502,-0.0429566563467492,,0.26044852191641177
2017-01-26,53.92,50.644285714285715,50.72571428571429,50.48500000000001,,50.07,51.01,50.49,39.18,3.987501466604052,0.07689235070900742,0.05704763771809457,0.06793424440483263,0.37621235324144975
2017-01-27,52.7,50.97571428571428,50.92357142857143,50.59,,51.09,51.15,50.17,,3.9646154555473165,0.03151301624584066,0.030303030303030387,0.050428542953956566,
2017-01-30,52.35,51.30142857142857,51.07,50.69233333333333,,49.94,,,39.68,3.9579519373165457,0.04825790949138974,,,0.319304435483871
2017-01-31,52.31,51.47571428571428,51.13928571428571,50.74966666666667,,49.65,50.24,,39.61,3.95718755738252,0.05357502517623371,0.04120222929936306,,0.32062610451906093
2017-02-01,52.73,51.87428571428571,51.214285714285715,50.842999999999996,,49.46,50.38,,39.7,3.9651845535423784,0.06611403154063882,0.04664549424374741,,0.32821158690176305
2017-02-02,52.86,52.332857142857144,51.346428571428575,50.92666666666667,,53.92,50.07,49.98,40.38,3.967646909176143,-0.019658753709198853,0.05572198921509884,0.05762304921968793,0.3090638930163446
2017-02-03,52.88,52.82142857142857,51.470000000000006,50.993,,52.7,51.09,51.3,,3.9680251955434307,0.0034155597722960096,0.035036210608729676,0.03079922027290459,
2017-02-06,53.07,52.699999999999996,51.672142857142866,51.07366666666667,,52.35,49.94,,41.93,3.9716117968398037,0.013753581661891095,0.06267521025230281,,0.26568089673264966
2017-02-07,53.04,52.74857142857143,51.862142857142864,51.16666666666667,,52.31,49.65,,42.37,3.971046345877607,0.013955266679411143,0.06827794561933537,,0.2518291243804579
2017-02-08,52.92,52.83,52.065714285714286,51.249,,52.73,49.46,50.3,43.64,3.968781339246755,0.0036032619002466307,0.06995551961180754,0.05208747514910546,0.21264894592117325
2017-02-09,54.52,53.145714285714284,52.31071428571429,51.38333333333333,46.84211111111111,52.86,53.92,51.34,43.84,3.998567606828332,0.03140370790768074,0.011127596439169166,0.06194000779119594,0.24361313868613135
2017-02-10,54.71,53.42857142857143,52.651428571428575,51.534666666666666,47.00844444444445,52.88,52.7,51.68,,4.002046508075734,0.034606656580937936,0.03814041745730546,0.05863003095975235,
2017-02-13,55.73,53.83857142857143,53.08571428571429,51.719,47.192555555555565,53.07,52.35,,46.25,4.020518601581445,0.05012247974373463,0.06456542502387766,,0.2049729729729729
2017-02-14,55.31,54.18571428571429,53.50357142857143,51.90133333333333,47.37266666666667,53.04,52.31,,45.85,4.012953724006587,0.04279788838612374,0.05735041101127891,,0.2063249727371865
2017-02-15,57.29,54.78857142857144,53.744285714285716,52.144999999999996,47.574,52.92,52.73,,46.69,4.048126088420487,0.08257747543461824,0.08647828560591699,,0.22702934247162138
2017-02-16,56.34,55.26,54.00428571428572,52.313,47.772555555555556,54.52,52.86,50.24,47.06,4.0314047624482265,0.03338224504768893,0.06583427922814991,0.12141719745222933,0.19719507012324694
2017-02-17,57.32,55.88857142857143,54.35928571428571,52.541333333333334,47.967555555555556,54.71,52.88,50.38,,4.048649602959971,0.047706086638640094,0.08396369137670191,0.1377530766177054,
2017-02-21,57.86,56.36571428571428,54.75571428571429,52.80566666666667,48.16833333333334,55.31,53.04,,47.37,4.058026299547989,0.04610377870186218,0.09087481146304677,,0.22144817394975727
2017-02-22,57.91,56.82285714285714,55.12571428571429,53.059333333333335,48.367222222222225,57.29,52.92,49.94,,4.058890081237698,0.01082213300750563,0.09429327286470134,0.1595915098117741,
2017-02-23,57.26,57.041428571428575,55.44,53.25666666666667,48.54366666666667,56.34,54.52,49.65,47.45,4.047602299669969,0.016329428470003453,0.05025678650036674,0.15327291037260826,0.2067439409905162
2017-02-24,58.54,57.50285714285714,55.84428571428572,53.48533333333333,48.73500000000001,57.32,54.71,49.46,,4.06971028126374,0.021284019539427754,0.07000548345823429,0.18358269308532144,
2017-02-27,58.43,57.66571428571428,56.22714285714285,53.73266666666667,48.926,,55.73,,47.24,4.067829456566345,,0.04844787367665536,,0.2368755292125317
2017-02-28,57.8,57.87428571428571,56.56714285714286,53.95433333333333,49.105111111111114,57.86,55.31,,46.61,4.056988775678332,-0.0010369858278603918,0.045018983908877146,,0.24007723664449684
2017-03-01,58.88,58.09714285714285,56.99285714285715,54.242333333333335,49.28988888888889,57.91,57.29,52.35,47.07,4.075501474420621,0.01675012951131076,0.027753534648280738,0.1247373447946514,0.25090291055874236
2017-03-02,57.57,58.05571428571428,57.21071428571428,54.482,49.459666666666664,57.26,56.34,52.31,47.91,4.053001598687718,0.0054139015019211015,0.02183173588924382,0.10055438730644232,0.20162805259862251
2017-03-03,58.86,58.19142857142857,57.50714285714286,54.775,49.64222222222222,58.54,57.32,52.73,,4.075161742805327,0.00546634779637855,0.026866713189113732,0.11625260762374366,
2017-03-06,57.56,58.23428571428571,57.63785714285715,54.99066666666667,49.81144444444444,58.43,,,47.68,4.052827882019167,-0.014889611500941254,,,0.2072147651006712
2017-03-07,56.83,57.99,57.74642857142857,55.22033333333333,49.97677777777778,57.8,57.86,,49.85,4.04006435530903,-0.016782006920415204,-0.01780159004493607,,0.14002006018054156
2017-03-08,56.68,57.74,57.70285714285715,55.45466666666667,50.1798888888889,58.88,57.91,53.07,49.6,4.03742141482248,-0.03736413043478266,-0.021239854947332014,0.06802336536649707,0.14274193548387093
2017-03-09,56.36,57.534285714285716,57.70428571428571,55.684666666666665,50.37011111111111,57.57,57.26,53.04,49.79,4.03175968703048,-0.021017891262810506,-0.01571777855396435,0.06259426847662142,0.13195420767222335
2017-03-10,55.88,57.105714285714285,57.60142857142858,55.75,50.55566666666667,58.86,58.54,52.92,,4.023206534388761,-0.05062861026163773,-0.04543901605739659,0.05593348450491309,
2017-03-13,54.49,56.66571428571429,57.36071428571428,55.809666666666665,50.71611111111111,57.56,58.43,,49.55,3.998017198595007,-0.053335649756775544,-0.06743111415368813,,0.09969727547931392
2017-03-14,52.88,55.81142857142857,57.001428571428576,55.82733333333333,50.86277777777777,56.83,57.8,,49.28,3.9680251955434307,-0.06950554284708774,-0.0851211072664359,,0.07305194805194808
2017-03-15,54.29,55.34428571428572,56.78928571428572,55.89333333333333,51.025888888888886,56.68,58.88,55.73,50.59,3.9943400479173596,-0.042166549047283,-0.07795516304347831,-0.02583886596088279,0.07313698359359548
2017-03-16,54.15,54.96142857142858,56.47571428571428,55.940666666666665,51.186444444444454,56.36,57.57,55.31,49.93,3.9917579734469997,-0.03921220723917674,-0.05940594059405944,-0.020972699331043277,0.08451832565591827
2017-03-17,53.18,54.46142857142858,56.10071428571429,55.95133333333333,51.32866666666666,55.88,58.86,57.29,,3.9736823858148735,-0.048317823908375135,-0.0965001698946653,-0.07174026880781985,
2017-03-20,53.45,54.04571428571428,55.79,55.970333333333336,51.46066666666667,54.49,57.56,,50.89,3.9787466374710543,-0.019086070838685982,-0.07140375260597635,,0.050304578502652825
2017-03-21,51.88,53.47428571428571,55.29,55.93066666666667,51.57122222222223,52.88,56.83,,50.65,3.948933359448243,-0.018910741301059,-0.08710188280837579,,0.024284304047384086
2017-03-22,52.46,53.184285714285714,54.925000000000004,55.91133333333333,51.68333333333333,54.29,56.68,,50.25,3.9600509744387278,-0.0337078651685393,-0.07445306986591388,,0.04398009950248758
2017-03-23,52.37,53.111428571428576,54.46142857142858,55.893,51.78033333333334,54.15,56.36,57.86,50.45,3.9583339082913964,-0.03287165281625118,-0.0707948899929028,-0.0948842032492223,0.038057482656095036
2017-03-24,52.61,52.87142857142857,54.10785714285714,55.82933333333334,51.87777777777778,53.18,55.88,57.91,,3.962906215742716,-0.010718315156073717,-0.058518253400143216,-0.09152132619582105,
2017-03-27,52.88,52.690000000000005,53.82571428571429,55.76833333333333,51.96144444444444,53.45,54.49,,50.49,3.9680251955434307,-0.010664172123479893,-0.029546705817581197,,0.04733610615963558
2017-03-28,54.19,52.83428571428572,53.64785714285714,55.717,52.04966666666666,51.88,52.88,,50.17,3.9924963895780228,0.04452582883577477,0.0247730711043872,,0.08012756627466605
2017-03-29,53.48,52.83857142857143,53.44214285714286,55.656,52.13444444444445,52.46,54.29,58.43,50.2,3.9793077522337423,0.01944338543652299,-0.014919874746730564,-0.08471675509156261,0.06533864541832657
2017-03-30,53.83,53.11714285714286,53.29571428571428,55.54066666666667,52.21377777777778,52.37,54.15,57.8,49.84,3.985830932572866,0.027878556425434426,-0.005909510618651899,-0.06868512110726642,0.08005617977528079
2017-03-31,53.76,53.30285714285714,53.243571428571435,55.45466666666666,52.28822222222223,52.61,53.18,58.88,,3.984529696214894,0.021858962174491514,0.010906355772846902,-0.0869565217391305,
2017-04-03,54.0,53.535714285714285,53.32357142857143,55.344,52.36200000000001,52.88,53.45,,49.98,3.9889840465642745,0.021180030257186032,0.010289990645462996,,0.08043217286914772
2017-04-04,53.07,53.60142857142858,53.23642857142857,55.184333333333335,52.428333333333335,54.19,51.88,,51.3,3.9716117968398037,-0.020668019929876314,0.022937548188126402,,0.03450292397660825
2017-04-05,53.35,53.66857142857143,53.17928571428571,55.032333333333334,52.494777777777784,53.48,52.46,57.56,50.47,3.976873977747762,-0.002430815258040304,0.016965306900495625,-0.07314107018763032,0.05706360213988513
2017-04-06,53.38,53.55285714285714,53.193571428571424,54.903000000000006,52.56066666666667,53.83,52.37,56.83,49.93,3.9774361439763783,-0.008359650752368488,0.01928585067786911,-0.060707372866443704,0.0690967354296015
2017-04-07,54.54,53.70428571428572,53.271428571428565,54.76966666666667,52.63866666666666,53.76,52.61,56.68,,3.9989343774174424,0.014508928571428593,0.036685040866755364,-0.03775582215949189,
2017-04-10,54.22,53.760000000000005,53.43857142857143,54.629333333333335,52.71622222222222,54.0,52.88,,51.34,3.9930498440705193,0.004074074074074053,0.02534039334341899,,0.05609661082976228
2017-04-11,55.06,53.94571428571429,53.62428571428571,54.538000000000004,52.81011111111111,53.07,54.19,,51.68,4.008423499714461,0.03749764462031283,0.016054622624100474,,0.0654024767801858
2017-04-12,55.51,54.16142857142858,53.848571428571425,54.425666666666665,52.903888888888886,53.35,53.48,54.49,51.01,4.01656318470207,0.040487347703842484,0.0379581151832461,0.01871903101486504,0.08821799647128015
2017-04-13,54.31,54.33857142857143,53.96999999999999,54.317,52.975,53.38,53.83,52.88,51.15,3.994708372046754,0.017422255526414382,0.008916960802526547,0.027042360060514366,0.061779081133919916
2017-04-17,54.72,54.534285714285716,54.10142857142857,54.178999999999995,53.06000000000001,54.22,54.0,,50.24,4.002229273314295,0.009221689413500553,0.013333333333333312,,0.08917197452229293
2017-04-18,54.42,54.682857142857145,54.11785714285714,54.074333333333335,53.134888888888895,55.06,53.07,,50.38,3.9967317333551002,-0.01162368325463132,0.025438100621820264,,0.08019055180627231
2017-04-19,54.65,54.69857142857143,54.20142857142857,54.001666666666665,53.188222222222215,55.51,53.35,53.45,50.07,4.000949214622548,-0.01549270401729417,0.024367385192127406,0.02245088868101021,0.09147193928500097
2017-04-20,55.95,54.94571428571429,54.35285714285714,53.977333333333334,53.25877777777778,54.31,53.38,51.88,51.09,4.024458434757935,0.030197017123918257,0.04814537279880105,0.0784502698535081,0.09512624779800351
2017-04-21,55.63,55.02714285714286,54.48642857142857,53.953,53.32366666666667,,54.54,52.46,,4.018722624087202,,0.01998533186652005,0.06042699199390015,
2017-04-24,56.49,55.16714285714285,54.66428571428571,53.973333333333336,53.40277777777778,54.72,54.22,,49.65,4.034063631337171,0.032346491228070234,0.04186646993729257,,0.13776435045317229
2017-04-25,57.09,55.56428571428571,54.95142857142857,54.059999999999995,53.486555555555555,54.42,55.06,,49.46,4.044628969976168,0.04906284454244766,0.03686887032328371,,0.15426607359482414
2017-04-26,56.94,55.88142857142857,55.20785714285715,54.19533333333334,53.57166666666667,54.65,55.51,52.88,53.92,4.041998081849892,0.041903019213174734,0.025761124121779857,0.07677760968229945,0.05600890207715126
2017-04-27,55.75,56.07142857142857,55.37714285714286,54.24400000000001,53.629000000000005,55.95,54.31,54.19,52.7,4.020877410340228,-0.0035746201966041615,0.026514454060025734,0.028787599188042117,0.05787476280834909
2017-04-28,56.22,56.29571428571429,55.49714285714286,54.313,53.69888888888889,55.63,,53.48,,4.029272565478386,0.010605788243753304,,0.05123410620792824,
2017-05-01,56.28,56.34285714285714,55.644285714285715,54.416333333333334,53.76477777777778,56.49,54.72,,52.31,4.030339232246188,-0.003717472118959123,0.028508771929824605,,0.0758937105715924
2017-05-02,58.33,56.72857142857142,55.87785714285714,54.57899999999999,53.84744444444445,57.09,54.42,,52.73,4.066116540765546,0.021720091084252845,0.07184858507901501,,0.1062014033756875
2017-05-03,58.16,56.96714285714286,56.067142857142855,54.788333333333334,53.93088888888889,56.94,54.65,54.0,52.86,4.063197833225264,0.021426062521952914,0.06422689844464773,0.07703703703703697,0.10026485054861894
2017-05-04,58.34,57.145714285714284,56.355000000000004,54.98433333333333,54.020777777777774,55.75,55.95,53.07,52.88,4.066287964439575,0.04645739910313908,0.04271671134941913,0.09930280761258721,0.10325264750378216
2017-05-05,58.4,57.354285714285716,56.61785714285714,55.18533333333334,54.109111111111105,56.22,55.63,53.35,,4.067315889834181,0.03877623621487015,0.049793277008808125,0.09465791940018739,
2017-05-08,57.48,57.60142857142857,56.83642857142858,55.34766666666667,54.186777777777785,56.28,56.49,,53.04,4.051437061210824,0.021321961620469006,0.017525225703664275,,0.08371040723981896
2017-05-09,58.28,57.89571428571429,57.09571428571428,55.52766666666667,54.27688888888889,58.33,57.09,,52.92,4.065258981327004,-0.000857191839533639,0.020844280959887856,,0.10128495842781556
2017-05-10,58.37,58.19428571428572,57.26857142857143,55.667,54.367666666666665,58.16,56.94,54.22,54.52,4.0668020592157,0.0036107290233837836,0.025114155251141548,0.07654002213205456,0.0706162876008803
2017-05-11,58.09,58.160000000000004,57.44428571428572,55.82066666666667,54.45933333333333,58.34,55.75,55.06,54.71,4.061993532004442,-0.004285224545766198,0.04197309417040365,0.05503087540864513,0.0617802961067447
2017-05-12,57.22,58.02571428571429,57.496428571428574,55.93366666666667,54.53977777777778,58.4,56.22,55.51,,4.0469034876219645,-0.02020547945205479,0.017787264318747775,0.030805260313457053,
2017-05-15,58.03,57.98142857142857,57.56357142857143,56.07600000000001,54.61455555555556,57.48,56.28,,55.31,4.060960118202517,0.009568545581071751,0.03109452736318408,,0.049177363948653026
2017-05-16,58.27,57.962857142857146,57.65857142857143,56.21833333333334,54.70122222222222,58.28,58.33,,57.29,4.065087381154983,-0.0001715854495538437,-0.0010286302074403425,,0.017105952173154196
2017-05-17,57.04,57.9,57.750714285714295,56.35066666666667,54.780222222222214,58.37,58.16,54.72,56.34,4.04375277610604,-0.022785677574096254,-0.019257221458046724,0.042397660818713455,0.012424565140220016
2017-05-18,57.29,57.75857142857143,57.82714285714286,56.482,54.85788888888889,58.09,58.34,54.42,57.32,4.048126088420487,-0.013771733516956519,-0.017997943092218104,0.052737963983829426,-0.0005233775296580799
2017-05-19,58.04,57.71142857142856,57.952857142857134,56.63733333333333,54.93233333333334,57.22,58.4,54.65,,4.061132428015987,0.014330653617616223,-0.006164383561643826,0.06203110704483075,
2017-05-22,58.92,57.83,57.995000000000005,56.78333333333333,55.01277777777777,58.03,57.48,,57.86,4.076180591594429,0.015336894709632959,0.02505219206680593,,0.01832008295886627
2017-05-23,59.64,58.17571428571428,58.10071428571429,56.96399999999999,55.108666666666664,58.27,58.28,,57.91,4.088326489896538,0.023511240775699285,0.023335621139327373,,0.029873942324296392
2017-05-24,59.58,58.39714285714286,58.18928571428571,57.11466666666667,55.202333333333335,57.04,58.37,56.49,57.26,4.0873199472851365,0.044530154277699845,0.02072982696590716,0.05469994689325538,0.0405169402724415
2017-05-25,60.92,58.77571428571428,58.369285714285716,57.294999999999995,55.321000000000005,57.29,58.09,57.09,58.54,4.109561528026961,0.06336184325362197,0.0487175073162334,0.06708705552636185,0.04065596173556547
2017-05-26,60.67,59.294285714285714,58.597142857142856,57.507,55.43533333333334,58.04,57.22,56.94,,4.105449341954206,0.04531357684355621,0.060293603635092674,0.06550755180892175,
2017-05-30,59.48,59.607142857142854,58.682857142857145,57.66566666666667,55.53988888888888,59.64,58.27,,58.88,4.085640121591954,-0.00268276324614359,0.020765402436931417,,0.01019021739130425
2017-05-31,60.09,59.9,58.805714285714295,57.85466666666666,55.63988888888889,59.58,57.04,56.28,57.57,4.095843438345836,0.008559919436052452,0.0534712482468444,0.06769722814498938,0.04377279833246488
2017-06-01,60.3,60.097142857142856,58.96357142857143,58.043,55.754999999999995,60.92,57.29,58.33,58.86,4.09933210373314,-0.010177281680893048,0.052539710246116214,0.033773358477627274,0.024464831804281308
2017-06-02,60.36,60.2,59.18785714285714,58.190000000000005,55.873999999999995,60.67,58.04,58.16,,4.100326633899648,-0.005109609362122998,0.0399724328049621,0.03782668500687763,
2017-06-05,60.99,60.401428571428575,59.39928571428572,58.36866666666666,56.00211111111112,,58.92,,56.83,4.110709916308365,,0.03513238289205703,,0.07320077423895836
2017-06-06,60.1,60.284285714285716,59.53000000000001,58.489,56.07077777777778,59.48,59.64,,56.68,4.096009841541162,0.010423671822461409,0.007712944332662656,,0.06033874382498239
2017-06-07,59.96,60.182857142857145,59.738571428571426,58.584666666666664,56.151444444444444,60.09,59.58,57.48,56.36,4.093677673234397,-0.0021634215343651615,0.006377979187646905,0.04314544189283236,0.06387508871540101
2017-06-08,59.16,60.137142857142855,59.87214285714286,58.65866666666667,56.22711111111111,60.3,60.92,58.28,55.88,4.080245637842599,-0.01890547263681593,-0.028890347997373687,0.015099519560741171,0.05869720830350741
2017-06-09,59.46,60.047142857142866,59.973571428571425,58.782333333333334,56.30655555555555,60.36,60.67,58.37,,4.085303817569952,-0.014910536779324033,-0.019943959123125115,0.018673976357718065,
2017-06-12,58.99,59.86,59.97857142857142,58.87466666666667,56.376111111111115,60.99,,,52.88,4.077367938014984,-0.03279226102639777,,,0.11554462934947048
2017-06-13,59.21,59.69571428571429,59.94785714285714,58.97233333333333,56.44666666666667,60.1,59.48,,54.29,4.081090446543684,-0.014808652246256248,-0.004539340954942771,,0.09062442438754838
2017-06-14,59.53,59.48714285714285,59.94428571428572,59.01233333333334,56.52055555555556,59.96,60.09,58.03,54.15,4.086480387165299,-0.007171447631754498,-0.00931935430188055,0.025848698948819575,0.099353647276085
2017-06-15,60.11,59.48857142857143,59.88642857142857,59.07733333333333,56.59877777777777,59.16,60.3,58.27,53.18,4.09617621705107,0.01605814739688984,-0.003150912106135949,0.03157714089582969,0.13031214742384353
2017-06-16,60.29,59.535714285714285,59.85928571428571,59.14233333333333,56.679333333333325,59.46,60.36,57.04,,4.099166252501314,0.013958964009418068,-0.0011597084161696534,0.05697755960729313,
2017-06-19,60.92,59.787142857142854,59.96214285714286,59.22633333333333,56.768222222222214,58.99,60.99,,51.88,4.109561528026961,0.03271740973046278,-0.0011477291359239265,,0.17424826522744793
2017-06-20,60.33,59.91142857142857,59.97928571428571,59.32133333333333,56.83277777777778,59.21,60.1,,52.46,4.09982949245267,0.01891572369532169,0.003826955074875156,,0.15001906214258479
2017-06-21,61.03,60.20285714285715,60.03142857142858,59.413,56.903000000000006,59.53,59.96,58.92,52.37,4.111365546556404,0.025197379472534857,0.01784523015343563,0.035811269517990484,0.16536184838648088
2017-06-22,61.52,60.53285714285715,60.114285714285714,59.518,56.96733333333333,60.11,59.16,59.64,52.61,4.119362325197389,0.023456995508234966,0.03989181879648422,0.0315224681421865,0.1693594373693215
2017-06-23,61.92,60.87428571428571,60.18071428571428,59.64566666666666,57.04077777777778,60.29,59.46,59.58,,4.125843229281472,0.027035992701940664,0.04137235116044401,0.039274924471299155,
2017-06-26,61.75,61.10857142857143,60.29857142857143,59.79666666666667,57.090333333333334,60.92,58.99,,54.19,4.123093975508087,0.013624425476034114,0.04678759111713846,,0.1395091345266655
2017-06-27,61.51,61.28285714285714,60.409285714285716,59.91266666666666,57.14777777777778,60.33,59.21,,53.48,4.119199763220277,0.019559091662522787,0.038844789731464234,,0.15014958863126404
2017-06-28,62.01,61.438571428571436,60.61285714285714,60.03733333333333,57.1998888888889,61.03,59.53,,53.83,4.127295662361787,0.016057676552515106,0.041659667394590906,,0.15195987367638863
2017-06-29,61.81,61.64999999999999,60.78071428571429,60.19633333333333,57.24377777777777,61.52,60.11,59.48,53.76,4.124065163671182,0.0047139141742522615,0.028281483946098866,0.039172831203766065,0.14973958333333343
2017-06-30,62.14,61.80857142857143,61.00571428571429,60.358,57.29077777777778,61.92,60.29,60.09,,4.129389903964901,0.0035529715762273716,0.03068502239177312,0.034115493426526824,
2017-07-03,62.07,61.887142857142855,61.209999999999994,60.492333333333335,57.344222222222214,61.75,60.92,,53.07,4.128262780425561,0.005182186234817818,0.01887721602101114,,0.1695873374788016
2017-07-05,63.16,62.06428571428571,61.46928571428572,60.63366666666666,57.395555555555546,62.01,61.03,60.99,53.38,4.145671189387441,0.018545395903886448,0.0349008684253645,0.03557960321364149,0.18321468714874473
2017-07-06,63.36,62.294285714285714,61.70142857142857,60.757666666666665,57.45033333333334,61.81,61.52,60.1,54.54,4.14883274750617,0.025076848406406685,0.029908972691807482,0.054242928452579,0.16171617161716173
2017-07-07,64.24,62.684285714285714,61.98357142857143,60.913,57.52188888888889,62.14,61.92,59.96,,4.162626069638506,0.03379465722561948,0.037467700258397824,0.07138092061374239,
2017-07-10,63.13,62.84428571428571,62.14142857142857,60.98666666666667,57.56911111111111,62.07,61.75,,55.06,4.145196092379535,0.017077493152891934,0.022348178137651862,,0.14656738103886668
2017-07-11,61.81,62.84428571428572,62.24714285714286,61.02466666666667,57.61622222222222,,61.51,,55.51,4.124065163671182,,0.004877255730775553,,0.11349306431273652
2017-07-12,62.08,62.83571428571428,62.32214285714286,61.11133333333333,57.651999999999994,63.16,62.01,58.99,54.31,4.128423875874963,-0.01709943001899934,0.0011288501854539636,0.05238175962027456,0.14306757503222234
2017-07-13,62.02,62.82857142857143,62.35785714285714,61.175666666666665,57.70155555555556,63.36,61.81,59.21,,4.127456913672303,-0.02114898989898984,0.003397508493771248,0.04745819962844118,
2017-07-14,61.93,62.65285714285715,62.35857142857143,61.23,57.75822222222223,64.24,62.14,59.53,,4.1260047149499695,-0.03595890410958897,-0.0033794657225619707,0.04031580715605575,
2017-07-17,62.14,62.478571428571435,62.38642857142857,61.28933333333334,57.818888888888885,63.13,62.07,,54.42,4.129389903964901,-0.015681926184064658,0.0011277589817947525,,0.1418596104373392
2017-07-18,61.57,62.097142857142856,62.39071428571429,61.30866666666667,57.876777777777775,61.81,,,54.65,4.120174738923119,-0.0038828668500243,,,0.12662397072278136
2017-07-19,61.41,61.85142857142858,62.347857142857144,61.35233333333334,57.93822222222223,62.08,63.16,60.92,55.95,4.1175726883413075,-0.010792525773195904,-0.027707409753008234,0.008043335521995976,0.09758713136729211
2017-07-20,60.4,61.65,62.247142857142855,61.367,58.003888888888895,62.02,63.36,60.33,55.63,4.100989104940769,-0.026120606256046508,-0.046717171717171734,0.0011602850986242382,0.08574510156390429
2017-07-21,60.28,61.392857142857146,62.114285714285714,61.40433333333333,58.08611111111111,61.93,64.24,61.03,,4.099000373758295,-0.02664298401420957,-0.06164383561643826,-0.012289038177945272,
2017-07-24,59.81,61.07714285714285,61.95285714285715,61.416000000000004,58.147444444444446,62.14,63.13,,57.09,4.091172871056465,-0.037495976826520734,-0.052589893869792494,,0.04764407076545803
2017-07-25,58.82,60.632857142857134,61.642857142857146,61.410333333333334,58.19933333333333,61.57,61.81,,56.94,4.074481933125849,-0.04466460938768881,-0.048374049506552365,,0.03301721109940293
2017-07-26,59.52,60.25857142857143,61.36857142857143,61.42066666666667,58.26977777777778,61.41,62.08,61.75,55.75,4.086312390524837,-0.030776746458231453,-0.04123711340206178,-0.03611336032388659,0.06762331838565028
2017-07-27,56.57,59.544285714285714,60.82071428571429,61.321999999999996,58.30444444444444,60.4,62.02,61.51,56.22,4.035478809355064,-0.06341059602649005,-0.08787487907126737,-0.0803121443667696,0.0062255425115617475
2017-07-28,56.56,58.85142857142857,60.35142857142857,61.20366666666667,58.35644444444444,60.28,61.93,62.01,,4.0353020215883175,-0.06171201061712009,-0.086710802518973,-0.08788905015320103,
2017-07-31,55.51,58.152857142857144,59.901428571428575,61.04433333333334,58.39033333333334,59.81,62.14,,58.33,4.01656318470207,-0.07189433205149648,-0.10669456066945611,,-0.04834561974969999
2017-08-01,55.72,57.501428571428576,59.44714285714286,60.870999999999995,58.42755555555555,58.82,61.57,,58.16,4.020339148911605,-0.05270316218973141,-0.09501380542471985,,-0.04195323246217328
2017-08-02,55.7,56.91428571428572,58.99571428571428,60.71666666666667,58.461888888888886,59.52,61.41,62.07,58.34,4.019980146933238,-0.06418010752688172,-0.0929815990880963,-0.10262606734332201,-0.04525197120329106
2017-08-03,56.11,56.52714285714286,58.58,60.552666666666674,58.49777777777778,56.57,60.4,,58.4,4.0273140497628805,-0.008131518472688719,-0.07102649006622515,,-0.03921232876712327
2017-08-04,56.58,56.107142857142854,58.182857142857145,60.388000000000005,58.52433333333334,56.56,60.28,63.16,,4.035655565873421,0.00035360678925028325,-0.061380225613802304,-0.10417986067131094,
2017-08-07,55.37,55.93571428571429,57.74,60.169666666666664,58.54533333333333,55.51,59.81,,58.28,4.014037930834876,-0.002522068095838598,-0.07423507774619637,,-0.049931365820178514
2017-08-08,54.81,55.68571428571429,57.26857142857143,59.93833333333334,58.55622222222222,55.72,58.82,,58.37,4.003872659058025,-0.016331658291457225,-0.06817409044542669,,-0.06099023470961102
2017-08-09,54.69,55.56857142857143,56.86071428571429,59.711,58.56655555555555,55.7,59.52,63.13,58.09,4.001680877358681,-0.01813285457809704,-0.08114919354838718,-0.13369238080152074,-0.058529867447064995
2017-08-10,54.01,55.324285714285715,56.41285714285714,59.44433333333333,58.56666666666667,56.11,56.57,61.81,57.22,3.9891692146047997,-0.03742648369274642,-0.04525366802191978,-0.12619317262578877,-0.056099265990912285
2017-08-11,54.14,55.10142857142857,56.00785714285714,59.18866666666667,58.57855555555555,56.58,56.56,62.08,,3.9915732841861553,-0.043124779073877656,-0.042786421499292814,-0.12789948453608244,
2017-08-14,54.72,54.902857142857144,55.714999999999996,58.94133333333333,58.593777777777774,55.37,55.51,,58.27,4.002229273314295,-0.011739208957919425,-0.014231669969374873,,-0.06092328814141074
2017-08-15,55.2,54.705714285714286,55.40642857142857,58.71233333333334,58.614000000000004,54.81,55.72,,57.04,4.01096295328305,0.007115489874110574,-0.00933237616654695,,-0.03225806451612897
2017-08-16,55.31,54.69714285714286,55.31642857142857,58.45066666666666,58.622555555555564,54.69,55.7,62.14,57.29,4.012953724006587,0.011336624611446418,-0.007001795332136455,-0.10991309945284838,-0.03456100541106645
2017-08-17,53.15,54.459999999999994,55.07285714285714,58.11033333333334,58.61066666666667,54.01,56.11,61.57,58.04,3.973118104787957,-0.01592297722643954,-0.05275351987168064,-0.13675491310703267,-0.08425223983459684
2017-08-18,53.17,54.24285714285714,54.90571428571429,57.74133333333334,58.589666666666666,54.14,56.58,61.41,,3.973494327516247,-0.01791651274473585,-0.06026864616472246,-0.1341801009607555,
2017-08-21,53.54,54.175714285714285,54.75,57.42166666666666,58.567777777777785,54.72,55.37,,59.64,3.9804290380922063,-0.021564327485380112,-0.033050388296911655,,-0.10228034875922203
2017-08-22,53.43,54.074285714285715,54.587857142857146,57.14233333333333,58.558,55.2,54.81,,59.58,3.97837238596968,-0.032065217391304406,-0.02517788724685281,,-0.10322255790533734
2017-08-23,51.72,53.645714285714284,54.27428571428572,56.797000000000004,58.52466666666666,55.31,54.69,59.81,60.92,3.945844553903657,-0.06490688844693551,-0.05430608886450903,-0.13526166192944328,-0.15101772816808934
2017-08-24,50.71,53.00428571428571,53.855000000000004,56.42,58.48344444444444,53.15,54.01,58.82,60.67,3.926123129806928,-0.0459078080903104,-0.06109979633401217,-0.13787827269636177,-0.16416680402175707
2017-08-25,52.68,52.628571428571426,53.66285714285714,56.11166666666667,58.461555555555556,53.17,54.14,59.52,,3.9642358768750805,-0.009215723152153507,-0.02696712227558184,-0.11491935483870973,
2017-08-28,51.75,52.42857142857143,53.44428571428572,55.76533333333334,58.41488888888889,53.54,54.72,,59.48,3.9464244321454784,-0.033432947329099724,-0.054276315789473666,,-0.1299596503026227
2017-08-29,51.46,52.184285714285714,53.21357142857143,55.42833333333333,58.36855555555556,53.43,55.2,,60.09,3.940804806853598,-0.03687067190716824,-0.06775362318840583,,-0.14361790647362294
2017-08-30,51.52,51.895714285714284,53.035714285714285,55.09866666666667,58.31333333333334,51.72,55.31,55.51,60.3,3.9419700817960983,-0.003866976024748564,-0.06852287109021875,-0.07187894073139965,-0.14560530679933656
2017-08-31,52.14,51.71142857142858,52.892857142857146,54.82333333333334,58.25833333333333,50.71,53.15,55.72,60.36,3.9539324085053558,0.028199566160520603,-0.01900282220131699,-0.06424982053122753,-0.13618290258449303
2017-09-01,52.19,51.778571428571425,52.71214285714286,54.55366666666667,58.205555555555556,52.68,53.17,55.7,,3.9548909056553216,-0.009301442672741116,-0.018431446304307014,-0.06301615798922809,
2017-09-05,51.14,51.839999999999996,52.422142857142866,54.26466666666666,58.15433333333333,51.46,53.43,,59.96,3.9345669698630408,-0.006218422075398373,-0.0428598165824443,,-0.14709806537691794
2017-09-06,51.67,51.69571428571429,52.162142857142854,54.02633333333333,58.10377777777778,51.52,51.72,55.37,59.16,3.9448773422990935,0.0029114906832297858,-0.0009667440061871067,-0.06682318945277219,-0.1266058147396889
2017-09-07,52.21,51.761428571428574,52.095000000000006,53.782666666666664,58.05855555555555,52.14,50.71,54.81,59.46,3.955274047422461,0.001342539317222867,0.029579964504042596,-0.047436599160737114,-0.12193070972082072
2017-09-08,52.87,51.962857142857146,52.073571428571434,53.65933333333333,57.99788888888888,52.19,52.68,54.69,,3.9678360702473587,0.013029315960912047,0.0036066818526954768,-0.03327847869811666,
2017-09-11,53.6,52.26,52.07785714285715,53.56066666666666,57.94722222222222,,51.75,,59.21,3.9815490680767565,,0.035748792270531425,,-0.09474750886674548
2017-09-12,53.95,52.51857142857143,52.115,53.50866666666666,57.89844444444444,51.14,51.46,,59.53,3.9880576917041437,0.05494720375439973,0.04838709677419359,,-0.09373425163782964
2017-09-13,54.66,52.871428571428574,52.324999999999996,53.473333333333336,57.85688888888889,51.67,51.52,54.72,60.11,4.001132180499922,0.0578672343719759,0.06094720496894397,-0.001096491228070217,-0.09066711029778744
2017-09-14,54.35,53.330000000000005,52.584999999999994,53.428333333333335,57.822111111111106,52.21,52.14,55.2,60.29,3.9954446135672184,0.040988316414479996,0.042385884158036076,-0.015398550724637706,-0.09852380162547683
2017-09-15,54.72,53.76571428571429,52.730714285714285,53.382,57.78255555555556,52.87,52.19,55.31,,4.002229273314295,0.034991488556837556,0.04847671967809928,-0.010667148797685832,
2017-09-18,54.09,54.034285714285716,52.89785714285715,53.299,57.735,53.6,,,60.33,3.9906493258833358,0.009141791044776157,,,-0.10343112879164587
2017-09-19,53.54,54.129999999999995,53.04642857142857,53.23800000000001,57.68444444444445,53.95,51.14,,61.03,3.9804290380922063,-0.007599629286376342,0.04692999608916697,,-0.12272652793708015
2017-09-20,54.25,54.222857142857144,53.24142857142857,53.21933333333333,57.651444444444444,54.66,51.67,53.54,61.52,3.993602992420569,-0.007500914745700633,0.0499322624346816,0.013261113186402705,-0.11817295188556572
2017-09-21,54.63,54.32,53.419285714285714,53.21733333333334,57.61366666666666,54.35,52.21,53.43,61.92,4.000583182407627,0.005151793928242891,0.0463512737023559,0.022459292532285288,-0.11773255813953487
2017-09-22,54.93,54.35857142857143,53.615,53.248000000000005,57.57655555555556,54.72,52.87,51.72,,4.006059647354529,0.00383771929824563,0.0389634953659921,0.06206496519721579,
2017-09-25,55.12,54.46857142857142,53.89928571428571,53.28066666666667,57.55522222222223,54.09,53.6,,61.51,4.009512626705403,0.0190423368459973,0.028358208955223806,,-0.10388554706551781
2017-09-26,55.72,54.61142857142857,54.18857142857143,53.314,57.537777777777784,53.54,53.95,,62.01,4.020339148911605,0.040717220769518114,0.03280815569972189,,-0.10143525237864859
2017-09-27,55.88,54.86714285714286,54.450714285714284,53.336666666666666,57.513777777777776,54.25,54.66,51.75,61.81,4.023206534388761,0.030046082949308803,0.022319795096963156,0.0798067632850242,-0.09593916841934962
2017-09-28,56.17,55.24285714285714,54.68642857142857,53.36533333333333,57.48322222222223,54.63,54.35,51.46,62.14,4.028382806544341,0.02818963939227529,0.03348666053357866,0.09152739992226974,-0.09607338268426133
2017-09-29,55.98,55.49,54.85642857142857,53.459666666666664,57.44255555555556,54.93,54.72,51.52,,4.0249944840873075,0.019115237575095523,0.023026315789473648,0.08656832298136634,
2017-10-02,55.99,55.684285714285714,55.00214285714286,53.55366666666667,57.40266666666666,55.12,54.09,,,4.025173103360802,0.015783744557329546,0.03512664078387869,,
2017-10-03,58.51,56.19571428571429,55.27714285714286,53.71933333333334,57.37588888888889,55.72,53.54,,63.16,4.069197679800145,0.050071787508973425,0.0928277923048188,,-0.07362254591513614
2017-10-04,58.38,56.66142857142857,55.565000000000005,53.88433333333333,57.35044444444444,55.88,54.25,,63.36,4.0669733654259685,0.044738725841088046,0.07612903225806457,,-0.0785984848484848
2017-10-05,58.29,57.028571428571425,55.82,54.10333333333333,57.33722222222222,56.17,54.63,51.14,64.24,4.0654305520574585,0.03774256720669392,0.06699615595826462,0.1398122800156433,-0.09262141967621414
2017-10-06,58.44,57.394285714285715,56.130714285714284,54.361,57.3188888888889,55.98,54.93,51.67,,4.068000586882499,0.04394426580921759,0.06389950846531946,0.1310238049158118,
2017-10-09,57.66,57.607142857142854,56.425000000000004,54.527,57.28955555555556,55.99,55.12,,61.81,4.054563692210256,0.029826754777638766,0.04608127721335267,,-0.06714123928166972
2017-10-10,58.01,57.89714285714285,56.69357142857143,54.73566666666667,57.263444444444445,58.51,55.72,,62.08,4.060615409477973,-0.008545547769612033,0.0410983488872936,,-0.06556056701030928
2017-10-11,58.55,58.262857142857136,56.973571428571425,54.972,57.23633333333333,58.38,55.88,53.6,62.02,4.069881090043726,0.0029119561493661287,0.04778095919828194,0.09235074626865664,-0.05594969364721067
2017-10-12,58.81,58.30571428571428,57.25071428571429,55.214999999999996,57.22200000000001,58.29,56.17,53.95,61.93,4.074311908471865,0.008920912677989418,0.0470001780309774,0.09008341056533826,-0.05037946068141446
2017-10-13,59.12,58.41142857142857,57.53642857142857,55.44766666666667,57.21266666666667,58.44,55.98,54.66,,4.079569276639947,0.011635865845311425,0.056091461236155785,0.08159531650201246,
2017-10-16,58.88,58.49571428571428,57.76214285714286,55.67066666666666,57.20955555555556,57.66,55.99,,61.57,4.075501474420621,0.021158515435310544,0.051616360064297206,,-0.043690108819230106
2017-10-17,58.73,58.537142857142854,57.965714285714284,55.92366666666667,57.20144444444445,58.01,58.51,,61.41,4.072950669534428,0.012411653163247697,0.0037600410186292748,,-0.043641100797915645
2017-10-18,58.83,58.70428571428572,58.15571428571428,56.16233333333333,57.19966666666666,58.55,58.38,54.09,60.4,4.0746519288763645,0.004782237403928286,0.007708119218910512,0.08763172490293944,-0.025993377483443714
2017-10-19,58.63,58.792857142857144,58.345000000000006,56.376333333333335,57.19322222222222,58.81,58.29,53.54,60.28,4.071246510976124,-0.003060703961911235,0.005832904443300796,0.095069107209563,-0.027372262773722605
2017-10-20,59.37,58.910000000000004,58.58642857142858,56.592999999999996,57.19144444444444,59.12,58.44,54.25,,4.083789048282584,0.004228687415426252,0.015913757700205335,0.09437788018433176,
2017-10-23,58.76,58.902857142857144,58.604285714285716,56.765,57.17644444444444,58.88,57.66,,58.82,4.073461351305676,-0.0020380434782609467,0.01907734998265698,,-0.001020061203672259
2017-10-24,58.8,58.857142857142854,58.6342857142857,56.92666666666666,57.159888888888894,58.73,58.01,,59.52,4.074141854904581,0.0011918951132300407,0.013618341665230118,,-0.012096774193548487
2017-10-25,57.1499,58.60998571428571,58.55284999999999,57.009663333333336,57.1179988888889,58.83,58.55,55.12,56.57,4.0456776404580115,-0.02855855855855849,-0.02391289496157122,0.03682692307692317,0.010251016439809123
2017-10-26,55.11,58.092842857142855,58.314992857142855,57.034996666666665,57.05999888888889,58.63,58.81,55.72,56.56,4.009331187895144,-0.06003752345215765,-0.06291447032817553,-0.01094759511844938,-0.025636492220650686
2017-10-27,54.11,57.41855714285714,58.06142142857142,57.01466333333334,56.983109999999996,59.37,59.12,55.88,,3.991019011654644,-0.08859693447869291,-0.08474289580514205,-0.03167501789549039,
2017-10-30,54.73,56.86141428571428,57.82713571428571,57.03599666666666,56.90766555555556,58.76,58.88,,55.72,4.0024120051558265,-0.0685840707964602,-0.07048233695652183,,-0.017767408470926095
2017-10-31,53.86,56.07427142857143,57.492135714285716,57.04666333333333,56.81811,58.8,58.73,,55.7,3.9863880873834527,-0.08401360544217684,-0.08292184573471817,,-0.03303411131059252
2017-11-01,53.99,55.39284285714286,57.14785,57.037996666666665,56.73188777777777,57.1499,58.83,55.99,56.11,3.9887988442301956,-0.05529143533059551,-0.08227095019547843,-0.03572066440435792,-0.03778292639458203
2017-11-02,53.99,54.70569999999999,56.781421428571434,57.01666333333333,56.64833222222222,55.11,58.63,58.51,56.58,3.9887988442301956,-0.020322990382870575,-0.07914037182329865,-0.0772517518372927,-0.045775892541534045
2017-11-03,54.14,54.27571428571429,56.44285,56.99033,56.56088777777777,54.11,59.37,58.38,,3.9915732841861553,0.0005544261689151938,-0.08809162876873837,-0.07262761219595755,
2017-11-06,54.52,54.19142857142857,56.142135714285715,56.97033,56.47988777777778,54.73,58.76,,54.81,3.998567606828332,-0.0038370180887994476,-0.07215793056501013,,-0.005291005291005275
2017-11-07,53.87,54.15714285714286,55.78785,56.90866333333334,56.38799888888889,53.86,58.8,,54.69,3.9865737366924425,0.00018566654288893446,-0.08384353741496599,,-0.01499360029255806
2017-11-08,54.01,54.05428571428571,55.45785,56.84633,56.29844333333334,53.99,57.1499,57.66,54.01,3.9891692146047997,0.0003704389701795892,-0.05494147846277954,-0.06330211585154351,0.0
2017-11-09,53.46,53.99714285714286,55.03570714285714,56.75599666666666,56.19066555555556,53.99,55.11,58.01,54.14,3.978933710710773,-0.009816632709761087,-0.029940119760479018,-0.07843475262885705,-0.012560029553010707
2017-11-10,53.49,53.92571428571428,54.65927857142857,56.67299666666666,56.080998888888885,54.14,54.11,58.55,,3.979494720543159,-0.012005910602142567,-0.011458140824246857,-0.0864218616567036,
2017-11-13,53.25,53.82,54.26285000000001,56.58166333333333,55.958887777777775,54.52,54.73,,55.2,3.9749978045895347,-0.02329420396184892,-0.02704184176868257,,-0.03532608695652179
2017-11-14,53.75,53.76428571428571,54.02,56.42299666666666,55.854665555555556,53.87,53.86,,55.31,3.984343667007772,-0.002227584926675282,-0.002042331971778675,,-0.028204664617609874
2017-11-15,54.63,53.78000000000001,53.98571428571429,56.29799666666667,55.774887777777785,54.01,53.99,58.88,53.15,4.000583182407627,0.011479355674875107,0.011854047045749223,-0.07218070652173912,0.027845719661335918
2017-11-16,55.27,53.980000000000004,54.06857142857143,56.19733,55.699221111111115,53.46,53.99,58.73,53.17,4.012230265845171,0.03385708941264501,0.023708094091498447,-0.05891367273965595,0.03949595636637204
2017-11-17,54.71,54.08,54.06714285714286,56.07299666666667,55.617998888888884,53.49,54.14,58.83,,4.002046508075734,0.022808001495606633,0.01052826006649428,-0.07003229644739074,
2017-11-20,54.65,54.25000000000001,54.12357142857143,55.97266333333333,55.53711,53.25,54.52,,53.43,4.000949214622548,0.026291079812206547,0.0023844460748348394,,0.022833614074489965
2017-11-21,55.43,54.52714285714286,54.22642857142857,55.88666333333333,55.46255444444444,53.75,53.87,,51.72,4.0151209634317135,0.031255813953488365,0.028958604046779326,,0.07173240525908742
2017-11-22,55.09,54.790000000000006,54.305,55.771330000000006,55.39055444444445,54.63,54.01,58.76,50.71,4.008968211484625,0.008420281896393938,0.019996296982040463,-0.06245745405037431,0.08637349635180443
2017-11-24,55.14,54.98857142857143,54.37642857142857,55.64899666666667,55.32088777777778,54.71,53.49,57.1499,,4.0098754055956505,0.007859623469201238,0.03084688726864832,-0.03516891543117314,
2017-11-27,54.6,54.98428571428571,54.38214285714286,55.498329999999996,55.25644333333333,54.65,53.25,,51.46,4.000033882750859,-0.0009149130832570386,0.025352112676056363,,0.061018266614846495
2017-11-28,56.17,55.112857142857145,54.54642857142857,55.40799666666667,55.21077666666667,55.43,53.75,,51.52,4.028382806544341,0.013350171387335415,0.04502325581395352,,0.0902562111801242
2017-11-29,58.88,55.70857142857143,54.894285714285715,55.41299666666667,55.20044333333333,55.09,54.63,54.73,52.14,4.075501474420621,0.06879651479397347,0.0777960827384221,0.07582678604056287,0.12926735711545842
2017-11-30,60.67,56.56857142857143,55.409285714285716,55.47433,55.22099888888889,,55.27,53.86,52.19,4.105449341954206,,0.09770218925275916,0.12643891570738958,0.16248323433607978
2017-12-01,59.92,57.21,55.86857142857143,55.51733,55.22544333333333,55.14,54.71,53.99,,4.0930103392089645,0.08668842945230325,0.095229391336136,0.10983515465827004,
2017-12-04,62.03,58.20142857142857,56.49571428571428,55.60599666666666,55.28611,54.6,54.65,,51.14,4.127618138985026,0.13608058608058607,0.1350411710887466,,0.21294485725459525
2017-12-05,61.72,59.14142857142857,57.065,55.70466333333333,55.343443333333326,56.17,55.43,,51.67,4.12260802749496,0.0988071924514865,0.1134764567923507,,0.19450358041416677
2017-12-06,61.12,60.07285714285714,57.528571428571425,55.78199666666667,55.40577666666667,58.88,55.09,54.52,52.21,4.112839144858265,0.03804347826086948,0.10945725176983107,0.12105649303008059,0.17065696226776472
2017-12-07,63.02,61.05142857142857,58.082142857142856,55.97766666666667,55.48688777777778,60.67,,53.87,52.87,4.143452136329128,0.03873413548706117,,0.16985335065899398,0.19198032910913573
2017-12-08,63.33,61.68714285714286,58.69785714285714,56.251666666666665,55.57166555555556,59.92,55.14,54.01,,4.148359150528339,0.056909212283044,0.14853101196953206,0.17256063691908907,
2017-12-11,63.32,62.065714285714286,59.317142857142855,56.55866666666667,55.65177666666666,62.03,54.6,,53.95,4.148201235012811,0.020796388844107675,0.1597069597069597,,0.17367933271547722
2017-12-12,63.43,62.56714285714286,59.88857142857143,56.84866666666667,55.72788777777778,61.72,56.17,,54.66,4.149936935645806,0.0277057679844459,0.12925048958518778,,0.16044639590193932
2017-12-13,63.14,62.72571428571428,60.46357142857143,57.15800000000001,55.81422111111111,61.12,58.88,53.25,54.35,4.145354483129846,0.03304973821989534,0.07235054347826084,0.18572769953051643,0.16172953081876723
2017-12-14,63.85,63.03000000000001,61.08571428571429,57.48666666666667,55.91466555555556,63.02,60.67,53.75,54.72,4.156536582478548,0.013170422088225933,0.05241470248887423,0.18790697674418608,0.16684941520467841
2017-12-15,64.7,63.541428571428575,61.80714285714286,57.84366666666667,56.025887777777776,63.33,59.92,54.63,,4.169761201506855,0.021632717511448043,0.07977303070761016,0.18433095368844957,
2017-12-18,65.7,63.92428571428571,62.487857142857145,58.229000000000006,56.15577666666666,63.32,62.03,,53.54,4.185098925490565,0.037586860391661446,0.0591649201999033,,0.2271199103474039
2017-12-19,65.92,64.29428571428572,62.9907142857143,58.609,56.28666555555556,63.43,61.72,,54.25,4.188441885601216,0.03925587261548166,0.06804925469863907,,0.21511520737327192
2017-12-20,66.09,64.69000000000001,63.37785714285714,59.01633333333334,56.412998888888886,63.14,61.12,54.65,54.63,4.191017449482361,0.04672157111181506,0.08131544502617812,0.20933211344922242,0.2097748489840747
2017-12-21,66.03,65.06142857142858,63.814285714285724,59.417,56.53333222222222,63.85,63.02,55.43,54.93,4.19010918420648,0.034142521534847294,0.04776261504284351,0.1912321847375068,0.20207536865101042
2017-12-22,65.97,65.46571428571428,64.0957142857143,59.83400000000001,56.65177666666666,64.7,63.33,55.09,,4.1892000932347795,0.01962905718701694,0.04168640454760778,0.19749500816845153,
2017-12-26,65.98,65.77,64.4,60.25033333333334,56.79433222222223,65.92,63.43,,55.88,4.1893516658004355,0.0009101941747573161,0.040201797256818605,,0.18074445239799572
2017-12-27,65.96,65.95,64.74571428571429,60.674,56.93644333333334,66.09,63.14,54.6,56.17,4.189048497691398,-0.0019670146769558126,0.04466265441875187,0.2080586080586079,0.17429232686487434
2017-12-28,65.87,65.97428571428573,64.94928571428572,61.078,57.07344333333334,66.03,63.85,56.17,55.98,4.187683102652602,-0.0024231409965166833,0.03163664839467507,0.17269004806836394,0.17667023937120416
2017-12-29,65.45,65.90714285714286,65.10071428571429,61.43866666666667,57.20699888888889,65.97,64.7,58.88,,4.181286492355909,-0.007882370774594452,0.0115919629057187,0.11158288043478261,
2018-01-02,66.29,65.93571428571428,65.31285714285715,61.806000000000004,57.368887777777786,65.98,65.92,,58.38,4.1940390562533,0.004698393452561417,0.0056128640776699715,,0.13549160671462834
2018-01-03,64.91,65.77571428571429,65.41857142857143,62.146,57.52666555555556,65.96,66.09,62.03,58.29,4.173001695045377,-0.015918738629472365,-0.017854440913905385,0.046429147186845,0.11357008063132609
2018-01-04,64.7,65.59428571428572,65.53,62.481,57.66022111111111,65.87,66.03,61.72,58.44,4.169761201506855,-0.017762258994990156,-0.02014235953354533,0.04828256642903441,0.10711841204654356
2018-01-05,64.32,65.35714285714286,65.56357142857142,62.77733333333334,57.79988777777778,65.45,65.97,61.12,,4.163870624870711,-0.017265087853323296,-0.025011368804001906,0.05235602094240831,
2018-01-08,64.0,65.07714285714285,65.51357142857144,63.074333333333335,57.93922111111112,,,,58.01,4.1588830833596715,,,,0.10325805895535256
2018-01-09,62.38,64.57857142857142,65.27642857142857,63.315666666666665,58.05988777777778,66.29,65.98,,58.55,4.133244711179657,-0.058983255392970335,-0.05456198848135801,,0.06541417591801889
2018-01-10,62.96,64.22285714285714,65.06500000000001,63.59433333333334,58.18011,64.91,65.96,63.32,58.81,4.1424996041091475,-0.03004159605607758,-0.04548211036992106,-0.005685407454200876,0.07056623023295355
2018-01-11,64.84,64.01571428571428,64.97571428571429,63.88333333333333,58.32066555555555,64.7,65.87,63.43,59.12,4.171922696867475,0.0021638330757341663,-0.01563686048276911,0.022229229071417368,0.09675236806495274
2018-01-12,65.36,64.08,64.92785714285715,64.09933333333333,58.478665555555565,64.32,65.45,63.14,,4.1799104505517475,0.01616915422885582,-0.0013750954927426037,0.035159961989230264,
2018-01-16,65.47,64.19000000000001,64.89214285714286,64.25933333333334,58.63199888888889,62.38,66.29,,58.83,4.181592022453,0.04953510740621988,-0.012369889877809735,,0.11286758456569779
2018-01-17,66.07,64.44000000000001,64.89857142857143,64.46433333333333,58.7859988888889,62.96,64.91,65.7,58.63,4.190714786041794,0.04939644218551449,0.01787089816669229,0.0056316590563164435,0.12689749275115111
2018-01-18,65.06,64.59142857142857,64.83428571428571,64.56533333333333,58.921443333333336,64.84,64.7,65.92,59.37,4.175309921045206,0.0033929673041332336,0.005564142194744968,-0.01304611650485436,0.09583964965470786
2018-01-19,65.05,64.97285714285714,64.77571428571429,64.67633333333333,59.04866555555555,65.36,64.32,66.09,,4.1751562049585145,-0.004742962056303584,0.011349502487562252,-0.015736117415645425,
2018-01-22,64.89,65.24857142857142,64.7357142857143,64.80199999999999,59.17022111111112,,64.0,,58.8,4.1726935286330775,,0.013906250000000009,,0.10357142857142863
2018-01-23,65.26,65.30857142857143,64.66214285714285,64.87666666666667,59.287998888888886,65.47,62.38,,57.1499,4.178379291165174,-0.0032075759890025013,0.04616864379608853,,0.14190925968374402
2018-01-24,62.21,64.85857142857142,64.46928571428572,64.83933333333333,59.37533222222222,66.07,62.96,,55.11,4.130515758526928,-0.05842288481913111,-0.011912325285895807,,0.12883324260569773
2018-01-25,60.19,64.10428571428571,64.14714285714285,64.735,59.43611,65.06,64.84,65.98,54.11,4.0975062255596795,-0.07485398094067022,-0.07171499074645289,-0.08775386480751753,0.11236370356680832
2018-01-26,60.82,63.35428571428571,63.89714285714286,64.648,59.51088777777778,65.05,65.36,65.96,,4.107918682249219,-0.06502690238278243,-0.06946144430844552,-0.0779260157671315,
2018-01-29,60.36,62.68285714285714,63.63714285714286,64.55533333333334,59.586665555555555,64.89,,,53.86,4.100326633899648,-0.06981044845122517,,,0.12068325287783141
2018-01-30,59.83,61.93714285714286,63.455,64.42133333333334,59.64866555555555,65.26,65.47,,53.99,4.09150720740194,-0.08320563898253151,-0.08614632656178403,,0.10816817929246149
2018-01-31,60.8,61.35285714285714,63.300714285714285,64.29133333333333,59.71722111111111,62.21,66.07,,53.99,4.107589788972121,-0.02266516637196598,-0.07976388678674129,,0.12613446934617512
2018-02-01,60.31,60.645714285714284,62.97714285714285,64.11166666666666,59.77699888888889,60.19,65.06,66.29,54.14,4.099497927462895,0.0019936866589135164,-0.07300952966492469,-0.09020968471866048,0.11396379756187665
2018-02-02,58.71,60.145714285714284,62.50214285714286,63.87133333333334,59.81688777777778,60.82,65.05,64.91,,4.072610070076094,-0.034692535350213737,-0.0974634896233666,-0.09551686951163144,
2018-02-05,56.99,59.68857142857143,61.89642857142858,63.568,59.830998888888885,60.36,64.89,,53.87,4.0428758138469085,-0.055831676607024476,-0.12174449067652948,,0.05791720809355865
2018-02-06,58.14,59.30571428571428,61.33,63.30499999999999,59.85611,59.83,65.26,,54.01,4.06285389513073,-0.028246698980444556,-0.10910205332516096,,0.07646732086650625
2018-02-07,57.89,58.95285714285715,60.81785714285714,63.035666666666664,59.8752211111111,60.8,62.21,64.0,53.46,4.058544658090914,-0.047861842105263105,-0.06944221186304453,-0.09546874999999999,0.08286569397680509
2018-02-08,55.63,58.35285714285715,60.144999999999996,62.69066666666666,59.87133222222222,60.31,60.19,62.38,53.49,4.018722624087202,-0.07759907146410214,-0.07576009303871067,-0.1082077588970824,0.040007478033277255
2018-02-09,55.5,57.59571428571429,59.47428571428571,62.342,59.86588777777778,58.71,60.82,62.96,,4.0163830207523885,-0.05467552376085847,-0.08747122657020717,-0.1184879288437103,
2018-02-12,56.81,57.09571428571429,58.87071428571428,62.04,59.84699888888889,56.99,60.36,,53.75,4.039712366569035,-0.003158448850675552,-0.058813783962889284,,0.05693023255813958
2018-02-13,57.16,56.87428571428571,58.51,61.76366666666666,59.833443333333335,58.14,59.83,,54.63,4.045854353061666,-0.016855865153078842,-0.04462644158448942,,0.046311550430166465
2018-02-14,57.73,56.980000000000004,58.33428571428572,61.47833333333333,59.827221111111115,57.89,60.8,,55.27,4.055776969072842,-0.002763862497840796,-0.05049342105263158,,0.04450877510403462
2018-02-15,58.18,56.98571428571429,58.145714285714284,61.254000000000005,59.82433222222222,55.63,60.31,65.47,54.71,4.063541653067055,0.04583857630774756,-0.03531752611507217,-0.1113487093325187,0.06342533357704257
2018-02-16,58.27,57.04,57.996428571428574,61.03966666666667,59.83111,55.5,58.71,66.07,,4.065087381154983,0.04990990990990997,-0.007494464316130092,-0.11805660662933239,
2018-02-20,57.73,57.339999999999996,57.846428571428575,60.82,59.82799888888889,57.16,58.14,,55.09,4.055776969072842,0.009972008397480761,-0.007051943584451388,,0.04792158286440358
2018-02-21,58.03,57.701428571428565,57.64857142857142,60.620999999999995,59.82222111111112,57.73,57.89,64.89,,4.060960118202517,0.005196604884808666,0.0024183796856106507,-0.10571736785329017,
2018-02-22,57.32,57.77428571428571,57.435,60.45233333333333,59.80566555555556,58.18,55.63,65.26,55.14,4.048649602959971,-0.014781711928497756,0.030379291749056223,-0.12166717744406993,0.03953572723975335
2018-02-23,57.99,57.892857142857146,57.38357142857143,60.28666666666666,59.79311,58.27,55.5,62.21,,4.060270581888349,-0.004805217092843678,0.0448648648648649,-0.06783475325510366,
2018-02-26,59.5,58.145714285714284,57.56285714285714,60.108666666666664,59.79999888888889,,56.81,,56.17,4.085976312551584,,0.04735081851786653,,0.059284315470891906
2018-02-27,58.48,58.18857142857143,57.58714285714286,59.87933333333333,59.79722111111112,57.73,57.16,,58.88,4.068684815441523,0.01299151221202148,0.023093072078376492,,-0.006793478260869661
2018-02-28,57.84,58.12714285714286,57.583571428571425,59.625,59.78622111111111,58.03,57.73,60.36,60.67,4.057680577850509,-0.0032741685335171073,0.001905421791096597,-0.04174950298210729,-0.04664578869292893
2018-03-01,58.01,58.167142857142856,57.753571428571426,59.35633333333333,59.77933222222222,57.32,58.18,59.83,59.92,4.060615409477973,0.01203768318213534,-0.002921966311447262,-0.030419521978940336,-0.03187583444592797
2018-03-02,57.81,58.13571428571429,57.91857142857143,59.11466666666667,59.7619988888889,57.99,58.27,60.8,,4.057161771094385,-0.0031039834454216196,-0.007894285223957454,-0.049177631578947285,
2018-03-05,58.38,58.287142857142854,58.03071428571429,58.89233333333333,59.75777666666667,59.5,,,61.72,4.0669733654259685,-0.018823529411764663,,,-0.05411535968891763
2018-03-06,58.25,58.32428571428572,58.10857142857143,58.671,59.75166555555556,58.48,57.73,,61.12,4.06474409244581,-0.003932968536251657,0.009007448467001614,,-0.046956806282722474
2018-03-07,57.57,58.048571428571435,58.09714285714285,58.41466666666667,59.75633333333333,57.84,58.03,56.99,63.02,4.053001598687718,-0.004668049792531174,-0.007926934344304684,0.010177224074398987,-0.08648048238654399
2018-03-08,58.37,58.03285714285715,58.11071428571428,58.28666666666666,59.79255555555555,58.01,57.32,58.14,63.33,4.0668020592157,0.006205826581623848,0.01831821353803205,0.003955968352253128,-0.0783199115742934
2018-03-09,59.7,58.29857142857143,58.212857142857146,58.27033333333333,59.85466666666667,57.81,57.99,57.89,,4.089332020398556,0.03269330565646083,0.029487842731505447,0.031266194506823324,
2018-03-12,59.76,58.54857142857143,58.35785714285714,58.235,59.910555555555554,58.38,59.5,,63.43,4.090336540824562,0.023638232271325717,0.004369747899159631,,-0.05785905722844083
2018-03-13,60.33,58.90857142857142,58.52214285714286,58.234,59.98244444444445,58.25,58.48,,63.14,4.09982949245267,0.03570815450643774,0.03163474692202465,,-0.04450427621159332
2018-03-14,59.62,59.08571428571428,58.68642857142857,58.227,60.045,57.57,57.84,56.81,63.85,4.087991088249925,0.03560882404029872,0.030774550484093947,0.049463122689667224,-0.06624902114330468
2018-03-15,59.94,59.32714285714285,58.825714285714284,58.19833333333334,60.111111111111114,58.37,58.01,57.16,64.7,4.0933440618885175,0.026897378790474564,0.033270125840372346,0.04863540937718687,-0.07357032457496143
2018-03-16,60.9,59.80285714285714,58.92571428571428,58.217999999999996,60.18622222222223,59.7,57.81,57.73,,4.109233174715851,0.02010050251256274,0.05345096004151524,0.05491079161614415,
2018-03-19,60.6,60.12142857142857,59.07714285714286,58.281,60.25377777777778,59.76,58.38,,65.92,4.104294893075269,0.01405622489959845,0.03802672147995887,,-0.08070388349514564
2018-03-20,60.69,60.262857142857136,59.28071428571429,58.40433333333333,60.32955555555555,60.33,58.25,,66.09,4.105778939847764,0.0059671805072103335,0.041888412017167344,,-0.08170676350431239
2018-03-21,57.78,59.980000000000004,59.26428571428572,58.39233333333333,60.371444444444435,59.62,57.57,,66.03,4.056642695038089,-0.030862126803086153,0.0036477331943720838,,-0.12494320763289414
2018-03-22,57.0,59.50428571428572,59.20642857142857,58.36266666666666,60.41077777777777,59.94,58.37,57.73,65.97,4.04305126783455,-0.04904904904904901,-0.023470961110159286,-0.01264507188636752,-0.13597089586175534
2018-03-23,56.72,59.089999999999996,59.087857142857146,58.399,60.446666666666665,60.9,59.7,58.03,,4.038126882223872,-0.06863711001642035,-0.04991624790619772,-0.02257453041530247,
2018-03-26,57.59,58.75428571428572,59.04071428571428,58.46866666666667,60.49488888888889,60.6,59.76,,65.98,4.053348941518581,-0.049669966996699635,-0.03631191432396243,,-0.12715974537738708
2018-03-27,56.69,58.152857142857144,58.97785714285715,58.46466666666666,60.52755555555555,60.69,60.33,,65.96,4.037597828336212,-0.06590871642774757,-0.06033482512846015,,-0.14053972104305634
2018-03-28,56.25,57.53142857142858,58.82642857142857,58.434333333333335,60.54555555555555,57.78,59.62,59.5,65.87,4.029806041084529,-0.02647975077881622,-0.05652465615565243,-0.0546218487394958,-0.14604524062547447
2018-03-29,57.28,57.044285714285714,58.653571428571425,58.41933333333334,60.567888888888895,57.0,59.94,58.48,65.45,4.04795152265239,0.004912280701754406,-0.044377711044377655,-0.020519835841313196,-0.1248281130634072
2018-04-02,54.34,56.55285714285714,58.26642857142857,58.291333333333334,60.56377777777777,57.59,60.6,,66.29,3.9952606039982017,-0.056433408577878104,-0.10330033003300326,,-0.18026851712173783
2018-04-03,55.97,56.40571428571428,57.955,58.214666666666666,60.578444444444436,56.69,60.69,,64.91,4.024815832903268,-0.01270065267242898,-0.07777228538474211,,-0.1377291634570944
2018-04-04,56.36,56.354285714285716,57.72214285714285,58.169,60.588777777777786,56.25,57.78,58.38,64.7,4.03175968703048,0.0019555555555555455,-0.024575977847005912,-0.03460089071599868,-0.128902627511592
2018-04-05,56.86,56.25,57.50214285714286,58.13,60.608444444444444,57.28,57.0,58.25,64.32,4.040592106222854,-0.007332402234636901,-0.002456140350877203,-0.02386266094420602,-0.11598258706467653
2018-04-06,55.865,56.13214285714286,57.1425,58.081500000000005,60.616499999999995,,56.72,57.57,,4.022938065999301,,-0.015074047954865954,-0.02961611950668748,
