timestamp,AAL,AAL_rolling_7_day_avg,AAL_rolling_14_day_avg,AAL_rolling_30_day_avg,AAL_rolling_90_day_avg,AAL_7_days_ago,AAL_14_days_ago,AAL_30_days_ago,AAL_90_days_ago,AAL_log_price,AAL_pct_change_7_days,AAL_pct_change_14_days,AAL_pct_change_30_days,AAL_pct_change_90_days
2016-10-03,37.7,,,,,,,,,3.629660094453965,,,,
2016-10-04,37.63,,,,,,,,,3.627801604605346,,,,
2016-10-05,37.87,,,,,,,,,3.634159241913703,,,,
2016-10-06,38.17,,,,,,,,,3.6420498667571386,,,,
2016-10-07,37.73,,,,,,,,,3.6304555339762192,,,,
2016-10-10,38.89,,,,,37.7,,,,3.660737148167656,0.03156498673740047,,,
2016-10-11,38.2,38.027142857142856,,,,37.63,,,,3.6428355156125294,0.01514748870581983,,,
2016-10-12,37.38,37.98142857142857,,,,37.87,,,,3.6211358020274167,-0.012939001848428701,,,
2016-10-13,39.24,38.21142857142858,,,,38.17,,,,3.6696966346971625,0.028032486245742737,,,
2016-10-14,38.65,38.32285714285714,,,,37.73,,,,3.654546775033431,0.02438377948582035,,,
2016-10-17,38.58,38.38142857142857,,,,38.89,37.7,,,3.652734007477583,-0.007971200822833691,0.023342175066312875,,
2016-10-18,39.35,38.612857142857145,,,,38.2,37.63,,,3.6724959748634123,0.030104712041884776,0.045708211533351015,,
2016-10-19,40.63,38.86142857142857,,,,37.38,37.87,,,3.7045067099996354,0.08694489031567683,0.07288090837074215,,
2016-10-20,40.59,39.20285714285715,38.615,,,39.24,38.17,,,3.7035217308508064,0.03440366972477068,0.06340057636887612,,
2016-10-21,39.9,39.56285714285714,38.77214285714286,,,38.65,37.73,,,3.686376323895818,0.03234152652005175,0.05751391465677185,,
2016-10-24,39.83,39.64714285714286,38.92928571428571,,,38.58,38.89,,,3.684620397193553,0.032400207361327114,0.02417073797891483,,
2016-10-25,39.69,39.79571428571428,39.059285714285714,,,39.35,38.2,,,3.681099266794974,0.008640406607369665,0.0390052356020941,,
2016-10-26,39.32,39.901428571428575,39.14142857142857,,,40.63,37.38,,,3.671733295278966,-0.032242185577159785,0.05189941144997318,,
2016-10-27,39.91,39.98142857142857,39.29714285714285,,,40.59,39.24,,,3.686626919060642,-0.016752894801675456,0.01707441386340455,,
2016-10-28,40.06,39.9,39.38071428571429,,,39.9,38.65,,,3.6903783302376723,0.004010025062656734,0.03648124191461847,,
2016-10-31,40.6,39.901428571428575,39.55214285714285,,,39.83,38.58,,,3.703768066607687,0.019332161687170554,0.0523587350959047,,
2016-11-01,39.8,39.887142857142855,39.725,,,39.69,39.35,,,3.6838669122903918,0.0027714789619551383,0.011435832274459866,,
2016-11-02,39.71,39.870000000000005,39.75857142857142,,,39.32,40.63,37.7,,3.6816030451431603,0.009918616480162781,-0.02264336697021909,0.05331564986737395,
2016-11-03,39.38,39.82571428571429,39.81071428571429,,,39.91,40.59,37.63,,3.6732580732109796,-0.013279879729390981,-0.02981029810298105,0.04650544778102578,
2016-11-04,39.74,39.88571428571429,39.89357142857143,,,40.06,39.9,37.87,,3.6823582371236707,-0.007988017973040445,-0.0040100250626565566,0.049379456033799965,
2016-11-07,41.49,40.11142857142857,40.04642857142857,,,40.6,39.83,,,3.725452434344777,0.021921182266009864,0.041677127793120855,,
2016-11-08,41.7,40.34571428571429,40.12285714285714,,,39.8,39.69,,,3.730501128804756,0.04773869346733683,0.050642479213907916,,
2016-11-09,42.41,40.604285714285716,40.25285714285714,,,39.71,39.32,38.89,,3.747384183486499,0.06799294887937536,0.07858596134282798,0.09051169966572373,
2016-11-10,42.3,40.96142857142858,40.424285714285716,,,39.38,39.91,38.2,,3.744787086052232,0.07414931437277791,0.059884740666499646,0.10732984293193702,
2016-11-11,42.93,41.42142857142857,40.645714285714284,39.646,,39.74,40.06,37.38,,3.7595708822364693,0.08027176648213381,0.07164253619570637,0.14847512038523267,
2016-11-14,43.4,41.99571428571429,40.910714285714285,39.836,,41.49,40.6,,,3.770459441106359,0.046035189202217316,0.06896551724137924,,
2016-11-15,44.76,42.712857142857146,41.29928571428571,40.07366666666667,,41.7,39.8,,,3.8013148834437245,0.07338129496402866,0.12462311557788948,,
2016-11-16,44.45,43.135714285714286,41.62357142857143,40.293,,42.41,39.71,38.58,,3.794364961959914,0.048101862768215195,0.11936539914379254,0.15215137376879226,
2016-11-17,45.83,43.72571428571428,42.035714285714285,40.548333333333325,,42.3,39.38,39.35,,3.8249388985210326,0.08345153664302604,0.16378872524123908,0.16467598475222356,
2016-11-18,46.26,44.27571428571428,42.440000000000005,40.83266666666667,,42.93,39.74,40.63,,3.8342776568032932,0.07756813417190772,0.16406643180674374,0.1385675609155795,
2016-11-21,46.08,44.81571428571429,42.888571428571424,41.07233333333333,,43.4,41.49,,,3.830379016387636,0.06175115207373271,0.11062906724511921,,
2016-11-22,46.08,45.26571428571429,43.34357142857143,41.335,,44.76,41.7,,,3.830379016387636,0.029490616621983923,0.10503597122302147,,
2016-11-23,46.34,45.685714285714276,43.840714285714284,41.63366666666666,,44.45,42.41,39.83,,3.8360055190042304,0.04251968503937009,0.0926668238622968,0.16344463971880505,
2016-11-25,46.82,45.980000000000004,44.34642857142857,41.88633333333334,,46.26,42.93,39.32,,3.846310462062765,0.012105490704712544,0.09061262520382019,0.19074262461851474,
2016-11-28,46.5,46.27285714285714,44.70428571428572,42.148,,46.08,43.4,,,3.8394523125933104,0.00911458333333337,0.07142857142857147,,
2016-11-29,46.89,46.424285714285716,45.074999999999996,42.425,,46.08,44.76,,,3.847804433101495,0.01757812500000005,0.047587131367292285,,
2016-11-30,46.44,46.45,45.362857142857145,42.66133333333333,,46.34,44.45,40.6,,3.8381611568296905,0.002157962883038289,0.04476940382452182,0.1438423645320196,
2016-12-01,45.75,46.402857142857144,45.60928571428571,42.832,,,45.83,39.8,,3.82319179172153,,-0.0017455814968360963,0.14949748743718602,
2016-12-02,46.1,46.40571428571428,45.83571428571429,43.01566666666666,,46.82,46.26,39.71,,3.8308129500026027,-0.015378043571123427,-0.003458711629917782,0.16091664568118863,
2016-12-05,45.72,46.31714285714286,46.00142857142857,43.209666666666664,,46.5,46.08,,,3.8225358389266098,-0.01677419354838712,-0.007812499999999988,,
2016-12-06,46.43,46.26142857142857,46.12071428571429,43.42966666666667,,46.89,46.08,,,3.8379458020318302,-0.009810194071230557,0.007595486111111142,,
2016-12-07,48.65,46.56857142857143,46.42071428571428,43.72833333333334,,46.44,46.34,41.49,,3.884651808632014,0.047588285960379006,0.0498489425981872,0.1725717040250662,
2016-12-08,48.05,46.73428571428571,46.57928571428571,44.019333333333336,,45.75,,41.7,,3.8722421354163012,0.050273224043715786,,0.15227817745803343,
2016-12-09,49.64,47.19142857142857,46.82071428571429,44.343666666666664,,46.1,46.82,42.41,,3.9047969603364066,0.07678958785249455,0.06023067065356686,0.17047866069323284,
2016-12-12,47.59,47.45428571428572,46.92857142857143,44.59466666666667,,45.72,46.5,,,3.862622655133019,0.040901137357830374,0.023440860215053837,,
2016-12-13,47.84,47.70285714285715,47.05428571428571,44.836,,46.43,46.89,,,3.867862109642376,0.030368296360112075,0.020260183407976175,,
2016-12-14,47.92,48.01714285714286,47.16714285714285,45.10666666666667,,48.65,46.44,43.4,,3.869532953807194,-0.015005138746145877,0.03186907838070638,0.10414746543778809,
2016-12-15,48.3,48.284285714285716,47.27285714285715,45.393,,48.05,45.75,44.76,,3.877431560658527,0.005202913631633715,0.055737704918032725,0.07908847184986594,
2016-12-16,47.63,48.13857142857143,47.353571428571435,45.668,,49.64,46.1,44.45,,3.863462814812769,-0.04049153908138594,0.033188720173535816,0.07154105736782901,
2016-12-19,48.58,48.214285714285715,47.47428571428572,45.96266666666667,,47.59,45.72,,,3.8832119235740263,0.020802689640680706,0.06255468066491687,,
2016-12-20,49.22,48.15428571428572,47.67285714285714,46.220333333333336,,47.84,46.43,,,3.89630004496291,0.02884615384615375,0.060090458755115206,,
2016-12-21,49.47,48.42285714285714,47.93857142857143,46.47933333333334,,47.92,48.65,46.08,,3.901366425239617,0.03234557595993316,0.016855087358684486,0.07356770833333334,
2016-12-22,48.69,48.544285714285714,48.12357142857143,46.68866666666666,,48.3,48.05,46.08,,3.8854736701946093,0.008074534161490695,0.013319458896982323,0.05664062499999999,
2016-12-23,48.48,48.62428571428571,48.32071428571429,46.894666666666666,,47.63,49.64,46.34,,3.881151341761059,0.017845895444047747,-0.023368251410153175,0.046180405697021865,
2016-12-27,48.61,48.66857142857142,48.47642857142857,47.083999999999996,,49.22,47.84,,,3.883829271057364,-0.012393336042259232,0.016095317725752425,,
2016-12-28,47.67,48.67428571428571,48.40642857142858,47.22633333333333,,49.47,47.92,46.5,,3.864302269216734,-0.03638568829593687,-0.005217028380634391,0.02516129032258068,
2016-12-29,47.25,48.48428571428571,48.34928571428572,47.309333333333335,,48.69,48.3,46.89,,3.855452653939752,-0.029574861367837293,-0.021739130434782553,0.00767754318618041,
2016-12-30,46.69,48.122857142857136,48.138571428571424,47.384,,48.48,47.63,46.44,,3.8435300089828455,-0.036922442244224404,-0.01973546084400598,0.005383290267011198,
2017-01-03,46.3,47.67,48.04642857142857,47.39966666666667,,48.61,49.22,,37.87,3.835141961092188,-0.04752108619625596,-0.059325477448191825,,0.22260364404541855
2017-01-04,46.7,47.385714285714286,47.964999999999996,47.41433333333334,,47.67,49.47,45.72,38.17,3.8437441646748516,-0.02034822739668552,-0.05599353143319175,0.02143482064741916,0.22347393240765
2017-01-05,45.89,47.01571428571428,47.82,47.408,,47.25,48.69,46.43,37.73,3.8262472284067424,-0.02878306878306877,-0.05750667488190588,-0.011630411371957767,0.2162735223959715
2017-01-06,46.21,46.67285714285715,47.67071428571428,47.41233333333333,,46.69,48.48,48.65,,3.833196224882175,-0.010280573998714862,-0.046823432343234245,-0.05015416238437816,
2017-01-09,47.08,46.58857142857143,47.631428571428565,47.437000000000005,,,,,38.2,3.851848282392076,,,,0.23246073298429307
2017-01-10,48.48,46.76428571428572,47.62428571428571,47.492333333333335,,46.3,48.61,,37.38,3.881151341761059,0.04708423326133909,-0.002674346842213589,,0.29695024077046533
2017-01-11,48.64,47.042857142857144,47.582857142857144,47.56366666666666,,46.7,47.67,47.59,39.24,3.8844462376579116,0.04154175588865091,0.02034822739668552,0.022063458709812925,0.23955147808358812
2017-01-12,48.1,47.300000000000004,47.485,47.604000000000006,,45.89,47.25,47.84,38.65,3.8732821771117156,0.04815864022662891,0.01798941798941802,0.00543478260869561,0.2445019404915913
2017-01-13,47.65,47.43571428571429,47.41071428571428,47.64433333333333,,46.21,46.69,47.92,,3.863882630100211,0.031162086128543556,0.020561147997429877,-0.005634390651085207,
2017-01-17,46.75,47.55857142857143,47.287142857142854,47.67766666666667,,48.48,46.3,,40.63,3.844814255734696,-0.035684818481848124,0.009719222462203086,,0.15062761506276143
2017-01-18,47.64,47.762857142857136,47.21785714285715,47.729000000000006,,48.64,46.7,48.58,40.59,3.8636727444870993,-0.02055921052631579,0.02012847965738753,-0.01934952655413746,0.17368810051736872
2017-01-19,47.26,47.78857142857142,47.18857142857143,47.78033333333334,,48.1,45.89,49.22,39.9,3.8556642717587617,-0.017463617463617534,0.029853998692525547,-0.03982121088988218,0.1844611528822055
2017-01-20,48.0,47.71999999999999,47.24214285714286,47.83266666666667,,47.65,46.21,49.47,,3.871201010907891,0.0073452256033578476,0.03873620428478682,-0.02971497877501514,
2017-01-23,46.94,47.47714285714285,47.26,47.775666666666666,,,47.08,,39.69,3.8488701904228773,,-0.0029736618521665373,,0.18266565885613506
2017-01-24,47.54,47.39714285714286,47.348571428571425,47.75866666666666,,46.75,48.48,,39.32,3.861571461932048,0.016898395721925117,-0.019389438943894343,,0.20905391658189212
2017-01-25,47.91,47.43428571428571,47.435,47.701,,47.64,48.64,,39.91,3.8693242508950307,0.0056675062972291355,-0.015008223684210608,,0.20045101478326235
2017-01-26,49.59,47.839999999999996,47.699285714285715,47.76766666666666,,47.26,48.1,48.61,40.06,3.9037892005010426,0.049301735082522335,0.030977130977131017,0.020160460810532896,0.2378931602596106
2017-01-27,46.95,47.74142857142857,47.75214285714286,47.73800000000001,,48.0,47.65,47.67,,3.849083205654272,-0.02187499999999994,-0.014690451206715546,-0.015103838892385124,
2017-01-30,44.9,47.40428571428572,47.596428571428575,47.63733333333333,,46.94,,,39.8,3.8044377947482086,-0.043459735832978255,,,0.128140703517588
2017-01-31,44.25,46.868571428571435,47.294285714285714,47.50233333333333,,47.54,46.75,,39.71,3.7898553714539385,-0.06920488010096759,-0.053475935828877004,,0.11432888441198688
2017-02-01,44.05,46.455714285714286,46.96642857142858,47.383,,47.91,47.64,,39.38,3.7853253523821886,-0.08056773116259652,-0.07535684298908488,,0.11858811579481957
2017-02-02,44.01,45.951428571428565,46.674285714285716,47.230666666666664,,49.59,47.26,46.3,39.74,3.784416880823,-0.11252268602540845,-0.06876851460008464,-0.04946004319654426,0.10744841469552079
2017-02-03,44.2,45.42142857142858,46.42785714285714,47.063333333333325,,46.95,48.0,46.7,,3.7887247890836524,-0.058572949946751864,-0.07916666666666661,-0.05353319057815845,
2017-02-06,45.3,44.808571428571426,46.32428571428572,46.92433333333333,,44.9,46.94,,41.7,3.8133070324889884,0.008908685968819567,-0.034938219002982544,,0.08633093525179841
2017-02-07,45.17,44.55428571428571,46.14785714285714,46.807,,44.25,47.54,,42.41,3.8104331496665127,0.02079096045197744,-0.049852755574253206,,0.06507899080405577
2017-02-08,45.06,44.57714285714286,45.99071428571428,46.693,,44.05,47.91,47.08,42.3,3.8079949350040985,0.02292849035187299,-0.05948653725735743,-0.042905692438402636,0.06524822695035473
2017-02-09,46.3,44.87,45.86928571428571,46.61599999999999,44.44866666666667,44.01,49.59,48.48,42.93,3.835141961092188,0.05203362872074527,-0.06634402097197027,-0.04496699669966996,0.07849988353133001
2017-02-10,46.45,45.212857142857146,45.83428571428572,46.57533333333333,44.54588888888889,44.2,46.95,48.64,,3.8383764652598478,0.05090497737556561,-0.010649627263045794,-0.04502467105263153,
2017-02-13,47.41,45.698571428571434,45.825,46.580666666666666,44.654555555555554,45.3,44.9,,44.76,3.8588331769140267,0.046578366445916106,0.05590200445434294,,0.05920464700625556
2017-02-14,46.57,46.037142857142854,45.72928571428571,46.57666666666667,44.751222222222225,45.17,44.25,,44.45,3.840956556994286,0.030994022581359276,0.052429378531073455,,0.04769403824521929
2017-02-15,47.54,46.357142857142854,45.58285714285715,46.618,44.855333333333334,45.06,44.05,,45.83,3.861571461932048,0.0550377274744784,0.07922814982973898,,0.037311804494872376
2017-02-16,46.97,46.614285714285714,45.58428571428571,46.626999999999995,44.958000000000006,46.3,44.01,46.75,46.26,3.8495091000389037,0.01447084233261343,0.06725744149057035,0.004705882352941152,0.015348032857760503
2017-02-17,46.91,46.878571428571426,45.72785714285715,46.660999999999994,45.047111111111114,46.45,44.2,47.64,,3.8482308723403666,0.009903121636167788,0.06131221719456999,-0.015323257766582787,
2017-02-21,46.81,46.951428571428565,45.910714285714285,46.681000000000004,45.14277777777777,46.57,45.17,,46.34,3.846096855311979,0.00515353231694228,0.03630728359530663,,0.01014242555028051
2017-02-22,46.32,46.93285714285714,46.07285714285714,46.65566666666666,45.24211111111111,47.54,45.06,46.94,,3.83557383326474,-0.025662599915860305,0.027962716378162406,-0.013208351086493342,
2017-02-23,46.1,46.74571428571428,46.222142857142856,46.57633333333333,45.318333333333335,46.97,46.3,47.54,46.82,3.8308129500026027,-0.018522461145411912,-0.004319654427645697,-0.030290281867900667,-0.015378043571123427
2017-02-24,46.28,46.70428571428572,46.37071428571429,46.49766666666667,45.40311111111111,46.91,46.45,47.91,,3.834709902325476,-0.013429972287358677,-0.003659849300322964,-0.0340221248173658,
2017-02-27,46.32,46.53000000000001,46.443571428571424,46.438333333333325,45.489111111111114,,47.41,,46.89,3.83557383326474,,-0.022990930183505513,,-0.012156110044785675
2017-02-28,46.36,46.44285714285714,46.528571428571425,46.39533333333334,45.567,46.81,46.57,,46.44,3.836437018471551,-0.009613330484939175,-0.004509340777324476,,-0.0017226528854435465
2017-03-01,47.09,46.46857142857143,46.67357142857143,46.406666666666666,45.638777777777776,46.32,47.54,44.9,45.75,3.8520606642554633,0.016623488773747908,-0.009465713083718885,0.048775055679287416,0.029289617486338872
2017-03-02,45.72,46.31285714285715,46.63214285714286,46.342666666666666,45.69577777777778,46.1,46.97,44.25,46.1,3.8225358389266098,-0.008242950108459926,-0.02661273153076432,0.03322033898305082,-0.008242950108459926
2017-03-03,46.82,46.38428571428572,46.65857142857142,46.327999999999996,45.772666666666666,46.28,46.91,44.05,,3.846310462062765,0.011668107173725132,-0.001918567469622603,0.06288308740068112,
2017-03-06,45.31,46.27142857142858,46.50857142857143,46.23833333333333,45.83355555555555,46.32,,,46.43,3.813527758679047,-0.021804835924006866,,,-0.02412233469739387
2017-03-07,44.84,46.065714285714286,46.385000000000005,46.16833333333333,45.89077777777778,46.36,46.81,,48.65,3.8031005982039594,-0.03278688524590155,-0.042085024567400105,,-0.07831449126413145
2017-03-08,44.89,45.86142857142857,46.19571428571429,46.08,45.952666666666666,47.09,46.32,45.3,48.05,3.804215052793841,-0.04671904863028249,-0.03087219343696027,-0.009050772626931493,-0.0657648283038501
2017-03-09,43.33,45.42857142857143,45.93571428571429,45.92733333333334,45.99066666666666,45.72,46.1,45.17,49.64,3.768845235751818,-0.052274715660542447,-0.06008676789587859,-0.04073500110692945,-0.12711522965350527
2017-03-10,43.9,44.972857142857144,45.72071428571428,45.73766666666666,46.03333333333333,46.82,46.28,45.06,,3.7819143200811256,-0.06236651003844514,-0.05142610198789979,-0.025743453173546465,
2017-03-13,42.37,44.494285714285716,45.403571428571425,45.585,46.053,45.31,46.32,,47.84,3.7464405646384678,-0.06488633855661012,-0.08527633851468054,,-0.11433946488294326
2017-03-14,41.21,43.692857142857136,45.03857142857142,45.462,46.06866666666666,44.84,46.36,,47.92,3.718680945350726,-0.08095450490633369,-0.1110871440897325,,-0.14002504173622707
2017-03-15,42.09,43.23285714285714,44.75214285714286,45.39,46.09511111111111,44.89,47.09,47.41,48.3,3.7398101827824792,-0.06237469369570054,-0.10617965597791462,-0.11221261337270605,-0.12857142857142845
2017-03-16,42.13,42.84571428571429,44.455714285714286,45.326,46.12566666666666,43.33,45.72,46.57,47.63,3.7407600759909254,-0.027694438033694802,-0.07852143482064734,-0.09534034786343135,-0.11547344110854503
2017-03-17,41.72,42.392857142857146,44.127142857142864,45.24966666666667,46.147666666666666,43.9,46.82,47.54,,3.7309806301325716,-0.04965831435079726,-0.10892780862879115,-0.12242322254943207,
2017-03-20,41.7,42.160000000000004,43.794285714285714,45.166333333333334,46.15,42.37,45.31,,49.22,3.730501128804756,-0.015813075289119533,-0.07967336128889868,,-0.15278342137342535
2017-03-21,40.42,41.66285714285714,43.31785714285714,45.00366666666667,46.13577777777778,41.21,44.84,,49.47,3.699324711975475,-0.0191701043436059,-0.0985727029438002,,-0.18293915504346062
2017-03-22,40.35,41.37428571428571,42.93428571428571,44.842999999999996,46.1128888888889,42.09,44.89,,48.69,3.6975913947159578,-0.041339985744832546,-0.10113611049231452,,-0.1712877387553912
2017-03-23,41.41,41.40285714285715,42.54785714285715,44.721333333333334,46.103,42.13,43.33,46.81,48.48,3.723522397557476,-0.017089959648706524,-0.04431110085391188,-0.11535996581926951,-0.14583333333333334
2017-03-24,41.73,41.35142857142857,42.292142857142856,44.569,46.089666666666666,41.72,43.9,46.32,,3.731220294603461,0.00023969319271327925,-0.04943052391799548,-0.09909326424870474,
2017-03-27,41.74,41.29571428571428,42.07071428571429,44.412000000000006,46.07122222222222,41.7,42.37,,48.61,3.7314599016490546,0.0009592326139088524,-0.014869011092754202,,-0.1413289446615922
2017-03-28,42.6,41.42142857142857,41.90714285714285,44.251666666666665,46.047222222222224,40.42,41.21,,47.67,3.751854253275325,0.05393369619000494,0.0337296772628003,,-0.10635619886721208
2017-03-29,41.96,41.45857142857143,41.809285714285714,44.098,46.019555555555556,40.35,42.09,46.32,47.25,3.7367167835280966,0.03990086741016108,-0.0030886196246139833,-0.0941278065630397,-0.11195767195767194
2017-03-30,42.54,41.76142857142857,41.71214285714286,43.931333333333335,45.983000000000004,41.41,42.13,46.36,46.69,3.750444809772091,0.02728809466312491,0.0097317825777355,-0.0823986194995686,-0.08888412936388945
2017-03-31,42.3,42.04,41.70714285714286,43.775666666666666,45.939,41.73,41.72,47.09,,3.744787086052232,0.013659237958303387,0.013902205177372923,-0.10172011042684234,
2017-04-03,42.45,42.18857142857143,41.79571428571428,43.626999999999995,45.89866666666667,41.74,41.7,,46.3,3.7483269127573564,0.01701006229036897,0.017985611510791366,,-0.0831533477321813
2017-04-04,40.9,42.07,41.71071428571429,43.43,45.84111111111111,42.6,40.42,,46.7,3.711130063048756,-0.03990610328638504,0.011875309252845048,,-0.1241970021413277
2017-04-05,41.31,42.00857142857143,41.652142857142856,43.263000000000005,45.785222222222224,41.96,40.35,45.31,45.89,3.721104601408673,-0.015490943755958022,0.02379182156133831,-0.08828073273008165,-0.099803878840706
2017-04-06,41.72,41.88285714285714,41.652142857142856,43.117,45.72855555555555,42.54,41.41,44.84,46.21,3.7309806301325716,-0.01927597555242126,0.007486114465105102,-0.0695807314897414,-0.09716511577580614
2017-04-07,41.81,41.86142857142857,41.660000000000004,42.967999999999996,45.67644444444444,42.3,41.73,44.89,,3.733135545368474,-0.011583924349881676,0.0019170860292356915,-0.06861216306527063,
2017-04-10,42.32,41.83,41.79571428571428,42.834666666666664,45.625666666666675,42.45,41.74,,48.48,3.7452597875500437,-0.0030624263839812145,0.013895543842836566,,-0.127062706270627
2017-04-11,43.93,42.06285714285714,42.051428571428566,42.75366666666666,45.59777777777778,40.9,42.6,,48.64,3.782597457987688,0.0740831295843521,0.031220657276995262,,-0.09683388157894739
2017-04-12,43.96,42.278571428571425,42.23357142857143,42.64933333333333,45.57788888888889,41.31,41.96,42.37,48.1,3.7832801295354206,0.0641491164366981,0.047664442326024785,0.037526551805522855,-0.08607068607068608
2017-04-13,43.35,42.628571428571426,42.34928571428571,42.57033333333333,45.547333333333334,41.72,42.54,41.21,47.65,3.769306703226551,0.039069990412272354,0.0190409026798308,0.05192914341179327,-0.09024134312696741
2017-04-17,44.23,43.04571428571428,42.52714285714286,42.484,45.53077777777777,42.32,42.45,,46.75,3.789403291880235,0.045132325141776855,0.04193168433451105,,-0.05390374331550809
2017-04-18,43.81,43.34428571428572,42.61357142857143,42.434000000000005,45.501666666666665,43.93,40.9,,47.64,3.779862101825807,-0.0027316184839516833,0.07114914425427882,,-0.08039462636439963
2017-04-19,44.4,43.714285714285715,42.78785714285714,42.419333333333334,45.45444444444445,43.96,41.31,41.7,47.26,3.7932394694381792,0.010009099181073651,0.0748002904865649,0.06474820143884881,-0.06051629284807447
2017-04-20,45.22,44.128571428571426,42.979285714285716,42.43033333333334,45.423,43.35,41.72,40.42,48.0,3.811539466849824,0.04313725490196072,0.08389261744966443,0.11875309252845119,-0.05791666666666669
2017-04-21,45.15,44.30285714285714,43.18285714285714,42.491,45.37311111111111,,41.81,40.35,,3.8099902798629945,,0.07988519492944263,0.11895910780669137,
2017-04-24,46.44,44.65714285714285,43.46785714285715,42.57566666666666,45.36033333333334,44.23,42.32,,47.54,3.8381611568296905,0.049966086366719446,0.09735349716446119,,-0.023138409760201966
2017-04-25,46.61,45.12285714285714,43.875714285714295,42.717,45.346666666666664,43.81,43.93,,47.91,3.8418151103846494,0.06391234877881756,0.061006146141588884,,-0.027134209977040226
2017-04-26,46.4,45.43285714285714,44.239285714285714,42.88999999999999,45.32977777777778,44.4,43.96,41.74,49.59,3.8372994592322094,0.04504504504504505,0.05550500454959048,0.11164350742692852,-0.06432748538011705
2017-04-27,43.98,45.457142857142856,44.40071428571429,42.952999999999996,45.281777777777776,45.22,43.35,42.6,46.95,3.783734985126615,-0.02742149491375502,0.014532871972318234,0.03239436619718299,-0.06325878594249214
2017-04-28,42.62,45.202857142857134,44.45857142857143,42.96933333333334,45.22611111111111,45.15,,41.96,,3.752323626670471,-0.056035437430786296,,0.0157292659675881,
2017-05-01,42.08,44.75428571428571,44.44142857142857,42.98133333333333,45.15388888888889,46.44,44.23,,44.25,3.7395725684294545,-0.09388458225667527,-0.048609541035496244,,-0.04903954802259891
2017-05-02,43.87,44.57142857142857,44.43714285714286,43.05366666666667,45.09444444444444,46.61,43.81,,44.05,3.7812307151781224,-0.058785668311521176,0.0013695503309745529,,-0.004086265607264466
2017-05-03,43.92,44.21142857142858,44.43428571428571,43.17033333333333,45.03277777777778,46.4,44.4,42.45,44.01,3.7823697972012753,-0.0534482758620689,-0.01081081081081074,0.03462897526501764,-0.002044989775051041
2017-05-04,43.91,43.825714285714284,44.47428571428571,43.289,44.97966666666667,43.98,45.22,40.9,44.2,3.782142084573626,-0.0015916325602546677,-0.0289694825298541,0.0735941320293398,-0.006561085972850819
2017-05-05,44.51,43.55571428571428,44.49428571428571,43.39233333333333,44.93555555555555,42.62,45.15,41.31,,3.795713883027763,0.04434537775692165,-0.014174972314507211,0.07746308399903161,
2017-05-08,44.94,43.69285714285714,44.574999999999996,43.49933333333333,44.894777777777776,42.08,46.44,,45.17,3.8053282667571833,0.06796577946768059,-0.03229974160206719,,-0.00509187513836626
2017-05-09,47.08,44.33,44.76642857142857,43.67733333333333,44.88822222222222,43.87,46.61,,45.06,3.851848282392076,0.0731707317073171,0.010083673031538272,,0.044829116733244474
2017-05-10,47.3,45.075714285714284,44.915,43.833999999999996,44.888777777777776,43.92,46.4,42.32,46.3,3.856510295497887,0.07695810564663014,0.0193965517241379,0.11767485822306231,0.021598272138228944
2017-05-11,46.54,45.457142857142856,45.01428571428572,43.986666666666665,44.88711111111111,43.91,43.98,43.93,46.45,3.8403121578741457,0.05989524026417679,0.05820827648931338,0.059412702025950365,0.0019375672766414704
2017-05-12,45.83,45.73,44.97071428571428,44.096333333333334,44.88188888888889,44.51,42.62,43.96,,3.8249388985210326,0.029656257020894188,0.07531675269826375,0.04253867151956318,
2017-05-15,46.68,46.12571428571429,44.97571428571428,44.242333333333335,44.88166666666667,44.94,42.08,,46.57,3.8433158074183553,0.0387182910547397,0.1093155893536122,,0.00236203564526518
2017-05-16,46.94,46.472857142857144,45.01428571428571,44.392,44.89333333333333,47.08,43.87,,47.54,3.8488701904228773,-0.0029736618521665373,0.0699794848415774,,-0.012620950778291994
2017-05-17,44.92,46.470000000000006,45.08142857142856,44.525999999999996,44.879,47.3,43.92,44.23,46.97,3.8048831298702424,-0.050317124735729295,0.022768670309653915,0.015600271309066355,-0.04364487971045342
2017-05-18,44.65,46.122857142857136,45.22642857142858,44.63733333333333,44.852,46.54,43.91,43.81,46.91,3.798854307322508,-0.040610227761065765,0.01685265315417905,0.019173704633645202,-0.048177360903858414
2017-05-19,45.22,45.825714285714284,45.450714285714284,44.754,44.815777777777775,45.83,44.51,44.4,,3.811539466849824,-0.013310058913375507,0.015951471579420375,0.018468468468468474,
2017-05-22,46.21,45.778571428571425,45.61785714285714,44.900666666666666,44.78877777777778,46.68,44.94,,46.81,3.833196224882175,-0.010068551842330738,0.028259902091677863,,-0.01281777397991885
2017-05-23,46.66,45.89714285714286,45.81357142857143,45.04533333333334,44.77277777777778,46.94,47.08,,46.32,3.842887266593284,-0.005965061780997042,-0.008920985556499611,,0.007340241796200265
2017-05-24,46.77,45.910000000000004,46.017857142857146,45.14,44.763,44.92,47.3,46.44,46.1,3.845241971737795,0.04118432769367768,-0.011205073995771545,0.007105943152454897,0.014533622559652964
2017-05-25,48.02,46.064285714285724,46.26857142857143,45.275333333333336,44.77711111111111,44.65,46.54,46.61,46.28,3.8716175907931074,0.07547592385218375,0.03180060163300395,0.03025101909461497,0.03759723422644775
2017-05-26,48.74,46.61,46.540000000000006,45.455000000000005,44.78933333333333,45.22,45.83,46.4,,3.8865000481970604,0.07784166298098194,0.06349552694741444,0.050431034482758694,
2017-05-30,47.96,47.08285714285715,46.60285714285714,45.57933333333334,44.79711111111111,46.66,46.94,,47.09,3.8703673301593136,0.027861123017574034,0.021729867916489204,,0.01847526014015709
2017-05-31,48.41,47.53857142857142,46.682142857142864,45.73266666666666,44.80166666666667,46.77,44.92,42.08,45.72,3.879706403951603,0.03506521274321132,0.07769367764915394,0.15042775665399236,0.05883639545056863
2017-06-01,49.05,47.94428571428572,46.86142857142857,45.88766666666667,44.825111111111106,48.02,44.65,43.87,46.82,3.892840186011372,0.021449396084964472,0.09854423292273233,0.11807613403236836,0.04762921828278507
2017-06-02,49.52,48.35285714285714,47.125,46.031,44.84711111111111,48.74,45.22,43.92,,3.9023766283763406,0.01600328272466149,0.0950906678460859,0.12750455373406197,
2017-06-05,49.74,48.777142857142856,47.34357142857142,46.184,44.867444444444445,,46.21,,44.84,3.9068094383752587,,0.07639039169011039,,0.1092774308652988
2017-06-06,49.74,49.02285714285714,47.54357142857143,46.294000000000004,44.86911111111111,47.96,46.66,,44.89,3.9068094383752587,0.03711426188490411,0.06600942991855992,,0.10804188015148143
2017-06-07,50.86,49.32571428571429,47.96785714285715,46.43566666666666,44.91255555555556,48.41,46.77,44.94,43.33,3.9290767599939738,0.05060937822763898,0.0874492195852041,0.13173119715175793,0.17378259866143553
2017-06-08,51.43,49.82142857142857,48.45214285714285,46.60333333333334,44.98511111111111,49.05,48.02,47.08,43.9,3.940221659786825,0.048521916411824725,0.07101207830070796,0.0923959218351742,0.17152619589977225
2017-06-09,50.27,50.08714285714286,48.81285714285715,46.813,45.052,49.52,48.74,47.3,,3.917408477704484,0.015145395799676897,0.03139105457529752,0.06279069767441874,
2017-06-12,49.48,50.14857142857143,49.04642857142857,47.041666666666664,45.11233333333333,49.74,,,41.21,3.901568547524287,-0.005227181342983617,,,0.20067944673622898
2017-06-13,49.45,50.13857142857143,49.24571428571429,47.28733333333333,45.17277777777778,49.74,47.96,,42.09,3.900962058068721,-0.005830317651789287,0.031067556296914135,,0.17486338797814205
2017-06-14,49.39,50.08857142857143,49.43285714285714,47.47133333333333,45.230444444444444,50.86,48.41,46.68,42.13,3.8997479745525334,-0.02890287062524575,0.02024375129105565,0.05805484147386463,0.17232375979112266
2017-06-15,49.11,49.99857142857143,49.510714285714286,47.64433333333333,45.27277777777778,51.43,49.05,46.94,41.72,3.894062680051153,-0.04510985805949835,0.0012232415902141136,0.046229228802726924,0.17713326941514862
2017-06-16,48.79,49.70285714285715,49.51428571428571,47.807,45.313,50.27,49.52,44.92,,3.8875253738277458,-0.02944101850009954,-0.01474151857835226,0.08615316117542292,
2017-06-19,49.66,49.449999999999996,49.63571428571429,47.97866666666666,45.364111111111114,49.48,49.74,,40.42,3.9051997800800207,0.003637833468067901,-0.0016083634901488822,,0.22859970311726854
2017-06-20,48.03,49.13,49.60857142857143,48.08166666666666,45.38333333333333,49.45,49.74,,40.35,3.871825815676733,-0.028715874620829154,-0.03437876960193005,,0.19033457249070632
2017-06-21,48.43,48.980000000000004,49.56428571428571,48.126666666666665,45.40533333333333,49.39,50.86,46.21,41.41,3.880119456415138,-0.019437133022879142,-0.04777821470703893,0.048041549448171364,0.16952426950012084
2017-06-22,48.97,48.91142857142857,49.525,48.18233333333333,45.422666666666665,49.11,51.43,46.66,41.73,3.891207865714226,-0.0028507432294848415,-0.04783200466653706,0.0495070724389199,0.17349628564581843
2017-06-23,48.63,48.80285714285714,49.44571428571429,48.252,45.44555555555556,48.79,50.27,46.77,,3.8842406244156944,-0.003279360524697614,-0.03262383131092104,0.03976908274534957,
2017-06-26,48.78,48.75571428571429,49.37714285714286,48.35033333333333,45.45933333333333,49.66,49.48,,42.6,3.887320392787774,-0.017720499395891976,-0.014147130153597328,,0.14507042253521127
2017-06-27,48.5,48.714285714285715,49.208571428571425,48.41100000000001,45.47633333333333,48.03,49.45,,41.96,3.8815637979434374,0.009785550697480718,-0.01921132457027306,,0.15586272640610102
2017-06-28,49.25,48.65571428571429,49.05285714285714,48.48800000000001,45.50233333333333,48.43,49.39,,42.54,3.8969093676180977,0.016931653933512293,-0.002834581899169884,,0.15773389750822758
2017-06-29,49.62,48.882857142857134,49.006428571428565,48.644666666666666,45.53355555555556,48.97,49.11,47.96,42.3,3.9043939782636548,0.013273432713906444,0.010384850335980411,0.0346121768140116,0.17304964539007095
2017-06-30,50.32,49.15285714285715,49.066428571428574,48.833666666666666,45.577999999999996,48.63,48.79,48.41,,3.918402612392185,0.034752210569607186,0.03135888501742163,0.03945465812848593,
2017-07-03,50.39,49.355714285714285,49.13357142857143,49.006,45.62566666666666,48.78,49.66,,40.9,3.9197927426925068,0.03300533005330052,0.014699959726137819,,0.2320293398533008
2017-07-05,51.26,49.73142857142857,49.26714285714286,49.17433333333334,45.681,49.25,48.43,49.74,41.72,3.936910720935925,0.04081218274111671,0.058434854429072855,0.03055890631282662,0.22866730584851389
2017-07-06,52.05,50.19857142857143,49.47714285714285,49.354,45.744666666666674,49.62,48.97,49.74,41.81,3.952204795060978,0.04897218863361547,0.06289565039820295,0.04644149577804574,0.24491748385553683
2017-07-07,53.03,50.84571428571428,49.78000000000001,49.562666666666665,45.818777777777775,50.32,48.63,50.86,,3.970857791149039,0.05385532591414946,0.09047912811021999,0.04266614235155332,
2017-07-10,52.66,51.332857142857144,49.99428571428571,49.717333333333336,45.880666666666656,50.39,48.78,,43.93,3.9638561540681634,0.04504862075808684,0.07954079540795399,,0.19872524470748912
2017-07-11,51.61,51.617142857142866,50.25,49.812999999999995,45.94611111111111,,48.5,,43.96,3.9437154521606357,,0.06412371134020617,,0.17402183803457685
2017-07-12,53.8,52.11428571428571,50.63357142857143,50.007666666666665,46.02366666666667,51.26,49.25,49.48,43.35,3.9852734671677386,0.04955130706203666,0.0923857868020304,0.08730800323362976,0.24106113033448662
2017-07-13,53.81,52.60285714285714,50.979285714285716,50.18766666666667,46.11811111111111,52.05,49.62,49.45,,3.9854593235013285,0.033813640730067346,0.08444175735590498,0.08816986855409503,
2017-07-14,54.22,53.02571428571429,51.378571428571426,50.36,46.22233333333334,53.03,50.32,49.39,,3.9930498440705193,0.022440128229304124,0.07750397456279806,0.09779307552136056,
2017-07-17,53.87,53.285714285714285,51.74214285714286,50.504999999999995,46.322111111111106,52.66,50.39,,43.81,3.9865737366924425,0.022977592100265874,0.06906132169081161,,0.22962793882675175
2017-07-18,53.15,53.30285714285714,52.074285714285715,50.61866666666666,46.43122222222222,51.61,,,44.4,3.973118104787957,0.029839178453788008,,,0.19707207207207209
2017-07-19,52.61,53.29571428571428,52.31428571428571,50.71433333333333,46.528000000000006,53.8,51.26,49.66,45.22,3.962906215742716,-0.02211895910780665,0.02633632461958645,0.05940394683850187,0.1634232640424591
2017-07-20,52.34,53.4,52.50857142857143,50.76366666666667,46.63877777777778,53.81,52.05,48.03,45.15,3.9577608971019997,-0.027318342315554706,0.005571565802113473,0.08973558192796173,0.1592469545957919
2017-07-21,51.91,53.13,52.622142857142855,50.779666666666664,46.75766666666667,54.22,53.03,48.43,,3.9495114498391377,-0.0426042050903726,-0.02112012068640401,0.07185628742514964,
2017-07-24,51.28,52.76857142857143,52.68571428571429,50.813333333333325,46.85977777777778,53.87,52.66,,46.61,3.9373008126124147,-0.04807870800074246,-0.026205848841625436,,0.10019309161124226
2017-07-25,50.61,52.25285714285714,52.63928571428572,50.851,46.95399999999999,53.15,51.61,,46.4,3.9241491852259864,-0.047789275634995285,-0.01937608990505716,,0.09073275862068968
2017-07-26,51.01,51.84428571428571,52.565000000000005,50.903,47.057222222222215,52.61,53.8,48.78,43.98,3.932021691934835,-0.030412469112336086,-0.05185873605947954,0.04571545715457148,0.1598453842655753
2017-07-27,50.0,51.394285714285715,52.348571428571425,50.92333333333333,47.14944444444444,52.34,53.81,48.5,42.62,3.912023005428146,-0.04470768055024844,-0.07080468314439699,0.030927835051546393,0.1731581417175036
2017-07-28,50.49,51.09142857142857,52.19357142857143,50.96933333333334,47.261333333333326,51.91,54.22,49.25,,3.921775296870824,-0.027355037565016272,-0.06879380302471406,0.02517766497461933,
2017-07-31,50.44,50.82,52.11,51.02433333333333,47.37344444444444,51.28,53.87,,43.87,3.9207845110967185,-0.016380655226209115,-0.06367180248746983,,0.14976065648506953
2017-08-01,51.06,50.69857142857143,51.91428571428571,51.071000000000005,47.48066666666666,50.61,53.15,,43.92,3.9330014118133376,0.008891523414345048,-0.03932267168391338,,0.16256830601092898
2017-08-02,50.45,50.58,51.67428571428571,51.15166666666667,47.57755555555556,51.01,52.61,50.39,43.91,3.920982746799618,-0.010978239560870323,-0.04105683330165361,0.0011907124429450739,0.14894101571396054
2017-08-03,50.55,50.57142857142857,51.412142857142854,51.22233333333334,47.675444444444445,50.0,52.34,,44.51,3.9229629454664803,0.010999999999999944,-0.034199465036301224,,0.13569984273197033
2017-08-04,50.8,50.541428571428575,51.19285714285714,51.28333333333333,47.766555555555556,50.49,51.91,51.26,,3.927896354584436,0.006139829669241338,-0.021383163167019832,-0.008973858759266502,
2017-08-07,50.58,50.62428571428571,51.0092857142857,51.34833333333333,47.86233333333333,50.44,51.28,,47.08,3.923556241241819,0.0027755749405234055,-0.01365054602184093,,0.07434154630416313
2017-08-08,50.0,50.55428571428571,50.82285714285714,51.388999999999996,47.94522222222222,51.06,50.61,,47.3,3.912023005428146,-0.02075989032510776,-0.012052953961667643,,0.057082452431289704
2017-08-09,49.4,50.40571428571428,50.612857142857145,51.419,48.02411111111111,50.45,51.01,52.66,46.54,3.899950424193877,-0.020812685827552115,-0.03156243873750244,-0.06190657045195591,0.06145251396648044
2017-08-10,48.55,50.04714285714285,50.37285714285714,51.39566666666666,48.091888888888896,50.55,50.0,51.61,45.83,3.882594194737334,-0.039564787339268055,-0.029000000000000057,-0.05929083510947495,0.059349770892428516
2017-08-11,48.35,49.74714285714286,50.16357142857142,51.35333333333333,48.17466666666667,50.8,50.49,53.8,,3.8784662218993033,-0.048228346456692835,-0.04238463061992475,-0.10130111524163561,
2017-08-14,48.81,49.49857142857143,50.035000000000004,51.303000000000004,48.258,50.58,50.44,,46.94,3.887935209899056,-0.034994068801897905,-0.032315622521808,,0.03983809118023018
2017-08-15,48.52,49.17285714285714,49.857142857142854,51.24066666666667,48.33355555555555,50.0,51.06,,44.92,3.8819760840758493,-0.02959999999999994,-0.04974539757148451,,0.0801424755120214
2017-08-16,48.41,48.862857142857145,49.74357142857143,51.14566666666666,48.406888888888886,49.4,50.45,53.87,44.65,3.879706403951603,-0.020040485829959556,-0.04043607532210121,-0.10135511416372751,0.08421052631578943
2017-08-17,46.03,48.29571428571428,49.425000000000004,50.94500000000001,48.44811111111111,48.55,50.55,53.15,45.22,3.82929335782915,-0.05190525231719868,-0.08941641938674572,-0.1339604891815616,0.017912428129146445
2017-08-18,45.55,47.74571428571429,49.075714285714284,50.69566666666667,48.46611111111111,48.35,50.8,52.61,,3.8188106237059674,-0.05791106514994838,-0.1033464566929134,-0.1341950199581829,
2017-08-21,45.71,47.339999999999996,48.69357142857143,50.464000000000006,48.48555555555556,48.81,50.58,,46.66,3.822317092343653,-0.06351157549682444,-0.09628311585606955,,-0.020360051435919325
2017-08-22,45.41,46.92,48.333571428571425,50.257333333333335,48.50844444444445,48.52,50.0,,46.77,3.8157323451098595,-0.06409727947238265,-0.09180000000000006,,-0.029078469104126713
2017-08-23,43.97,46.22857142857142,47.863571428571426,49.92966666666666,48.50555555555555,48.41,49.4,51.28,48.02,3.7835075831927187,-0.09171658748192518,-0.10991902834008097,-0.14255070202808118,-0.08433985839233661
2017-08-24,42.92,45.42857142857143,47.300714285714285,49.56666666666667,48.495666666666665,46.03,48.55,50.61,48.74,3.759337917762498,-0.06756463176189441,-0.11596292481977334,-0.15194625568069547,-0.11940910956093558
2017-08-25,45.25,44.97714285714285,46.92000000000001,49.26766666666666,48.50511111111111,45.55,48.35,51.01,,3.8122026701459353,-0.006586169045005427,-0.06411582213029993,-0.11291903548323855,
2017-08-28,44.95,44.82285714285714,46.559285714285714,48.970333333333336,48.502111111111105,45.71,48.81,,47.96,3.8055507609176296,-0.01662655873988182,-0.07908215529604588,,-0.06276063386155124
2017-08-29,44.56,44.68142857142857,46.21357142857143,48.684,48.49555555555556,45.41,48.52,,48.41,3.7968365956190286,-0.018718343977097433,-0.08161582852431988,,-0.07952902292914676
2017-08-30,44.32,44.48285714285714,45.91142857142857,48.407666666666664,48.471999999999994,43.97,48.41,50.44,49.05,3.7914360424390283,0.007959972708665032,-0.08448667630654816,-0.12133227597145119,-0.09643221202854224
2017-08-31,44.74,44.387142857142855,45.653571428571425,48.15433333333333,48.45122222222223,42.92,46.03,51.06,49.52,3.8008679560619836,0.0424044734389562,-0.02802520095589831,-0.12377594986290638,-0.09652665589660744
2017-09-01,45.31,44.57857142857143,45.40357142857143,47.934333333333335,48.4391111111111,45.25,45.55,50.45,,3.813527758679047,0.0013259668508287794,-0.005268935236004278,-0.10188305252725471,
2017-09-05,43.92,44.721428571428575,45.074999999999996,47.689,48.43844444444444,44.56,45.41,,50.86,3.7823697972012753,-0.014362657091561952,-0.032812155912794426,,-0.136453008257963
2017-09-06,44.31,44.58714285714286,44.78214285714286,47.479,48.45722222222223,44.32,43.97,50.58,51.43,3.7912103852113983,-0.00022563176895302371,0.007732544916988934,-0.12396204033214701,-0.1384405988722535
2017-09-07,43.84,44.42857142857143,44.62571428571429,47.24,48.47677777777778,44.74,42.92,50.0,50.27,3.7805466426397603,-0.02011622708985245,0.021435228331780094,-0.12319999999999993,-0.12790928983489158
2017-09-08,43.6,44.291428571428575,44.486428571428576,47.026666666666664,48.473777777777784,45.31,45.25,49.4,,3.775057150354989,-0.037740013242109925,-0.03646408839779002,-0.11740890688259104,
2017-09-11,45.86,44.511428571428574,44.49714285714286,46.87233333333333,48.495333333333335,,44.95,,49.45,3.8255932774297583,,0.02024471635150159,,-0.07259858442871595
2017-09-12,46.29,44.73285714285714,44.56,46.73400000000001,48.52177777777778,43.92,44.56,,49.39,3.8349259550431793,0.05396174863387972,0.038824057450628294,,-0.0627657420530472
2017-09-13,47.0,44.97428571428572,44.776428571428575,46.59866666666667,48.54944444444444,44.31,44.32,48.81,49.11,3.8501476017100584,0.06070864364703222,0.060469314079422375,-0.037082565048145916,-0.04296477295866421
2017-09-14,46.19,45.298571428571435,45.010000000000005,46.45666666666666,48.56333333333333,43.84,44.74,48.52,48.79,3.832763324442514,0.053604014598540015,0.03240947697809557,-0.048021434460016596,-0.05328960852633739
2017-09-15,46.0,45.54,45.063571428571436,46.30499999999999,48.55133333333333,43.6,45.31,48.41,,3.828641396489095,0.055045871559632996,0.015228426395939035,-0.04978310266473862,
2017-09-18,45.31,45.75,45.089285714285715,46.122,48.52922222222222,45.86,,,48.03,3.813527758679047,-0.011993022241604822,,,-0.05663127212159065
2017-09-19,44.38,45.861428571428576,45.076428571428565,45.915333333333336,48.505222222222216,46.29,43.92,,48.43,3.792788917504448,-0.0412616115791747,0.010473588342440821,,-0.08362585174478623
2017-09-20,45.42,45.79857142857143,45.15500000000001,45.76266666666667,48.50066666666666,47.0,44.31,45.71,48.97,3.8159525366774125,-0.03361702127659571,0.02505077860528096,-0.006344344782323324,-0.07249336328364299
2017-09-21,46.29,45.79857142857143,45.26571428571429,45.659,48.49633333333333,46.19,43.84,45.41,48.63,3.8349259550431793,0.002164970772894597,0.055885036496350265,0.019378991411583408,-0.048118445404071626
2017-09-22,47.06,45.807142857142864,45.39071428571429,45.60933333333333,48.49766666666667,46.0,43.6,43.97,,3.8514233832992164,0.023043478260869613,0.07935779816513763,0.07027518762792821,
2017-09-25,47.7,46.02285714285715,45.660714285714285,45.58766666666667,48.52855555555555,45.31,45.86,,48.5,3.8649313978942956,0.0527477378062238,0.0401221107719146,,-0.016494845360824684
2017-09-26,47.58,46.24857142857143,45.89428571428572,45.54666666666666,48.56111111111111,44.38,46.29,,49.25,3.8624125048748117,0.07210455159981964,0.027867790019442628,,-0.0339086294416244
2017-09-27,46.85,46.46857142857143,46.10928571428572,45.491,48.57922222222222,45.42,47.0,44.95,49.62,3.846951008684431,0.03148392778511668,-0.0031914893617020976,0.0422691879866518,-0.055824264409512214
2017-09-28,47.49,46.91285714285714,46.38714285714286,45.46033333333334,48.593444444444444,46.29,46.19,44.56,50.32,3.8605191625610304,0.025923525599481592,0.02814462004762945,0.06575403949730699,-0.056240063593004735
2017-09-29,47.49,47.20857142857143,46.503571428571426,45.509,48.602666666666664,47.06,46.0,44.32,,3.8605191625610304,0.009137271568210788,0.03239130434782613,0.07152527075812277,
2017-10-02,47.73,47.41428571428571,46.60642857142857,45.58166666666667,48.613333333333344,47.7,45.31,,,3.865560131017805,0.0006289308176099377,0.05340984330169928,,
2017-10-03,50.51,47.90714285714286,46.857142857142854,45.74166666666667,48.641,47.58,44.38,,51.26,3.9221713364799613,0.061580496006725514,0.13812528165840457,,-0.01463129145532579
2017-10-04,50.73,48.339999999999996,47.18142857142857,45.919000000000004,48.663111111111114,46.85,45.42,,52.05,3.9265174515785985,0.08281750266808954,0.11690885072655206,,-0.02536023054755044
2017-10-05,50.56,48.76571428571428,47.50714285714286,46.13866666666667,48.692,47.49,46.29,43.92,53.03,3.923160749838602,0.06464518846072857,0.09224454525815518,0.15118397085610202,-0.04657740901376577
2017-10-06,51.3,49.401428571428575,47.935,46.418,48.724111111111114,47.49,47.06,44.31,,3.937690752176724,0.08022741629816793,0.09009774755631098,0.15775220040622873,
2017-10-09,50.6,49.84571428571429,48.37928571428572,46.59633333333333,48.74133333333334,47.73,47.7,,51.61,3.92395157629342,0.06012989733919977,0.06079664570230604,,-0.019569850804107693
2017-10-10,53.03,50.637142857142855,48.92285714285714,46.86566666666667,48.78033333333333,50.51,47.58,,53.8,3.970857791149039,0.04989111067115429,0.11454392601933593,,-0.014312267657992492
2017-10-11,52.83,51.36571428571428,49.39,47.141333333333336,48.81466666666666,50.73,46.85,45.86,53.81,3.9670792111762245,0.04139562389118868,0.12764140875133398,0.15198430004361096,-0.018212228210369892
2017-10-12,52.65,51.67142857142857,49.78928571428572,47.419,48.84700000000001,50.56,47.49,46.29,54.22,3.9636662385799846,0.04133702531645562,0.10865445356917239,0.1373946856772521,-0.02895610475839174
2017-10-13,52.7,51.95285714285715,50.146428571428565,47.684333333333335,48.86744444444445,51.3,47.49,47.0,,3.9646154555473165,0.027290448343080035,0.1097073068014319,0.12127659574468092,
2017-10-16,52.27,52.19714285714286,50.48142857142857,47.916333333333334,48.876777777777775,50.6,47.73,,53.15,3.9564225927248304,0.03300395256916999,0.09511837418814177,,-0.01655691439322663
2017-10-17,52.07,52.30714285714286,50.85428571428571,48.188,48.89677777777778,53.03,50.51,,52.61,3.952588967174808,-0.018102960588346234,0.03088497327261933,,-0.010264208325413403
2017-10-18,52.03,52.51142857142857,51.17857142857143,48.44533333333334,48.925111111111114,52.83,50.73,45.31,52.34,3.9518204753022124,-0.015142911224682892,0.025625862408831152,0.14831163098653716,-0.005922812380588503
2017-10-19,51.51,52.294285714285714,51.46571428571429,48.701,48.94800000000001,52.65,50.56,44.38,51.91,3.9417759635774936,-0.021652421652421663,0.018789556962025233,0.16065795403334823,-0.007705644384511628
2017-10-20,51.93,52.16571428571429,51.76571428571429,48.97866666666667,48.97622222222222,52.7,51.3,45.42,,3.9498966578562276,-0.014611005692599679,0.012280701754386015,0.14332892998678992,
2017-10-23,50.98,51.92714285714286,51.799285714285716,49.14933333333333,48.99700000000001,52.27,50.6,,50.61,3.9314333989479695,-0.024679548498182633,0.007509881422924811,,0.007310808140683609
2017-10-24,51.95,51.82,51.88642857142857,49.337999999999994,49.032111111111114,52.07,53.03,,51.01,3.9502817175452365,-0.0023045899750335597,-0.020365830661889465,,0.018427759262889726
2017-10-25,51.02,51.64142857142857,51.919285714285714,49.471999999999994,49.047222222222224,52.03,52.83,47.7,50.0,3.9322177127136655,-0.0194118777628291,-0.034260836645845075,0.06960167714884696,0.020400000000000064
2017-10-26,48.61,51.14714285714285,51.72714285714286,49.552666666666674,49.053666666666665,51.51,52.65,47.58,50.49,3.883829271057364,-0.05629974762182098,-0.07673314339981005,0.0216477511559479,-0.037235096058625516
2017-10-27,47.56,50.50857142857143,51.51,49.60466666666667,49.04399999999999,51.93,52.7,46.85,,3.861992071822581,-0.08415174273059883,-0.09753320683111955,0.015154749199573124,
2017-10-30,47.25,49.9,51.097142857142856,49.669333333333334,49.02488888888889,50.98,52.27,,51.06,3.855452653939752,-0.0731659474303648,-0.09603979338052425,,-0.07461809635722683
2017-10-31,46.82,49.17,50.667857142857144,49.75066666666667,49.00477777777778,51.95,52.07,,50.45,3.846310462062765,-0.09874879692011554,-0.10082581140772037,,-0.07195242814667993
2017-11-01,47.84,48.721428571428575,50.324285714285715,49.83133333333333,48.994333333333344,51.02,52.03,47.73,50.55,3.867862109642376,-0.06232849862798902,-0.08053046319431093,0.0023046302116070927,-0.05361028684470809
2017-11-02,47.36,48.065714285714286,49.942857142857136,49.867,48.98166666666667,48.61,51.51,50.51,50.8,3.8577779905757503,-0.025714873482822465,-0.08056688021743348,-0.062363888338942755,-0.06771653543307082
2017-11-03,47.45,47.555714285714295,49.598571428571425,49.88,48.961666666666666,47.56,51.93,50.73,,3.859676525055937,-0.0023128679562657577,-0.08626997881763906,-0.06465602207766596,
2017-11-06,47.51,47.39857142857143,49.27285714285715,49.873666666666665,48.938222222222215,47.25,50.98,,50.0,3.86094021519883,0.00550264550264546,-0.06806590819929383,,-0.04980000000000004
2017-11-07,46.46,47.24142857142857,48.875,49.836333333333336,48.89533333333333,46.82,51.95,,49.4,3.838591727342263,-0.007689021785561714,-0.10567853705486048,,-0.059514170040485787
2017-11-08,46.37,47.11571428571428,48.507857142857134,49.82033333333333,48.85066666666667,47.84,51.02,50.6,48.55,3.8366526984033693,-0.030727424749164,-0.09114072912583311,-0.0835968379446641,-0.04490216271884655
2017-11-09,45.77,46.965714285714284,48.06785714285714,49.763,48.789666666666676,47.36,48.61,53.03,48.35,3.8236288546655506,-0.03357263513513506,-0.05842419255297256,-0.13690363944936823,-0.05336091003102375
2017-11-10,45.82,46.67714285714286,47.699285714285715,49.70733333333333,48.720444444444446,47.45,47.56,52.83,,3.8247206770253497,-0.034351949420442625,-0.036585365853658576,-0.13268975960628426,
2017-11-13,45.74,46.44571428571429,47.25571428571429,49.641,48.63944444444444,47.51,47.25,,48.52,3.822973188594635,-0.037255314670595584,-0.031957671957671914,,-0.05729596042868922
2017-11-14,45.81,46.21142857142856,46.88357142857143,49.48433333333333,48.56333333333334,46.46,46.82,,48.41,3.8245024078986507,-0.013990529487731352,-0.021571977787270356,,-0.05370791158851466
2017-11-15,47.19,46.16571428571428,46.78214285714285,49.36633333333334,48.514222222222216,46.37,47.84,52.27,46.03,3.8541820057382963,0.01768384731507441,-0.013586956521739248,-0.09718767935718395,0.025200955898327104
2017-11-16,47.68,46.339999999999996,46.79071428571429,49.27033333333333,48.44622222222222,45.77,47.36,52.07,45.55,3.8645120227570944,0.04173039108586402,0.006756756756756763,-0.08430958325331286,0.046761800219539025
2017-11-17,47.39,46.48571428571428,46.800714285714285,49.14,48.37488888888889,45.82,47.45,52.03,,3.858411235979497,0.034264513312963776,-0.0012644889357218603,-0.08917931962329426,
2017-11-20,47.69,46.760000000000005,46.86285714285714,49.043000000000006,48.30233333333334,45.74,47.51,,45.41,3.864721732310133,0.042632269348491375,0.0037886760681961635,,0.05020920502092053
2017-11-21,48.65,47.16428571428571,46.92071428571428,48.897,48.24433333333333,45.81,46.46,,43.97,3.884651808632014,0.06199519755511888,0.047137322427894916,,0.10643620650443483
2017-11-22,48.66,47.58142857142857,47.01357142857143,48.758,48.19444444444444,47.19,46.37,50.98,42.92,3.8848573373553763,0.031150667514303856,0.04938537847746386,-0.045508042369556696,0.13373718546132327
2017-11-24,48.56,47.97428571428571,47.09285714285714,48.62166666666667,48.14944444444444,47.39,45.82,51.02,,3.8828001467512427,0.02468875290145604,0.05979921431689223,-0.04821638573108586,
2017-11-27,48.42,48.15,47.15785714285715,48.479000000000006,48.105888888888884,47.69,45.74,,44.56,3.8799129515099127,0.015307192283497672,0.05859204197638827,,0.08662477558348293
2017-11-28,49.22,48.370000000000005,47.355,48.37733333333334,48.076,48.65,45.81,,44.32,3.89630004496291,0.011716341212744097,0.07443789565597024,,0.11055956678700357
2017-11-29,49.25,48.63571428571429,47.560714285714276,48.28333333333333,48.05344444444445,48.66,47.19,47.25,44.74,3.8969093676180977,0.012124948623099126,0.043653316380589155,0.042328042328042326,0.10080464908359404
2017-11-30,50.49,49.035714285714285,47.89785714285714,48.232,48.05211111111112,,47.68,46.82,45.31,3.921775296870824,,0.05893456375838931,0.07838530542503207,0.11432354888545573
2017-12-01,49.0,49.08571428571429,48.125,48.14833333333333,48.02977777777778,48.56,47.39,47.84,,3.8918202981106265,0.009060955518945587,0.03397341211225996,0.024247491638795915,
2017-12-04,49.93,49.26714285714286,48.424285714285716,48.08166666666666,48.029,48.42,47.69,,43.92,3.910622024512518,0.031185460553490252,0.04697001467812963,,0.13683970856101998
2017-12-05,49.47,49.39714285714286,48.685714285714276,48.031333333333336,48.01766666666667,49.22,48.65,,44.31,3.901366425239617,0.005079236082893133,0.016855087358684486,,0.1164522681110358
2017-12-06,49.61,49.56714285714286,48.85857142857143,47.95333333333334,48.00844444444445,49.25,48.66,47.51,43.84,3.9041924263129575,0.00730964467005075,0.019523222359227353,0.044201220795622005,0.13161496350364954
2017-12-07,50.88,49.80428571428571,49.08714285714285,47.94866666666667,48.006444444444455,50.49,,46.46,43.6,3.9294699190318667,0.007724301841948912,,0.09513560051657344,0.1669724770642202
2017-12-08,51.02,50.05714285714286,49.346428571428575,48.028999999999996,48.01277777777777,49.0,48.56,46.37,,3.9322177127136655,0.04122448979591843,0.05065897858319606,0.10028035367694643,
2017-12-11,51.3,50.17285714285714,49.604285714285716,48.153666666666666,48.02111111111112,49.93,48.42,,46.29,3.937690752176724,0.027438413779290956,0.05947955390334563,,0.10823071937783535
2017-12-12,50.47,50.38285714285714,49.73428571428572,48.260999999999996,48.01744444444445,49.47,49.22,,47.0,3.921379100352171,0.02021427127552052,0.025396180414465664,,0.07382978723404253
2017-12-13,50.09,50.40571428571429,49.83642857142856,48.370000000000005,48.012,49.61,49.25,45.74,46.19,3.9138213873695253,0.009675468655513081,0.017055837563451845,0.095102754700481,0.0844338601428882
2017-12-14,50.21,50.51142857142857,49.95428571428572,48.449,48.01433333333333,50.88,50.49,45.81,46.0,3.916214210046614,-0.013168238993710725,-0.0055456526044761565,0.09604889762060682,0.0915217391304348
2017-12-15,51.06,50.71857142857142,50.142857142857146,48.57233333333333,48.032777777777774,51.02,49.0,47.19,,3.9330014118133376,0.0007840062720501596,0.04204081632653066,0.08200890019071848,
2017-12-18,51.49,50.80571428571428,50.30500000000001,48.707,48.06544444444444,51.3,49.93,,44.38,3.94138761405805,0.003703703703703798,0.03124374123773287,,0.16020730058584945
2017-12-19,51.44,50.86571428571428,50.46142857142858,48.838,48.09977777777778,50.47,49.47,,45.42,3.940416079929364,0.019219338220725163,0.039822114412775396,,0.1325407309555261
2017-12-20,51.92,50.95428571428572,50.56357142857143,49.019999999999996,48.13433333333334,50.09,49.61,47.69,46.29,3.9497040723958348,0.03653423837093229,0.04656319290465637,0.08869784021807516,0.12162454093756757
2017-12-21,52.79,51.285714285714285,50.83428571428572,49.234,48.18177777777778,50.21,50.88,48.65,47.06,3.9663217788355247,0.05138418641704836,0.03753930817610056,0.08509763617677288,0.12175945601359958
2017-12-22,52.59,51.642857142857146,51.02428571428571,49.461333333333336,48.22822222222222,51.06,51.02,48.66,,3.962525987601253,0.029964747356051726,0.030772246177969427,0.08076448828606674,
2017-12-26,52.85,52.02,51.26571428571429,49.69566666666666,48.303999999999995,51.44,50.47,,46.85,3.967457712316247,0.02741057542768281,0.0471567267683773,,0.128068303094984
2017-12-27,52.4,52.21142857142858,51.464999999999996,49.91766666666667,48.38011111111111,51.92,50.09,48.42,47.49,3.9589065913269965,0.009244992295839694,0.046116989419045615,0.08219743907476243,0.10339018740787527
2017-12-28,52.46,52.35,51.57785714285715,50.13933333333333,48.45511111111111,52.79,50.21,49.22,47.49,3.9600509744387278,-0.00625118393635155,0.044811790479984064,0.06582689963429504,0.10465361128658662
2017-12-29,52.03,52.434285714285714,51.64999999999999,50.300666666666665,48.528666666666666,52.59,51.06,49.25,,3.9518204753022124,-0.010648412245674125,0.018997258127692887,0.05644670050761424,
2018-01-02,52.99,52.58714285714286,51.770714285714284,50.47766666666667,48.628888888888895,52.85,51.44,,50.73,3.9701032165046706,0.002649006622516567,0.0301321928460343,,0.04454957618766026
2018-01-03,52.34,52.52285714285715,51.90428571428571,50.64266666666666,48.73355555555556,52.4,51.92,49.93,50.56,3.9577608971019997,-0.0011450381679388392,0.008089368258859817,0.0482675746044463,0.03520569620253167
2018-01-04,52.67,52.534285714285716,52.08857142857143,50.80866666666667,48.816,52.46,52.79,49.47,51.3,3.964046033495298,0.004003049942813588,-0.0022731577950368905,0.06468566808166572,0.026705653021442587
2018-01-05,52.65,52.505714285714284,52.26285714285715,50.942,48.90155555555556,52.03,52.59,49.61,,3.9636662385799846,0.01191620219104358,0.0011409013120364168,0.061277968151582325,
2018-01-08,52.13,52.46714285714285,52.339285714285715,51.05766666666667,48.98566666666667,,,,53.03,3.9537405987800147,,,,-0.016971525551574555
2018-01-09,52.08,52.41285714285715,52.381428571428565,51.175,49.07188888888889,52.99,52.85,,52.83,3.9527809979003137,-0.017173051519154627,-0.014569536423841118,,-0.014196479273140262
2018-01-10,53.78,52.66285714285714,52.548571428571435,51.35366666666666,49.17233333333333,52.34,52.4,51.3,52.65,3.9849016508407185,0.027512418800152802,0.026335877862595468,0.04834307992202737,0.021462488129154845
2018-01-11,56.42,53.152857142857144,52.870000000000005,51.593666666666664,49.29577777777778,52.67,52.46,50.47,52.7,4.0328237055738505,0.07119802544142775,0.0754860846359131,0.1178918169209432,0.07058823529411762
2018-01-12,58.47,54.02857142857143,53.27571428571429,51.900999999999996,49.45744444444445,52.65,52.03,50.09,,4.068513802187579,0.11054131054131056,0.12377474533922732,0.16729886204831293,
2018-01-16,57.98,54.787142857142854,53.660714285714285,52.150666666666666,49.609333333333325,52.08,52.99,,52.03,4.06009812349351,0.11328725038402455,0.09416871107756171,,0.11435710167211216
2018-01-17,58.16,55.57428571428572,54.040000000000006,52.455999999999996,49.768444444444455,53.78,52.34,51.49,51.51,4.063197833225264,0.08144291558200066,0.11119602598395095,0.12953971644979598,0.1291011454086585
2018-01-18,58.34,56.46142857142856,54.46428571428572,52.73633333333334,49.932222222222215,56.42,52.67,51.44,51.93,4.066287964439575,0.0340304856433889,0.1076514144674388,0.13413685847589435,0.12343539379934534
2018-01-19,58.06,57.315714285714286,54.864285714285714,53.022666666666666,50.067777777777785,58.47,52.65,51.92,,4.061476958596484,-0.007012142979305569,0.1027540360873695,0.11825885978428352,
2018-01-22,58.1,57.932857142857145,55.29785714285715,53.30566666666666,50.199000000000005,,52.13,,51.95,4.062165663857866,,0.11452138883560327,,0.11838306063522615
2018-01-23,58.29,58.199999999999996,55.67642857142857,53.552666666666674,50.32444444444445,57.98,52.08,,51.02,4.0654305520574585,0.005346671265953817,0.11923963133640555,,0.14249313994511947
2018-01-24,54.79,57.67428571428571,55.85142857142858,53.678333333333335,50.42,58.16,53.78,,48.61,4.003507695550324,-0.05794360385144425,0.018780215693566343,,0.12713433449907427
2018-01-25,53.05,56.970000000000006,55.878571428571426,53.73666666666667,50.49833333333333,58.34,56.42,52.85,47.56,3.971234865059992,-0.09067535138841286,-0.05973059198865659,0.003784295175023571,0.11543313708999148
2018-01-26,53.07,56.24285714285714,55.90857142857142,53.82333333333334,50.58455555555556,58.06,58.47,52.4,,3.9716117968398037,-0.08594557354460905,-0.0923550538737814,0.012786259541984766,
2018-01-29,52.68,55.434285714285714,55.94785714285714,53.909666666666666,50.67677777777778,58.1,,,46.82,3.9642358768750805,-0.09328743545611018,,,0.12516018795386585
2018-01-30,52.59,54.652857142857144,55.98428571428572,53.989,50.75644444444444,58.29,57.98,,47.84,3.962525987601253,-0.09778692743180642,-0.09296309072093814,,0.09928929765886287
2018-01-31,54.32,54.11285714285714,56.02285714285714,54.09766666666667,50.84566666666667,54.79,58.16,,47.36,3.9948924832504407,-0.008578207702135406,-0.06602475928473171,,0.14695945945945948
2018-02-01,53.88,53.48285714285714,55.84142857142857,54.17733333333333,50.92144444444445,53.05,58.34,52.99,47.45,3.986759351542163,0.01564561734213017,-0.07644840589646898,0.016795621815436885,0.13551106427818754
2018-02-02,52.1,53.098571428571425,55.38642857142857,54.199333333333335,50.97033333333333,53.07,58.06,52.34,,3.9531649487593215,-0.01827774637271526,-0.10265242852221841,-0.004585403133358846,
2018-02-05,49.76,52.628571428571426,54.79928571428571,54.12733333333334,50.99455555555556,52.68,58.1,,46.46,3.907211448430924,-0.05542900531511013,-0.1435456110154906,,0.07102884201463619
2018-02-06,51.18,52.35857142857143,54.300714285714285,54.07366666666667,51.04266666666667,52.59,58.29,,46.37,3.935348830731643,-0.026811180832858026,-0.12197632527020072,,0.10373086047013161
2018-02-07,51.4,52.175714285714285,53.805,54.034,51.08611111111111,54.32,54.79,52.13,45.77,3.9396381724611196,-0.05375552282768781,-0.06187260448987043,-0.014003452906196125,0.1230063360279658
2018-02-08,48.6,51.605714285714285,53.12928571428572,53.89233333333333,51.09844444444445,53.88,53.05,52.08,45.82,3.883623530906448,-0.09799554565701561,-0.08388312912346835,-0.0668202764976958,0.060672195547795744
2018-02-09,48.36,50.75428571428572,52.433571428571426,53.757666666666665,51.105444444444444,52.1,53.07,53.78,,3.878673025746592,-0.07178502879078698,-0.08875070661390617,-0.10078095946448497,
2018-02-12,50.09,50.21285714285714,51.847857142857144,53.678666666666665,51.100777777777786,49.76,52.68,,45.81,3.9138213873695253,0.006631832797427762,-0.04916476841305992,,0.09342938223095396
2018-02-13,50.87,50.037142857142854,51.567857142857136,53.64,51.102333333333334,51.18,52.59,,47.19,3.9292733588346738,-0.006057053536537754,-0.03270583761171336,,0.07798262343716889
2018-02-14,51.07,50.22428571428571,51.42642857142857,53.576,51.108000000000004,51.4,54.32,,47.68,3.9331972406595526,-0.006420233463034986,-0.059830633284241534,,0.07109899328859062
2018-02-15,51.67,50.294285714285714,51.32642857142857,53.55366666666667,51.11211111111111,48.6,53.88,57.98,47.39,3.9448773422990935,0.0631687242798354,-0.04101707498144025,-0.10883063125215583,0.09031441232327497
2018-02-16,51.58,50.31999999999999,51.24785714285714,53.51733333333333,51.123,48.36,52.1,58.16,,3.9431340004531985,0.06658395368072785,-0.009980806142034608,-0.11313617606602473,
2018-02-20,51.72,50.76571428571429,51.185714285714276,53.48633333333334,51.108444444444444,50.87,51.18,,48.66,3.945844553903657,0.016709258895223147,0.010550996483001156,,0.06288532675709006
2018-02-21,52.78,51.39714285714285,51.07571428571429,53.508,51.10788888888889,51.07,51.4,58.1,,3.966132331075178,0.033483454082631696,0.026848249027237404,-0.09156626506024097,
2018-02-22,52.98,51.81,51.011428571428574,53.538000000000004,51.111555555555555,51.67,48.6,58.29,48.56,3.9699144838439238,0.02535320301915996,0.09012345679012336,-0.0910962429233145,0.09102141680395376
2018-02-23,53.39,52.17,51.103571428571435,53.525,51.11922222222222,51.58,48.36,54.79,,3.9776234625120948,0.035091120589375774,0.10401157981803145,-0.02555210804891401,
2018-02-26,55.0,52.73142857142857,51.47785714285715,53.477666666666664,51.14955555555556,,50.09,,49.22,4.007333185232471,,0.09802355759632654,,0.11743193823648926
2018-02-27,54.26,53.10142857142857,51.69785714285714,53.337333333333326,51.17388888888888,51.72,50.87,,49.25,3.9937873072307855,0.0491105955143078,0.06664045606447809,,0.10172588832487306
2018-02-28,54.25,53.48285714285714,51.901428571428575,53.212999999999994,51.19855555555556,52.78,51.07,52.68,50.49,3.993602992420569,0.02785145888594162,0.06226747601331505,0.029802581624905095,0.0744701921172509
2018-03-01,53.48,53.73428571428571,52.25,53.057,51.220444444444446,52.98,51.67,52.59,49.0,3.9793077522337423,0.009437523593808984,0.035029998064640896,0.016923369461874754,0.09142857142857136
2018-03-02,53.18,53.791428571428575,52.59428571428572,52.885,51.23433333333333,53.39,51.58,54.32,,3.9736823858148735,-0.003933320846600503,0.031019775106630506,-0.020986745213549346,
2018-03-05,53.19,53.82142857142857,52.815714285714286,52.72266666666667,51.25888888888889,55.0,,,49.47,3.9738704087542263,-0.03290909090909095,,,0.07519708914493631
2018-03-06,53.57,53.847142857142856,53.00857142857143,52.57166666666667,51.27688888888889,54.26,51.72,,49.61,3.980989209892869,-0.01271654994471061,0.035769528228925006,,0.07982261640798229
2018-03-07,54.11,53.720000000000006,53.22571428571428,52.432333333333325,51.31122222222221,54.25,52.78,49.76,50.88,3.991019011654644,-0.002580645161290333,0.025198938992042407,0.08741961414791,0.06348270440251566
2018-03-08,54.79,53.79571428571428,53.44857142857143,52.43233333333333,51.379888888888885,53.48,52.98,51.18,51.02,4.003507695550324,0.024495138369483964,0.03416383540958857,0.07053536537710042,0.07389259114072905
2018-03-09,56.07,54.05571428571428,53.769285714285715,52.533,51.474444444444444,53.18,53.39,51.4,,4.026600910135581,0.054343738247461464,0.050196666042330015,0.09085603112840471,
2018-03-12,56.5,54.48714285714285,54.11071428571429,52.647333333333336,51.57722222222223,53.19,55.0,,50.47,4.034240638152395,0.062229742432788164,0.02727272727272727,,0.11947691698038441
2018-03-13,56.23,54.92285714285714,54.357142857142854,52.76566666666667,51.681777777777775,53.57,54.26,,50.09,4.0294504223041105,0.049654657457532135,0.03630667158127532,,0.12257935715711706
2018-03-14,55.28,55.221428571428575,54.521428571428565,52.855333333333334,51.764444444444436,54.11,54.25,50.09,50.21,4.012411179459415,0.021622620587691772,0.018986175115207393,0.10361349570772604,0.10097590121489744
2018-03-15,55.17,55.449999999999996,54.64857142857142,52.88366666666666,51.85122222222222,54.79,53.48,50.87,51.06,4.01041932728434,0.006935572184705285,0.031600598354525146,0.08452919205818762,0.08049353701527613
2018-03-16,55.4,55.63428571428572,54.67714285714285,52.934333333333335,51.93955555555556,56.07,53.18,51.07,,4.014579593753238,-0.011949349028000744,0.04174501692365549,0.08478558840806732,
2018-03-19,54.62,55.61000000000001,54.702857142857134,53.01833333333333,52.01855555555556,56.5,53.19,,51.44,4.000400116045559,-0.033274336283185886,0.02688475277307764,,0.061819595645412125
2018-03-20,55.32,55.502857142857145,54.77928571428571,53.20366666666666,52.117,56.23,53.57,,51.92,4.013134506796558,-0.01618353192246126,0.03266753780100803,,0.06548536209553156
2018-03-21,54.09,55.15857142857142,54.82285714285715,53.300666666666665,52.202777777777776,55.28,54.11,,52.79,3.9906493258833358,-0.021526772793053504,-0.000369617445943375,,0.024625876112900253
2018-03-22,52.31,54.598571428571425,54.760714285714286,53.331,52.275444444444446,55.17,54.79,51.72,52.59,3.95718755738252,-0.051839767989849544,-0.045263734258076234,0.011407579273008573,-0.005324206122837062
2018-03-23,51.01,53.988571428571426,54.605000000000004,53.41133333333334,52.33311111111111,55.4,56.07,52.78,,3.932021691934835,-0.0792418772563177,-0.09024433743534871,-0.03353543008715428,
2018-03-26,51.86,53.51571428571429,54.48285714285714,53.528,52.40111111111111,54.62,56.5,,52.85,3.9485477801105184,-0.05053094104723541,-0.08212389380530974,,-0.018732261116367114
2018-03-27,50.9,52.87285714285714,54.253571428571426,53.555,52.45766666666666,55.32,56.23,,52.4,3.929862923556477,-0.07989877078814175,-0.0947892584029877,,-0.02862595419847328
2018-03-28,50.85,52.33428571428571,53.972142857142856,53.55433333333333,52.498333333333335,54.09,55.28,55.0,52.46,3.928880122494569,-0.05990016638935111,-0.08013748191027496,-0.07545454545454543,-0.03069004956157071
2018-03-29,51.96,51.854285714285716,53.67857142857143,53.583999999999996,52.54588888888889,52.31,55.17,54.26,52.03,3.9504741918023987,-0.006690881284649234,-0.05818379554105493,-0.04238849981570213,-0.0013453776667307377
2018-04-02,49.78,51.23857142857143,53.19857142857143,53.520999999999994,52.57244444444445,51.86,54.62,,52.99,3.907613296939446,-0.040107983031237915,-0.08861222995239833,,-0.06057746744668807
2018-04-03,51.47,51.118571428571435,52.85857142857143,53.51733333333333,52.614444444444445,50.9,55.32,,52.34,3.940999113664663,0.011198428290766215,-0.0695950831525669,,-0.016622086358425762
2018-04-04,52.04,51.26571428571429,52.62714285714286,53.528,52.65211111111112,50.85,54.09,53.19,52.67,3.9520126536443043,0.02340216322517203,-0.03789979663523765,-0.021620605376950527,-0.01196126827415991
2018-04-05,52.14,51.30571428571428,52.410714285714285,53.50666666666667,52.690777777777775,51.96,52.31,53.57,52.65,3.9539324085053558,0.0034642032332563456,-0.003249856623972504,-0.02669404517453798,-0.00968660968660965
2018-04-06,51.12,51.33714285714286,52.105000000000004,53.44466666666666,52.71922222222223,,51.01,54.11,,3.9341758100692794,,0.0021564399137423925,-0.05525780816854559,
