timestamp,ALK,ALK_rolling_7_day_avg,ALK_rolling_14_day_avg,ALK_rolling_30_day_avg,ALK_rolling_90_day_avg,ALK_7_days_ago,ALK_14_days_ago,ALK_30_days_ago,ALK_90_days_ago,ALK_log_price,ALK_pct_change_7_days,ALK_pct_change_14_days,ALK_pct_change_30_days,ALK_pct_change_90_days
2016-10-03,67.09,,,,,,,,,4.206035001574797,,,,
2016-10-04,68.71,,,,,,,,,4.229894749042985,,,,
2016-10-05,68.31,,,,,,,,,4.224056168743758,,,,
2016-10-06,69.09,,,,,,,,,4.2354100025007035,,,,
2016-10-07,68.11,,,,,,,,,4.221124045253227,,,,
2016-10-10,69.91,,,,,67.09,,,,4.247208700523894,0.04203308987926655,,,
2016-10-11,69.33,68.65,,,,68.71,,,,4.238877712954399,0.009023431814874175,,,
2016-10-12,70.43,69.12714285714286,,,,68.31,,,,4.254619308757319,0.03103498755672675,,,
2016-10-13,72.96,69.73428571428572,,,,69.09,,,,4.289911345766076,0.056013894919669856,,,
2016-10-14,72.31,70.30571428571429,,,,68.11,,,,4.28096243218686,0.06166495375128473,,,
2016-10-17,71.94,70.71285714285715,,,,69.91,67.09,,,4.275832438267478,0.029037333714776157,0.07229095245193015,,
2016-10-18,72.11,71.28428571428572,,,,69.33,68.71,,,4.2781927309286685,0.04009808163854033,0.04948333575898713,,
2016-10-19,73.46,71.79142857142857,,,,70.43,68.31,,,4.296741040391521,0.043021439727388706,0.07539159713072743,,
2016-10-20,75.29,72.64285714285714,70.64642857142857,,,72.96,69.09,,,4.321347323862031,0.03193530701754403,0.089738022868722,,
2016-10-21,74.56,73.23285714285714,71.17999999999999,,,72.31,68.11,,,4.311604170377335,0.031116028211865578,0.09469975040375866,,
2016-10-24,73.61,73.32571428571428,71.53,,,71.94,69.91,,,4.298780886070615,0.023213789268835164,0.05292518952939498,,
2016-10-25,72.4,73.33857142857143,71.82214285714285,,,72.11,69.33,,,4.282206299391671,0.00402163361531003,0.04428097504687736,,
2016-10-26,71.13,73.22285714285714,71.96785714285714,,,73.46,70.43,,,4.264509188745424,-0.031717941736999704,0.00993894647167384,,
2016-10-27,71.12,73.08142857142857,72.18285714285715,,,75.29,72.96,,,4.264368591205649,-0.055385841413202304,-0.025219298245613888,,
2016-10-28,71.78,72.84142857142857,72.31642857142857,,,74.56,72.31,,,4.273605885719461,-0.0372854077253219,-0.007329553312128352,,
2016-10-31,72.22,72.40285714285714,72.52285714285715,,,73.61,71.94,,,4.279717015849312,-0.018883303898926784,0.003892132332499321,,
2016-11-01,71.43,71.95571428571428,72.5942857142857,,,72.4,72.11,,,4.268717949166882,-0.013397790055248602,-0.009430037442795627,,
2016-11-02,70.96,71.57714285714286,72.45142857142856,,,71.13,73.46,67.09,,4.262116338001324,-0.002389990158864076,-0.03403212632725293,0.05768370845133388,
2016-11-03,69.66,71.18571428571428,72.26214285714285,,,71.12,75.29,68.71,,4.243626264937855,-0.020528683914510796,-0.07477752689600224,0.013826226167952305,
2016-11-04,70.26,71.06142857142858,72.14214285714286,,,71.78,74.56,68.31,,4.252202646837681,-0.021175814990247923,-0.05767167381974245,0.028546332894159022,
2016-11-07,72.57,71.26857142857143,72.175,,,72.22,73.61,,,4.284551613290046,0.004846302963168019,-0.014128515147398536,,
2016-11-08,72.71,71.40142857142857,72.12142857142858,,,71.43,72.4,,,4.286478926661966,0.01791964160716767,0.00428176795580094,,
2016-11-09,73.18,71.53857142857143,71.9707142857143,,,70.96,71.13,69.91,,4.292922159591061,0.03128523111612195,0.02882046956277255,0.0467744242597627,
2016-11-10,74.97,72.04428571428572,72.0,,,69.66,71.12,69.33,,4.31708803351497,0.0762273901808786,0.05413385826771645,0.0813500649069667,
2016-11-11,75.23,72.65428571428572,72.11571428571429,71.56133333333334,,70.26,71.78,70.43,,4.32055008757213,0.07073726159977226,0.048063527444970784,0.06815277580576454,
2016-11-14,77.83,73.82142857142857,72.50357142857142,71.91933333333333,,72.57,72.22,,,4.354526960971297,0.07248174176657028,0.07767931320963721,,
2016-11-15,78.24,74.96142857142857,73.01142857142857,72.237,,72.71,71.43,,,4.359781025726562,0.07605556319625914,0.09533809323813507,,
2016-11-16,77.77,75.7042857142857,73.48642857142856,72.55233333333332,,73.18,70.96,71.94,,4.353755752706852,0.06272205520634037,0.09596956031567085,0.08103975535168194,
2016-11-17,78.85,76.58142857142857,73.99142857142859,72.87766666666668,,74.97,69.66,72.11,,4.367547313409047,0.0517540349473122,0.1319265001435544,0.09346831230065171,
2016-11-18,79.47,77.48,74.50928571428571,73.25633333333333,,75.23,70.26,73.46,,4.375379591952088,0.05636049448358361,0.13108454312553364,0.08181323169071611,
2016-11-21,78.78,78.02428571428571,75.03428571428572,73.552,,77.83,72.57,,,4.36665915754276,0.012206090196582331,0.08557255064076076,,
2016-11-22,81.53,78.9242857142857,75.78928571428571,73.95866666666666,,78.24,72.71,,,4.400971050674819,0.04205010224948884,0.12130380965479312,,
2016-11-23,82.96,79.65714285714284,76.73928571428571,74.37633333333333,,77.77,73.18,73.61,,4.418358563921272,0.06673524495306671,0.133643071877562,0.12702078521939947,
2016-11-25,82.75,80.30142857142856,77.63142857142859,74.70266666666666,,79.47,75.23,71.13,,4.415824014257172,0.04127343651692464,0.09996012229163892,0.1633628567411782,
2016-11-28,82.43,80.96714285714286,78.33571428571429,75.03999999999999,,78.78,77.83,,,4.411949448325136,0.0463315562325464,0.05910317358345122,,
2016-11-29,82.78,81.52857142857144,79.05499999999999,75.40133333333333,,81.53,78.24,,,4.416186486320586,0.015331779712989083,0.05802658486707575,,
2016-11-30,82.27,81.92857142857143,79.7042857142857,75.74,,82.96,77.77,72.22,,4.410006521180839,-0.008317261330761785,0.05786292915005787,0.13915812794239818,
2016-12-01,82.86,82.51142857142858,80.26785714285714,76.05333333333333,,,78.85,71.43,,4.417152436649256,,0.05085605580215606,0.16001679966400661,
2016-12-02,84.83,82.98285714285714,80.95357142857144,76.37133333333333,,82.75,79.47,70.96,,4.440649253819643,0.0251359516616314,0.06744683528375486,0.19546223224351755,
2016-12-05,83.12,83.00571428571428,81.33142857142856,76.65666666666667,,82.43,78.78,,,4.420285346790972,0.00837073880868613,0.055090124397055136,,
2016-12-06,84.8,83.29857142857144,81.79999999999998,77.02966666666667,,82.78,81.53,,,4.440295542797857,0.024402029475718724,0.040107935729179395,,
2016-12-07,87.67,84.04714285714286,82.50714285714285,77.53866666666667,,82.27,82.96,72.57,,4.473579765600494,0.06563753494590988,0.056774349083895954,0.2080749621055534,
2016-12-08,88.55,84.87142857142858,83.2,78.11933333333333,,82.86,,72.71,,4.4835673642288425,0.06867004586048754,,0.21785173978819977,
2016-12-09,89.77,85.94285714285715,83.93571428571428,78.741,,84.83,82.75,73.18,,4.497250843768597,0.05823411528940231,0.084833836858006,0.22670128450396265,
2016-12-12,86.73,86.49571428571429,84.50357142857142,79.23933333333333,,83.12,82.43,,,4.462799844696365,0.043431183830606346,0.05216547373529051,,
2016-12-13,86.87,86.78714285714285,84.885,79.72766666666666,,84.8,82.78,,,4.464412748271829,0.024410377358490654,0.049408069582024684,,
2016-12-14,86.38,87.25285714285714,85.12928571428571,80.22599999999998,,87.67,82.27,77.83,,4.458756167532555,-0.014714269419413782,0.04995745715327579,0.10985481176924061,
2016-12-15,90.12,88.01285714285713,85.6557142857143,80.86466666666665,,88.55,82.86,78.24,,4.501142115564043,0.01773009599096564,0.08761766835626364,0.15184049079754613,
2016-12-16,88.73,88.16428571428571,86.10571428571428,81.50033333333333,,89.77,84.83,77.77,,4.485598050847247,-0.011585162080873256,0.045974301544265066,0.14092837855214105,
2016-12-19,90.33,88.41857142857143,86.645,82.16933333333333,,86.73,83.12,,,4.503469631161752,0.041508128675198826,0.08674205967276219,,
2016-12-20,91.56,88.67428571428572,87.30857142857143,82.80233333333334,,86.87,84.8,,,4.516994495084366,0.05398871877518128,0.07971698113207554,,
2016-12-21,91.12,89.30142857142856,87.89857142857144,83.416,,86.38,87.67,78.78,,4.512177319138927,0.05487381338272759,0.03935211588912972,0.15663874079715667,
2016-12-22,89.1,89.62,88.20357142857142,83.94666666666667,,90.12,88.55,81.53,,4.489759334476764,-0.011318242343542057,0.006211180124223571,0.0928492579418618,
2016-12-23,90.43,90.19857142857144,88.72571428571429,84.46199999999999,,88.73,89.77,82.96,,4.504576070752389,0.019159247154288322,0.007352122089785126,0.09004339440694327,
2016-12-27,90.54,90.25857142857141,89.13571428571429,84.97233333333334,,91.56,86.87,,,4.505791742007813,-0.01114023591087807,0.042247035800621634,,
2016-12-28,88.69,90.25285714285715,89.20857142857143,85.33433333333332,,91.12,86.38,82.43,,4.485147143388361,-0.026668129938542656,0.026742301458671017,0.07594322455416705,
2016-12-29,88.53,89.99571428571429,89.20714285714287,85.67733333333334,,89.1,90.12,82.78,,4.483341477622957,-0.006397306397306321,-0.017643142476697772,0.06946122251751631,
2016-12-30,88.73,89.59142857142858,89.13285714285715,86.04266666666668,,90.43,88.73,82.27,,4.485598050847247,-0.018799071104721916,0.0,0.07852193995381072,
2017-01-03,88.0,89.14571428571428,89.22357142857143,86.34766666666665,,90.54,91.56,,68.31,4.477336814478207,-0.028053898829246807,-0.03888160768894716,,0.288244766505636
2017-01-04,89.18,89.15714285714286,89.38857142857144,86.67133333333332,,88.69,91.12,83.12,69.09,4.49065679919933,0.005524861878453142,-0.0212906057945566,0.07290664100096249,0.29078014184397166
2017-01-05,87.76,88.77571428571427,89.48714285714287,86.97066666666666,,88.53,89.1,84.8,68.11,4.474605815966975,-0.008697616627132001,-0.015039281705948253,0.03490566037735859,0.28850389076493915
2017-01-06,86.98,88.26714285714286,89.26285714285714,87.15233333333335,,88.73,90.43,87.67,,4.465678207169493,-0.019722754423532062,-0.03815105606546503,-0.007870423177825912,
2017-01-09,87.47,88.09285714285714,89.17285714285715,87.30266666666667,,,,,69.33,4.471295877431763,,,,0.26164719457666236
2017-01-10,92.0,88.58857142857143,89.29214285714286,87.611,,88.0,90.54,,70.43,4.5217885770490405,0.045454545454545456,0.016125469405787428,,0.3062615362771545
2017-01-11,93.8,89.31285714285714,89.45214285714287,87.99000000000001,,89.18,88.69,86.73,72.96,4.541164856012179,0.05180533751962312,0.05761641673243883,0.0815173527037933,0.28563596491228077
2017-01-12,93.26,90.06428571428572,89.605,88.33933333333333,,87.76,88.53,86.87,72.31,4.535391291380175,0.06267092069279853,0.05342821642381118,0.07355819039944746,0.2897247960171484
2017-01-13,94.32,90.79857142857144,89.97785714285715,88.741,,86.98,88.73,86.38,,4.546693256229116,0.08438721545182788,0.06300011270145373,0.09191942579300762,
2017-01-17,93.41,91.60571428571428,90.1907142857143,89.09266666666666,,92.0,88.0,,73.46,4.5369984058847574,0.015326086956521701,0.061477272727272686,,0.2715763680914784
2017-01-18,92.93,92.4557142857143,90.36142857142856,89.36266666666667,,93.8,89.18,90.33,75.29,4.531846521569248,-0.009275053304903948,0.04204978694774613,0.02878334993911224,0.23429406295656793
2017-01-19,94.22,93.42,90.75642857142857,89.73266666666667,,93.26,87.76,91.56,74.56,4.545632473271895,0.010293802273214601,0.07360984503190512,0.02905198776758406,0.26368025751072954
2017-01-20,94.71,93.80714285714285,91.19785714285715,90.063,,94.32,86.98,91.12,,4.55081959123801,0.004134860050890592,0.08887100482869613,0.039398595258999004,
2017-01-23,93.07,93.70285714285716,91.50785714285713,90.243,,,87.47,,72.4,4.533351898197619,,0.06402195038298839,,0.2854972375690606
2017-01-24,92.86,93.64571428571428,91.855,90.38666666666667,,93.41,92.0,,71.13,4.531092982591776,-0.005888020554544451,0.009347826086956515,,0.3054969773653874
2017-01-25,93.38,93.51142857142857,92.15499999999999,90.507,,92.93,93.8,,71.12,4.536677189542791,0.004842354460346375,-0.004477611940298526,,0.3129921259842518
2017-01-26,95.9,93.86714285714287,92.73642857142856,90.81266666666667,,94.22,93.26,90.54,71.78,4.563305981889393,0.0178306092124815,0.028307956251340343,0.05920035343494587,0.3360267483978825
2017-01-27,95.13,94.18142857142857,93.31857142857142,91.08800000000001,,94.71,94.32,88.69,,4.555244377218366,0.004434589800443477,0.00858778625954201,0.07261247040252562,
2017-01-30,94.16,94.17285714285713,93.79642857142856,91.34733333333334,,93.07,,,71.43,4.544995462952021,0.011711614913506,,,0.3182136357272853
2017-01-31,93.82,94.04571428571428,93.92642857142857,91.47066666666667,,92.86,93.41,,70.96,4.541378052900312,0.010338143441740187,0.00438925168611494,,0.3221533258173619
2017-02-01,93.63,94.12571428571427,93.91428571428571,91.634,,93.38,92.93,,69.66,4.539350844950798,0.002677232812165346,0.0075325513827610956,,0.3440999138673557
2017-02-02,94.53,94.36428571428573,94.005,91.77399999999999,,95.9,94.22,88.0,70.26,4.548917244437293,-0.014285714285714332,0.0032901719380174304,0.07420454545454547,0.34543125533731844
2017-02-03,94.09,94.46571428571428,93.98857142857142,91.85833333333333,,95.13,94.71,89.18,,4.544251771018675,-0.010932408283401578,-0.006546299229225957,0.055057187710248895,
2017-02-06,95.12,94.35428571428572,94.11071428571428,91.99166666666666,,94.16,93.07,,72.71,4.555139252382526,0.010195412064571028,0.022026431718061797,,0.30821070004126
2017-02-07,94.1,94.20714285714284,94.19428571428571,92.15833333333333,,93.82,92.86,,73.18,4.544358046591334,0.0029844382860797396,0.01335343527891444,,0.28587045640885467
2017-02-08,97.2,94.64142857142858,94.40714285714286,92.384,,93.63,93.38,87.47,74.97,4.576770711466393,0.03812880487023398,0.04090811736988657,0.11123813879044249,0.29651860744297726
2017-02-09,98.41,95.29714285714286,94.67142857142858,92.64633333333333,83.06,94.53,95.9,92.0,75.23,4.589142424910894,0.04104517084523427,0.026173096976016587,0.06967391304347823,0.30812175993619556
2017-02-10,97.35,95.82857142857144,94.97714285714287,92.935,83.39622222222222,94.09,95.13,93.8,,4.578312731818208,0.034647677755340535,0.02333648691264584,0.03784648187633259,
2017-02-13,98.02,96.32714285714285,95.34571428571428,93.25133333333333,83.72188888888888,95.12,94.16,,78.24,4.585171539481402,0.03048780487804869,0.04099405267629566,,0.25281186094069535
2017-02-14,96.3,96.64285714285714,95.55428571428571,93.50366666666667,84.03288888888889,94.1,93.82,,77.77,4.56746831880408,0.023379383634431487,0.02643359624813477,,0.2382666838112383
2017-02-15,96.96,96.90571428571427,95.63,93.80233333333332,84.34255555555555,97.2,93.63,,78.85,4.574298522321004,-0.0024691358024692294,0.03556552387055429,,0.22967660114140775
2017-02-16,96.69,97.2757142857143,95.74142857142859,94.05266666666667,84.6601111111111,98.41,94.53,93.41,79.47,4.5715099844954565,-0.017477898587541906,0.022849888924151025,0.03511401348891983,0.21668554171385426
2017-02-17,96.6,97.18999999999998,95.91571428571429,94.34733333333334,84.95666666666666,97.35,94.09,92.93,,4.570578741218473,-0.007704160246533128,0.026676586247210022,0.039492090821047966,
2017-02-21,96.61,96.93285714285715,96.11500000000001,94.66833333333332,85.25977777777778,96.3,94.1,,82.96,4.570682255529419,0.0032191069574247382,0.026673751328374126,,0.16453712632594028
2017-02-22,97.25,96.91857142857143,96.37357142857142,94.99433333333333,85.55777777777779,96.96,97.2,93.07,,4.577284982498556,0.0029909240924093057,0.0005144032921810407,0.04491243150316973,
2017-02-23,95.89,96.61428571428571,96.47071428571428,95.12400000000001,85.81255555555556,96.69,98.41,92.86,82.75,4.56320170116559,-0.008273864929155002,-0.025607153744538116,0.032629765237992686,0.1587915407854985
2017-02-24,97.01,96.71571428571428,96.67928571428571,95.231,86.087,96.6,97.35,93.38,,4.574814065973192,0.004244306418219573,-0.003492552645094907,0.03887342043264093,
2017-02-27,97.84,96.84142857142857,96.87357142857142,95.38366666666667,86.37477777777778,,98.02,,82.78,4.583333491378917,,-0.0018363599265455277,,0.18192800193283404
2017-02-28,97.82,97.00285714285715,97.13928571428572,95.50033333333333,86.66044444444444,96.61,96.3,,82.27,4.583129055111211,0.012524583376462,0.01578400830737275,,0.18901179044609212
2017-03-01,100.24,97.52285714285715,97.35642857142857,95.72800000000001,86.958,97.25,96.96,94.16,82.86,4.607567310587813,0.03074550128534699,0.03382838283828384,0.06457094307561596,0.20975138788317638
2017-03-02,96.36,97.48714285714286,97.21,95.84233333333333,87.19211111111112,95.89,96.69,93.82,84.83,4.568091177746671,0.004901449577641035,-0.0034129692832764328,0.027073118738009022,0.13591889661676296
2017-03-03,98.94,97.72857142857143,97.32357142857143,95.99966666666666,87.463,97.01,96.6,93.63,,4.594513605799563,0.019894856200391636,0.024223602484472088,0.05671259211791095,
2017-03-06,96.63,97.83428571428571,97.2242857142857,96.06366666666666,87.71877777777777,97.84,,,84.8,4.570889252011217,-0.012367130008176696,,,0.13950471698113207
2017-03-07,95.12,97.56428571428572,97.14,96.13199999999999,87.97122222222222,97.82,96.61,,87.67,4.555139252382526,-0.027601717440196166,-0.015422834075147447,,0.08497775749971487
2017-03-08,95.2,97.18714285714285,97.01428571428572,96.21000000000001,88.23866666666666,100.24,97.25,95.12,88.55,4.55597994179732,-0.050279329608938474,-0.021079691516709482,0.0008410428931875346,0.07509881422924908
2017-03-09,94.78,96.75285714285714,96.87785714285714,96.25666666666666,88.50155555555556,96.36,95.89,94.1,89.77,4.551558416539442,-0.016396845163968433,-0.011575763896130978,0.0072263549415516135,0.055809290408822605
2017-03-10,96.61,96.23428571428572,96.87857142857142,96.28033333333333,88.77744444444444,98.94,97.01,97.2,,4.570682255529419,-0.023549626035981385,-0.0041232862591486,-0.006069958847736661,
2017-03-13,96.58,96.26571428571428,96.87642857142858,96.32866666666665,89.04811111111111,96.63,97.84,,86.87,4.570371680445396,-0.0005174376487632946,-0.01287816843826661,,0.11177621733624948
2017-03-14,94.5,95.63142857142857,96.67999999999999,96.33999999999999,89.30444444444444,95.12,97.82,,86.38,4.548599834499697,-0.00651808242220358,-0.03393988959313017,,0.09400324149108595
2017-03-15,95.36,95.45,96.64214285714286,96.39133333333332,89.57555555555555,95.2,100.24,98.02,90.12,4.55765920331704,0.0016806722689075271,-0.04868316041500395,-0.02713731891450721,0.058144695960940906
2017-03-16,94.14,95.30999999999999,96.43714285714286,96.40833333333333,89.84755555555556,94.78,96.36,96.3,88.73,4.544783035972996,-0.006752479426039255,-0.02303860523038604,-0.02242990654205604,0.060971486532176225
2017-03-17,93.36,95.04714285714286,96.11714285714285,96.36933333333333,90.10422222222222,96.61,98.94,96.96,,4.5364629879783,-0.033640409895455956,-0.05639781685870223,-0.03712871287128707,
2017-03-20,94.82,95.05285714285715,95.90285714285713,96.39366666666666,90.35144444444444,96.58,96.63,,91.56,4.551980357473973,-0.01822323462414584,-0.018731242885232355,,0.03560506771515936
2017-03-21,92.11,94.40999999999998,95.32214285714285,96.29333333333332,90.567,94.5,95.12,,91.12,4.522983515000144,-0.025291005291005298,-0.03164423885618172,,0.01086479367866544
2017-03-22,92.92,93.88714285714286,95.07642857142856,96.25399999999999,90.78633333333333,95.36,95.2,,89.1,4.531738907902208,-0.025587248322147628,-0.023949579831932785,,0.04287317620650963
2017-03-23,94.05,93.82285714285715,94.72714285714287,96.14900000000002,90.99833333333333,94.14,94.78,96.61,90.43,4.54382655574704,-0.0009560229445507054,-0.00770204684532606,-0.026498292102266868,0.04003096317593708
2017-03-24,94.7,93.72857142857143,94.58928571428571,96.02533333333332,91.21466666666666,93.36,96.61,97.25,,4.550714000192032,0.014353041988003464,-0.01977021012317562,-0.02622107969151668,
2017-03-27,95.0,93.85142857142857,94.58071428571428,95.94699999999999,91.40544444444444,94.82,96.58,,90.54,4.553876891600541,0.0018983336848766804,-0.016359494719403588,,0.04925999558206311
2017-03-28,96.33,94.2757142857143,94.66142857142857,95.89066666666666,91.60644444444445,92.11,94.5,,88.69,4.567779796769532,0.0458147866681142,0.019365079365079346,,0.08614274439057391
2017-03-29,94.3,94.20142857142856,94.62714285714286,95.824,91.7901111111111,92.92,95.36,97.84,88.53,4.546481189639412,0.014851485148514802,-0.01111577181208056,-0.03618152085036801,0.06517564667344398
2017-03-30,93.66,94.42285714285713,94.41642857142858,95.714,91.95466666666667,94.05,94.14,97.82,88.73,4.539671203755396,-0.004146730462519942,-0.0050987890376036115,-0.042527090574524605,0.05556181674743595
2017-03-31,92.22,94.32285714285715,94.10499999999999,95.56500000000001,92.09633333333333,94.7,93.36,100.24,,4.52417702677856,-0.026187961985216515,-0.012210796915167101,-0.08000798084596963,
2017-04-03,92.37,94.08285714285715,93.95285714285714,95.42399999999999,92.24733333333333,95.0,94.82,,88.0,4.525802250604519,-0.027684210526315742,-0.025838430710820384,,0.04965909090909096
2017-04-04,90.22,93.44285714285715,93.58571428571429,95.211,92.34388888888887,96.33,92.11,,89.18,4.50225113198025,-0.06342780026990553,-0.020518944739984807,,0.011661807580174837
2017-04-05,90.05,92.73571428571428,93.29357142857143,94.971,92.42266666666667,94.3,92.92,96.63,87.76,4.500365071621965,-0.04506892895015907,-0.03088678433060702,-0.06809479457725343,0.026093892433910575
2017-04-06,89.43,91.75,93.01285714285714,94.75566666666666,92.4968888888889,93.66,94.05,95.12,86.98,4.49345619635809,-0.04516335682254954,-0.049122807017543756,-0.059819175777964646,0.028167394803403113
2017-04-07,89.17,91.01714285714286,92.60928571428572,94.49433333333333,92.57177777777778,92.22,94.7,95.2,,4.490544660146788,-0.03307308609846017,-0.05839493136219642,-0.06334033613445379,
2017-04-10,89.04,90.35714285714286,92.39,94.201,92.64133333333332,92.37,95.0,,92.0,4.489085706967289,-0.03605066580058459,-0.06273684210526309,,-0.03217391304347819
2017-04-11,88.84,89.87428571428572,92.09857142857143,93.90166666666667,92.71433333333334,90.22,96.33,,93.8,4.4868369990262265,-0.01529594324983369,-0.07775355548634896,,-0.05287846481876326
2017-04-12,88.66,89.3442857142857,91.71357142857143,93.51566666666666,92.77877777777778,90.05,94.3,96.58,93.26,4.484808829316908,-0.015435868961687959,-0.059809119830328744,-0.08200455580865605,-0.04932446922582038
2017-04-13,86.33,88.78857142857143,91.11571428571429,93.18133333333331,92.79544444444444,89.43,93.66,94.5,94.32,4.4581771622474315,-0.03466398300346649,-0.07826179799273968,-0.08645502645502648,-0.08471162001696347
2017-04-17,86.91,88.34,90.53785714285716,92.78033333333335,92.83755555555555,89.04,92.37,,93.41,4.464873100449369,-0.023921832884097143,-0.05911010068203971,,-0.06958569746279841
2017-04-18,86.53,87.92571428571429,89.83785714285715,92.44366666666666,92.85677777777778,88.84,90.22,,92.93,4.460491174618648,-0.026001800990544825,-0.04090002216803367,,-0.0688690412138169
2017-04-19,87.19,87.64285714285714,89.33,92.17933333333333,92.85144444444445,88.66,90.05,94.82,94.22,4.468089645439724,-0.016580193999548826,-0.03176013325930038,-0.08046825564226952,-0.07461260878794312
2017-04-20,88.37,87.54714285714286,88.95214285714285,91.95166666666665,92.84944444444443,86.33,89.43,92.11,94.71,4.481532545529913,0.023630255994440012,-0.01185284580118531,-0.04060362609922913,-0.0669411888924083
2017-04-21,89.11,87.58571428571429,88.73,91.76266666666668,92.84211111111112,,89.17,92.92,,4.4898715616246285,,-0.0006728720421666735,-0.041003013344812766,
2017-04-24,90.68,87.87428571428572,88.60928571428572,91.56500000000001,92.886,86.91,89.04,,92.86,4.507336825639328,0.04337820734092752,0.01841868823000899,,-0.023476200732285082
2017-04-25,91.42,88.60142857142857,88.69500000000001,91.393,92.93655555555557,86.53,88.84,,93.38,4.515464272903598,0.05651219230324744,0.029040972534894172,,-0.020989505247376247
2017-04-26,88.25,88.79285714285716,88.56642857142857,91.18466666666667,92.95733333333334,87.19,88.66,95.0,95.9,4.480173695813406,0.012157357495125615,-0.004624407850214263,-0.07105263157894737,-0.07977059436913457
2017-04-27,84.93,88.56428571428572,88.245,90.837,92.89966666666666,88.37,86.33,96.33,95.13,4.441827387791918,-0.038927237750367744,-0.01621684234912535,-0.1183431952662721,-0.10722169662567002
2017-04-28,85.09,88.26428571428572,87.95357142857144,90.53533333333333,92.85922222222221,89.11,,94.3,,4.443709519861466,-0.045112781954887174,,-0.09766702014846229,
2017-05-01,84.42,87.7,87.62357142857142,90.23733333333332,92.79355555555556,90.68,86.91,,93.82,4.435804340354353,-0.06903396559329515,-0.028650327925440054,,-0.10019185674696218
2017-05-02,86.49,87.32571428571428,87.4557142857143,89.95966666666666,92.7372222222222,91.42,86.53,,93.63,4.460028800318421,-0.05392693064974849,-0.0004622674217035277,,-0.0762576097404678
2017-05-03,86.6,86.74285714285715,87.30857142857143,89.77600000000001,92.687,88.25,87.19,92.37,94.53,4.461299815568389,-0.018696883852691283,-0.006766831058607678,-0.06246616866948154,-0.08388871257801764
2017-05-04,85.43,85.88714285714285,87.24428571428572,89.52633333333333,92.64622222222222,84.93,88.37,90.22,94.09,4.447697327163527,0.005887201224537854,-0.03326920900758173,-0.05309244070050978,-0.09203953661388029
2017-05-05,85.24,85.45714285714284,87.125,89.23266666666667,92.58855555555554,85.09,89.11,90.05,,4.445470807230416,0.0017628393465741153,-0.043429469195376554,-0.053414769572459775,
2017-05-08,83.53,85.25714285714285,86.91071428571429,88.86033333333333,92.51066666666668,84.42,90.68,,94.1,4.425205848767815,-0.01054252546789861,-0.07884869872077642,,-0.11232731137088198
2017-05-09,84.21,85.13142857142857,86.69785714285716,88.50066666666666,92.46088888888889,86.49,91.42,,97.2,4.433313679041901,-0.02636142906694417,-0.0788667687595713,,-0.13364197530864205
2017-05-10,83.19,84.9557142857143,86.32785714285714,88.06266666666667,92.40155555555555,86.6,88.25,89.04,98.41,4.421127148295796,-0.03937644341801382,-0.05733711048158643,-0.06570080862533702,-0.15465907936185347
2017-05-11,83.65,84.55,85.93785714285715,87.70766666666667,92.34511111111111,85.43,84.93,88.84,97.35,4.426641427432833,-0.02083577197705725,-0.01507123513481692,-0.058419630796938286,-0.14072932717000503
2017-05-12,83.59,84.12,85.43142857142857,87.37200000000001,92.2961111111111,85.24,85.09,88.66,,4.4259238957110645,-0.01935710933833871,-0.017628393465742156,-0.05718475073313776,
2017-05-15,84.87,84.03999999999999,84.96357142857143,87.127,92.24822222222222,83.53,84.42,,96.3,4.441120673981586,0.01604214054830604,0.0053304904051173045,,-0.11869158878504665
2017-05-16,84.73,83.96714285714286,84.71214285714287,86.87233333333333,92.21455555555555,84.21,86.49,,96.96,4.439469730210373,0.006175038593991334,-0.02034917331483398,,-0.12613448844884478
2017-05-17,82.19,83.7757142857143,84.51642857142858,86.60466666666667,92.16133333333333,83.19,86.6,86.91,96.69,4.409033640160408,-0.012020675561966582,-0.05092378752886832,-0.05430905534460936,-0.14996380184093494
2017-05-18,83.04,83.60857142857142,84.37,86.37100000000001,92.11211111111112,83.65,85.43,86.53,96.6,4.419322419417578,-0.007292289300657494,-0.02797612080065551,-0.04033283254362643,-0.1403726708074533
2017-05-19,84.57,83.80571428571429,84.38071428571428,86.209,92.02955555555556,83.59,85.24,87.19,,4.437579593794131,0.011723890417513934,-0.007860159549507294,-0.0300493175822916,
2017-05-22,85.28,84.03857142857143,84.2942857142857,86.07933333333334,91.9348888888889,84.87,83.53,,96.61,4.445939960417534,0.004830917874396095,0.02095055668622052,,-0.11727564434323567
2017-05-23,85.78,84.35142857142857,84.23571428571428,85.97066666666667,91.85177777777777,84.73,84.21,,97.25,4.451785879088734,0.01239230496872415,0.018643866524165865,,-0.1179434447300771
2017-05-24,84.54,84.30428571428571,84.17214285714284,85.82733333333334,91.74311111111112,82.19,83.19,90.68,95.89,4.437224795138644,0.02859228616620037,0.01622791200865499,-0.06771063078958976,-0.1183647929919699
2017-05-25,86.58,84.56857142857143,84.26785714285714,85.75800000000001,91.66722222222221,83.04,83.65,91.42,97.01,4.461068842013835,0.04263005780346811,0.035026897788403975,-0.052942463355939655,-0.10751468920729829
2017-05-26,86.62,85.20142857142856,84.48857142857142,85.76766666666667,91.5971111111111,84.57,83.59,88.25,,4.46153073578648,0.024240274328958394,0.03624835506639552,-0.01847025495750703,
2017-05-30,85.81,85.59714285714287,84.60285714285713,85.731,91.50366666666666,85.78,84.73,,100.24,4.45213554981903,0.0003497318722313026,0.012746370824973425,,-0.1439545091779728
2017-05-31,87.05,85.95142857142856,84.87857142857145,85.74833333333335,91.41855555555556,84.54,82.19,84.42,96.36,4.466482666214198,0.029690087532528872,0.05913128117775884,0.031153755034351995,-0.09661685346616856
2017-06-01,88.23,86.37285714285714,85.2057142857143,85.783,91.36477777777777,86.58,83.04,86.49,98.94,4.479947041234014,0.019057519057519123,0.062499999999999965,0.020117932708983804,-0.1082474226804123
2017-06-02,89.31,86.87714285714287,85.61428571428573,85.81433333333334,91.32533333333332,86.62,84.57,86.6,,4.4921134636957945,0.031055183560378636,0.05604824405817677,0.0312933025404158,
2017-06-05,89.3,87.55714285714285,85.93071428571429,85.82066666666667,91.27999999999999,,85.28,,95.12,4.492001487882454,,0.04713883677298307,,-0.06118587047939452
2017-06-06,89.2,87.93142857142858,86.25,85.77133333333333,91.20555555555555,85.81,85.78,,95.2,4.490881039585964,0.03950588509497728,0.039869433434367,,-0.06302521008403361
2017-06-07,91.69,88.6557142857143,86.92857142857143,85.78033333333335,91.16733333333333,87.05,84.54,83.53,94.78,4.518413322061809,0.053302699597932233,0.0845753489472438,0.09768945289117678,-0.03260181472884578
2017-06-08,90.54,89.33142857142856,87.46428571428571,85.85666666666667,91.12711111111112,88.23,86.58,84.21,96.61,4.505791742007813,0.02618157089425368,0.04573804573804583,0.07516921980762395,-0.06282993478935921
2017-06-09,89.93,89.74285714285715,87.84714285714287,86.02333333333333,91.08388888888891,89.31,86.62,83.19,,4.499031589926425,0.006942111745605246,0.038212883860540316,0.08101935328765487,
2017-06-12,89.04,89.85857142857142,88.11571428571429,86.155,91.0328888888889,89.3,,,94.5,4.489085706967289,-0.0029115341545351728,,,-0.05777777777777771
2017-06-13,88.91,89.80142857142857,88.33928571428571,86.30466666666668,90.97044444444444,89.2,85.81,,95.36,4.487624622133048,-0.0032511210762332537,0.0361263256030765,,-0.06763842281879198
2017-06-14,89.17,89.78285714285714,88.67,86.39399999999999,90.91577777777778,91.69,87.05,84.87,94.14,4.490544660146788,-0.027483913185734496,0.02435381964388288,0.050665724048544795,-0.05279371149352027
2017-06-15,88.41,89.66999999999999,88.80071428571429,86.45433333333334,90.84122222222223,90.54,88.23,84.73,93.36,4.481985085417713,-0.02352551358515584,0.0020401224073443567,0.043432078366576095,-0.05302056555269926
2017-06-16,88.74,89.24857142857142,88.95214285714287,86.56466666666667,90.78166666666667,89.93,89.31,82.19,,4.4857107459507635,-0.013232514177693893,-0.006382264024185504,0.07969339335685603,
2017-06-19,90.77,89.28142857142858,89.30642857142858,86.749,90.71022222222223,89.04,89.3,,92.11,4.508328834538536,0.0194294699011679,0.01646136618141096,,-0.014547823254804075
2017-06-20,89.39,89.2042857142857,89.47357142857142,86.94433333333335,90.61,88.91,89.2,,92.92,4.493008819099761,0.005398717804521471,0.0021300448430493016,,-0.03798966853207061
2017-06-21,90.83,89.46000000000001,89.65928571428572,87.165,90.53755555555556,89.17,91.69,85.28,94.05,4.508989627514122,0.01861612649994389,-0.009379430690369717,0.06507973733583486,-0.034237107921318434
2017-06-22,91.02,89.76142857142857,89.78142857142858,87.426,90.45977777777777,88.41,90.54,85.78,94.7,4.5110792625884955,0.02952154733627417,0.005301524188203995,0.061086500349731815,-0.03885955649419226
2017-06-23,91.63,90.11285714285714,89.94785714285715,87.69200000000001,90.40788888888889,88.74,89.93,84.54,,4.517758728977122,0.03256704980842913,0.01890359168241953,0.08386562573929487,
2017-06-26,90.87,90.46428571428571,90.06714285714285,87.93466666666667,90.34022222222222,90.77,89.04,,96.33,4.5094299137072555,0.0011016855789358656,0.02055256064690025,,-0.056680161943319776
2017-06-27,88.92,90.49000000000001,89.86928571428571,88.06966666666668,90.25388888888888,89.39,88.91,,94.3,4.487737089095996,-0.005257858820897179,0.00011247328759425392,,-0.05705196182396602
2017-06-28,88.41,90.15285714285714,89.71714285714286,88.19233333333334,90.16288888888889,90.83,89.17,,93.66,4.481985085417713,-0.026643179566222634,-0.008523045867444266,,-0.05605381165919283
2017-06-29,89.1,90.11142857142856,89.65785714285714,88.42266666666666,90.07944444444443,91.02,88.41,85.81,92.22,4.489759334476764,-0.02109426499670404,0.007804546996946021,0.038340519752942455,-0.03383214053350688
2017-06-30,89.76,89.95857142857143,89.7092857142857,88.64666666666668,89.99622222222222,91.63,88.74,87.05,,4.497139441774387,-0.020408163265306017,0.011494252873563334,0.03113153360137861,
2017-07-03,90.22,89.8442857142857,89.80285714285715,88.83500000000001,89.93322222222223,90.87,90.77,,90.22,4.50225113198025,-0.007153075822603782,-0.0060592706841467135,,0.0
2017-07-05,91.28,89.79428571428572,89.95357142857142,89.03500000000001,89.86955555555556,88.41,90.83,89.3,89.43,4.51393170555382,0.03246239113222491,0.00495431024991746,0.022172452407614826,0.020686570502068593
2017-07-06,91.4,89.87,90.16714285714285,89.22233333333332,89.798,89.1,91.02,89.2,89.17,4.515245478460105,0.025813692480359276,0.004174906613931111,0.024663677130044873,0.025008410900527127
2017-07-07,93.89,90.58000000000001,90.53499999999998,89.534,89.75433333333334,89.76,91.63,91.69,,4.542123884270456,0.04601158645276287,0.024664411219033126,0.023993892463736535,
2017-07-10,92.94,91.22714285714285,90.68999999999998,89.74600000000001,89.67322222222222,90.22,90.87,,88.84,4.531954123656832,0.030148525825759245,0.022779795311984076,,0.046150382710490705
2017-07-11,91.57,91.58000000000001,90.8457142857143,89.911,89.62,,88.92,,88.66,4.517103707119641,,0.02980206927575339,,0.032822016692984395
2017-07-12,94.63,92.27571428571427,91.11714285714287,90.205,89.57211111111111,91.28,88.41,89.04,86.33,4.549974550520141,0.03670026292725673,0.07035403234928174,0.06278077268643294,0.09614270821267228
2017-07-13,93.74,92.77857142857144,91.31142857142856,90.42799999999998,89.54,91.4,89.1,88.91,,4.54052499249456,0.025601750547045832,0.05207631874298542,0.05432459790799683,
2017-07-14,92.63,92.97142857142856,91.38285714285713,90.57466666666666,89.51233333333334,93.89,89.76,89.17,,4.5286130632659365,-0.013419959527106243,0.0319741532976826,0.038802287764943294,
2017-07-17,92.08,93.06857142857143,91.4692857142857,90.66699999999999,89.47766666666668,92.94,90.22,,86.53,4.522657764413627,-0.009253281687109958,0.020616271336732425,,0.06413960476135441
2017-07-18,90.75,92.61999999999999,91.60000000000001,90.71533333333333,89.43288888888888,91.57,,,87.19,4.5081084731449605,-0.00895489789232274,,,0.040830370455327475
2017-07-19,90.27,92.23857142857142,91.73285714285714,90.75099999999999,89.36244444444445,94.63,91.28,90.77,88.37,4.502805179310063,-0.04607418366268625,-0.01106485539000882,-0.0055084278946788585,0.021500509222586752
2017-07-20,89.1,91.88571428571427,91.73285714285714,90.66466666666666,89.27933333333334,93.74,91.4,89.39,89.11,4.489759334476764,-0.04949861318540645,-0.02516411378555811,-0.003244210761830252,-0.00011222085063410522
2017-07-21,88.25,90.9742857142857,91.625,90.58833333333334,89.2098888888889,92.63,93.89,90.83,,4.480173695813406,-0.047284896901651684,-0.06007029502609437,-0.02840471209952657,
2017-07-24,87.01,90.01285714285713,91.39571428571428,90.491,89.11711111111111,92.08,92.94,,91.42,4.466023054577933,-0.055060816681146756,-0.06380460512158374,,-0.0482388973966309
2017-07-25,87.13,89.22714285714285,91.09928571428573,90.42733333333334,89.03922222222222,90.75,91.57,,88.25,4.467401256243195,-0.039889807162534485,-0.04848749590477228,,-0.012691218130311667
2017-07-26,87.72,88.60428571428572,90.83642857142857,90.38766666666666,88.97655555555555,90.27,94.63,90.87,84.93,4.474149923549687,-0.028248587570621438,-0.0730212406213674,-0.03466490590954116,0.03285058283292113
2017-07-27,87.98,88.20857142857143,90.41428571428573,90.348,88.90055555555556,89.1,93.74,88.92,85.09,4.477109515920573,-0.01257014590347913,-0.06144655429912515,-0.01057130004498423,0.033964038077329894
2017-07-28,86.32,87.64428571428572,89.94142857142857,90.27833333333334,88.83622222222222,88.25,92.63,88.41,,4.458061320949879,-0.0218696883852692,-0.06812047932635218,-0.023639859744372847,
2017-07-31,85.23,87.09142857142858,89.48857142857143,90.16133333333333,88.75077777777777,87.01,92.08,,86.49,4.445353484534206,-0.020457418687507195,-0.07439183318853165,,-0.014568158168574298
2017-08-01,85.87,86.75142857142858,88.86285714285714,89.998,88.65988888888889,87.13,90.75,,86.6,4.452834524684393,-0.014461150005738449,-0.053774104683195545,,-0.00842956120092367
2017-08-02,85.64,86.5557142857143,88.28428571428572,89.87299999999999,88.55922222222222,87.72,90.27,90.22,85.43,4.450152463721482,-0.023711810305517538,-0.0512905727262656,-0.050764797162491666,0.002458152873697691
2017-08-03,84.99,86.25,87.73857142857143,89.67833333333333,88.448,87.98,89.1,,85.24,4.442533602510535,-0.03398499659013422,-0.04612794612794612,,-0.002932895354293759
2017-08-04,85.87,85.9857142857143,87.29499999999999,89.50666666666666,88.33177777777779,86.32,88.25,91.28,,4.452834524684393,-0.00521316033364213,-0.02696883852691213,-0.059268185801928094,
2017-08-07,86.0,85.70285714285716,86.95571428571428,89.31899999999999,88.23955555555555,85.23,87.01,,84.21,4.454347296253507,0.009034377566584489,-0.011607861165383348,,0.021256382852392904
2017-08-08,85.15,85.53571428571429,86.59,89.12833333333333,88.145,85.87,87.13,,83.19,4.444414407108697,-0.008384767672062407,-0.022724664294731894,,0.023560524101454598
2017-08-09,84.34,85.40857142857142,86.25,88.97566666666667,88.05744444444444,85.64,87.72,92.94,83.65,4.434856248318414,-0.015179822512844433,-0.03853169174646598,-0.09253281687109957,0.00824865511057977
2017-08-10,83.79,85.11142857142856,85.93142857142857,88.82166666666667,87.96211111111111,84.99,87.98,91.57,83.59,4.428313668625195,-0.014119308153900325,-0.047624460104569194,-0.084962323905209,0.002392630697451882
2017-08-11,84.47,84.94428571428571,85.75,88.66733333333333,87.89822222222223,85.87,86.32,94.63,,4.436396441739405,-0.016303714917899215,-0.021431881371640343,-0.10736552890203949,
2017-08-14,85.09,84.95857142857143,85.60428571428572,88.51166666666667,87.84311111111111,86.0,85.23,,84.73,4.443709519861466,-0.01058139534883717,-0.0016426141030153768,,0.0042487902749911415
2017-08-15,83.91,84.67857142857143,85.33214285714284,88.30133333333333,87.78177777777779,85.15,85.87,,82.19,4.4297447958819784,-0.014562536699941385,-0.0228252008850589,,0.020927120087601885
2017-08-16,83.81,84.36571428571429,85.03428571428572,88.05233333333332,87.72222222222223,84.34,85.64,92.08,83.04,4.428552332110815,-0.006284088214370419,-0.02136851938346565,-0.08981320590790613,0.009272639691714787
2017-08-17,80.02,83.63285714285715,84.58428571428571,87.673,87.622,83.79,84.99,90.75,84.57,4.382276603429089,-0.0449934359708797,-0.05847746793740439,-0.11823691460055101,-0.0538015844862244
2017-08-18,78.45,82.79142857142857,84.1,87.15833333333333,87.50655555555555,84.47,85.87,90.27,,4.362461479179042,-0.07126790576536043,-0.08640968906486551,-0.13094051179793945,
2017-08-21,77.98,81.96142857142857,83.53642857142857,86.65966666666667,87.38788888888888,85.09,86.0,,85.78,4.356452383554451,-0.0835585850276178,-0.09325581395348832,,-0.09093028678013519
2017-08-22,77.11,80.91,82.92714285714285,86.17766666666667,87.28544444444445,83.91,85.15,,84.54,4.345232973844869,-0.08103920867596232,-0.09442160892542578,,-0.08788739058433885
2017-08-23,74.91,79.45571428571428,82.20714285714284,85.52033333333334,87.15211111111111,83.81,84.34,87.01,86.58,4.316287392959792,-0.10619257845125886,-0.11180934313493013,-0.13906447534766128,-0.13478863478863481
2017-08-24,73.52,77.97142857142856,81.32500000000002,84.84633333333335,87.00755555555556,80.02,83.79,87.13,86.62,4.297557478047431,-0.08122969257685579,-0.12256832557584449,-0.15620337426833467,-0.15123528053567314
2017-08-25,75.53,76.78857142857143,80.57714285714287,84.27633333333333,86.878,78.45,84.47,87.72,,4.324529928325356,-0.03722115997450608,-0.105836391618326,-0.13896488828089373,
2017-08-28,74.31,75.97285714285715,79.80285714285715,83.684,86.72177777777777,77.98,85.09,,85.81,4.308245532169378,-0.047063349576814587,-0.12668938770713364,,-0.1340170143339937
2017-08-29,74.38,75.39142857142858,79.09142857142857,83.13833333333334,86.5581111111111,77.11,83.91,,87.05,4.309187088496924,-0.0354039683568928,-0.11357406745322371,,-0.14554853532452616
2017-08-30,74.13,74.84142857142857,78.40142857142857,82.60033333333334,86.37422222222223,74.91,83.81,85.23,88.23,4.305820308668628,-0.010412494993992808,-0.11549934375372875,-0.1302358324533616,-0.1598095885753146
2017-08-31,74.66,74.49142857142859,77.70071428571428,82.11899999999999,86.188,73.52,80.02,85.87,89.31,4.3129444734864375,0.015505984766050062,-0.06698325418645339,-0.1305461744497497,-0.1640353823759938
2017-09-01,75.15,74.52571428571427,76.99071428571429,81.68233333333333,86.04244444444446,75.53,78.45,85.64,,4.319486116198983,-0.005031113464848344,-0.042065009560229405,-0.12248949089210644,
2017-09-05,73.05,74.45857142857143,76.215,81.21700000000001,85.91044444444444,74.38,77.11,,91.69,4.291144138196708,-0.01788115084700186,-0.05265205550512258,,-0.20329370705638566
2017-09-06,73.68,74.19428571428571,75.49142857142859,80.76866666666666,85.78366666666666,74.13,74.91,86.0,90.54,4.299731391947051,-0.006070416835289204,-0.01641970364437311,-0.1432558139534883,-0.1862160371106693
2017-09-07,73.16,74.02999999999999,75.00142857142858,80.28333333333333,85.65855555555555,74.66,73.52,85.15,89.93,4.292648823522665,-0.02009107956067506,-0.004896626768226326,-0.14081033470346457,-0.18647837206716344
2017-09-08,74.3,74.01857142857143,74.705,79.82733333333334,85.5231111111111,75.15,75.53,84.34,,4.308110951723713,-0.011310711909514418,-0.016284919899377782,-0.11904197296656398,
2017-09-11,75.59,74.22714285714285,74.53428571428572,79.46966666666667,85.40077777777779,,74.31,,88.91,4.325323999304086,,0.01722513793567489,,-0.1498144190754695
2017-09-12,76.32,74.46428571428571,74.47785714285715,79.17266666666666,85.29955555555556,73.05,74.38,,89.17,4.334935027140031,0.044763860369609804,0.026082280182844822,,-0.14410676236402387
2017-09-13,76.21,74.61571428571429,74.57071428571429,78.85066666666667,85.19922222222223,73.68,74.13,85.09,88.41,4.333492687678026,0.03433767643865346,0.02805881559422634,-0.10436008931719366,-0.13799343965614752
2017-09-14,77.49,75.25,74.85428571428572,78.57900000000001,85.1321111111111,73.16,74.66,83.91,88.74,4.350148895775859,0.05918534718425367,0.03790517010447359,-0.07651054701465859,-0.12677484787018256
2017-09-15,75.28,75.47857142857143,74.83642857142857,78.25533333333333,85.03288888888889,74.3,75.15,83.81,,4.3212144952771245,0.013189771197846622,0.0017298735861609508,-0.10177783080777951,
2017-09-18,73.07,75.46571428571428,74.74785714285714,77.82866666666668,84.92044444444444,75.59,,,89.39,4.291417885803126,-0.03333774308771015,,,-0.18257075735540895
2017-09-19,72.24,75.17142857142858,74.595,77.36999999999999,84.79366666666667,76.32,73.05,,90.83,4.27999390910873,-0.05345911949685533,-0.011088295687885042,,-0.20466806121325556
2017-09-20,73.0,74.80142857142857,74.51428571428572,76.96499999999999,84.676,76.21,73.68,77.98,91.02,4.290459441148391,-0.04212045663298772,-0.00922909880564613,-0.06386252885355224,-0.19797846627114915
2017-09-21,72.91,74.3142857142857,74.38928571428572,76.584,84.54311111111112,77.49,73.16,77.11,91.63,4.289225803818339,-0.059104400567815185,-0.003417167851284855,-0.05446764362598888,-0.20429990177889337
2017-09-22,74.75,74.10571428571428,74.36071428571428,76.28266666666667,84.43222222222222,75.28,74.3,74.91,,4.314149212270796,-0.007040382571732215,0.006056527590847952,-0.002135896409024117,
2017-09-25,74.79,73.72,74.485,75.96000000000001,84.35,73.07,75.59,,88.92,4.314684186203576,0.023539072122622323,-0.010583410504034886,,-0.15890688259109306
2017-09-26,74.96,73.67428571428572,74.57642857142856,75.62233333333333,84.26022222222223,72.24,76.32,,88.41,4.316954637930166,0.03765227021040973,-0.017819706498951777,,-0.1521321117520643
2017-09-27,75.1,73.96428571428571,74.715,75.32866666666668,84.155,73.0,76.21,74.31,89.1,4.318820558770089,0.028767123287671156,-0.014565017714210727,0.010631139819674229,-0.15712682379349047
2017-09-28,75.87,74.48285714285714,74.82714285714285,75.06400000000001,84.05044444444444,72.91,77.49,74.38,89.76,4.329021349349984,0.04059799753120297,-0.020905923344947612,0.020032266738370653,-0.15474598930481284
2017-09-29,76.27,74.95,74.87571428571428,74.93900000000001,83.94477777777779,74.75,75.28,74.13,,4.3342796761761475,0.020334448160535062,0.013150903294367626,0.028868204505598283,
2017-10-02,77.03,75.53857142857143,74.92642857142857,74.89166666666667,83.86133333333333,74.79,73.07,,,4.344194956364874,0.02995052814547392,0.05419460791022319,,
2017-10-03,80.15,76.30999999999999,75.20785714285714,74.96399999999998,83.7898888888889,74.96,72.24,,91.28,4.383899879055562,0.06923692636072588,0.1094961240310079,,-0.12193251533742326
2017-10-04,80.84,77.17428571428572,75.44714285714285,75.08833333333334,83.72566666666665,75.1,73.0,,91.4,4.39247189253542,0.0764314247669775,0.10739726027397264,,-0.11553610503282277
2017-10-05,79.75,77.85857142857142,75.76642857142858,75.24966666666666,83.65833333333333,75.87,72.91,73.05,93.89,4.378896741664954,0.051140108079609795,0.09381429159237421,0.09171800136892544,-0.1506017680264139
2017-10-06,80.56,78.63857142857144,76.30142857142857,75.48433333333332,83.58622222222222,76.27,74.75,73.68,,4.389002248410307,0.056247541628425414,0.07772575250836124,0.0933767643865363,
2017-10-09,80.41,79.28714285714285,76.885,75.647,83.49933333333334,77.03,74.79,,91.57,4.387138546560058,0.04387900817863164,0.07514373579355516,,-0.12187397619307631
2017-10-10,80.68,79.91714285714286,77.43357142857143,75.85933333333334,83.40344444444443,80.15,74.96,,94.63,4.390490713086011,0.006612601372426714,0.07630736392742814,,-0.14741625277396164
2017-10-11,81.52,80.55857142857143,78.04857142857144,76.09733333333334,83.317,80.84,75.1,75.59,93.74,4.400848388914469,0.008411677387431872,0.08548601864181095,0.07844953036115879,-0.13036057179432473
2017-10-12,80.4,80.59428571428573,78.45214285714287,76.30633333333334,83.21922222222221,79.75,75.87,76.32,92.63,4.387014176184921,0.008150470219435808,0.05970739422696719,0.053459119496855514,-0.13203065961351604
2017-10-13,80.96,80.61142857142856,78.89285714285714,76.51633333333334,83.1,80.56,76.27,76.21,,4.3939552055391555,0.004965243296921443,0.06149206765438571,0.06232777850675765,
2017-10-16,80.47,80.71428571428571,79.28642857142857,76.69366666666666,82.98811111111111,80.41,77.03,,90.75,4.387884444158042,0.0007461758487750563,0.0446579254835778,,-0.11327823691460057
2017-10-17,80.52,80.70857142857143,79.67357142857144,76.94266666666665,82.88355555555556,80.68,80.15,,90.27,4.388505600771591,-0.0019831432821022657,0.0046163443543355,,-0.10800930541708209
2017-10-18,80.43,80.71142857142857,79.99928571428572,77.16766666666668,82.78788888888889,81.52,80.84,73.07,89.1,4.387387240915977,-0.013370951913640693,-0.00507174666006923,0.10072533187354611,-0.09730639730639717
2017-10-19,78.83,80.44714285714285,80.18214285714285,77.35666666666667,82.67588888888889,80.4,79.75,72.24,88.25,4.367293635071817,-0.01952736318407969,-0.011536050156739834,0.09122369878183836,-0.10674220963172806
2017-10-20,79.69,80.18571428571428,80.37214285714286,77.53633333333333,82.57055555555556,80.96,80.56,73.0,,4.378144107409657,-0.015686758893280583,-0.010799404170804425,0.09164383561643832,
2017-10-23,78.74,79.94857142857143,80.27142857142859,77.64133333333332,82.46311111111112,80.47,80.41,,87.13,4.366151285515591,-0.021498695165900385,-0.0207685611242383,,-0.09629289567313211
2017-10-24,79.39,79.7242857142857,80.16785714285713,77.74366666666667,82.35922222222221,80.52,80.68,,87.72,4.374372415737022,-0.014033780427222994,-0.015989092711948514,,-0.09496124031007751
2017-10-25,68.98,78.08285714285715,79.39857142857143,77.50266666666667,82.11711111111111,80.43,81.52,74.79,87.98,4.233816607508695,-0.14235981598905884,-0.15382728164867507,-0.07768418237732319,-0.21595817231188905
2017-10-26,65.38,75.92,78.31428571428572,77.09899999999999,81.85033333333332,78.83,80.4,74.96,86.32,4.1802164012960645,-0.17062032221235574,-0.18681592039801007,-0.12780149413020275,-0.24258572752548654
2017-10-27,66.58,73.94142857142857,77.32642857142856,76.809,81.5808888888889,79.69,80.96,75.1,,4.198404232146879,-0.16451248588279582,-0.17761857707509876,-0.11344873501997332,
2017-10-30,66.46,72.17428571428572,76.31071428571428,76.58866666666667,81.308,78.74,80.47,,85.87,4.196600262926448,-0.15595631191262385,-0.17410214986951666,,-0.2260393618260162
2017-10-31,66.03,70.22285714285714,75.2042857142857,76.38166666666667,81.02355555555556,79.39,80.52,,85.64,4.19010918420648,-0.16828315908804634,-0.17995529061102827,,-0.22898178421298457
2017-11-01,65.78,68.37142857142858,74.16,76.141,80.74477777777778,68.98,80.43,77.03,84.99,4.186315840760911,-0.04639025804581042,-0.18214596543578274,-0.1460469946773984,-0.2260265913636898
2017-11-02,63.65,66.12285714285714,72.92357142857142,75.83233333333332,80.464,65.38,78.83,80.15,85.87,4.153399325003416,-0.02646069134291828,-0.19256628187238362,-0.2058640049906426,-0.25876324676837087
2017-11-03,63.65,65.36142857142856,71.72214285714286,75.46233333333333,80.18888888888888,66.58,79.69,80.84,,4.153399325003416,-0.04400720937218384,-0.20127995984439703,-0.2126422563087581,
2017-11-06,63.94,65.1557142857143,70.53785714285713,75.10066666666667,79.90933333333334,66.46,78.74,,85.15,4.157945143631696,-0.03791754438760151,-0.18796037592075182,,-0.24908984145625374
2017-11-07,62.2,64.53,69.23571428571428,74.67533333333333,79.6031111111111,66.03,79.39,,84.34,4.130354999745133,-0.058003937604119316,-0.21652601083259854,,-0.26250889257766186
2017-11-08,62.08,63.90428571428571,68.03928571428571,74.24133333333333,79.29044444444443,65.78,68.98,80.41,83.79,4.128423875874963,-0.05624809972636064,-0.1000289939112787,-0.22795672180077103,-0.25910013128058246
2017-11-09,62.38,63.38285714285714,66.80285714285715,73.79166666666667,78.96933333333332,63.65,65.38,80.68,84.47,4.133244711179657,-0.019952867242733638,-0.045885591924135716,-0.22682201289043136,-0.2615129631821948
2017-11-10,62.42,62.902857142857144,65.63714285714285,73.33,78.64733333333334,63.65,66.58,81.52,,4.133885736842633,-0.019324430479182985,-0.062481225593271204,-0.23429833169774283,
2017-11-13,61.72,62.62714285714286,64.375,72.81966666666666,78.2898888888889,63.94,66.46,,83.91,4.12260802749496,-0.03472005004691897,-0.07132109539572669,,-0.26445000595876533
2017-11-14,61.68,62.34571428571429,63.853571428571435,72.20400000000001,77.94255555555556,62.2,66.03,,83.81,4.1219597292550745,-0.008360128617363394,-0.06587914584279875,,-0.2640496360816132
2017-11-15,64.44,62.417142857142856,63.78642857142857,71.65733333333334,77.64111111111112,62.08,65.78,80.47,80.02,4.165734558308774,0.03801546391752576,-0.020370933414411728,-0.19920467254877597,-0.19470132466883278
2017-11-16,65.87,62.94142857142857,63.73571428571428,71.19466666666668,77.32155555555555,62.38,63.65,80.52,78.45,4.187683102652602,0.05594741904456559,0.03487824037706215,-0.18194237456532528,-0.16035691523263224
2017-11-17,66.4,63.55857142857143,63.73142857142857,70.72266666666668,77.01777777777777,62.42,63.65,80.43,,4.1956970564823886,0.06376161486702986,0.04320502749410852,-0.1744373989804799,
2017-11-20,66.1,64.09,63.73642857142857,70.24566666666666,76.723,61.72,63.94,,77.11,4.191168746857641,0.07096565132858061,0.03378167031592112,,-0.14278303721955654
2017-11-21,66.19,64.62857142857142,63.76571428571429,69.76266666666668,76.43533333333333,61.68,62.2,,74.91,4.1925293941308315,0.07311932555123213,0.06414790996784557,,-0.11640635429181684
2017-11-22,65.58,65.17999999999999,63.903571428571425,69.23133333333334,76.15566666666666,64.44,62.08,78.74,73.52,4.1832707714165025,0.017690875232774683,0.056378865979381444,-0.1671323342646685,-0.10799782372143632
2017-11-24,65.4,65.71142857142857,64.02857142857144,68.73133333333334,75.87933333333334,66.4,62.42,68.98,,4.180522258463153,-0.01506024096385542,0.04774110861903243,-0.05189910118875034,
2017-11-27,65.36,65.84285714285714,64.13,68.21133333333334,75.61555555555555,66.1,61.72,,74.38,4.1799104505517475,-0.011195158850226853,0.05897602073882049,,-0.12126915837590746
2017-11-28,67.29,66.0457142857143,64.49357142857143,67.772,75.38266666666667,66.19,61.68,,74.13,4.209011637200227,0.016618824595860532,0.09095330739299622,,-0.09227033589639808
2017-11-29,69.11,66.43285714285715,64.99571428571429,67.39166666666667,75.18377777777778,65.58,64.44,66.46,74.66,4.235699438103303,0.05382738639829218,0.07247051520794541,0.03987360818537475,-0.07433699437449769
2017-11-30,69.17,66.87142857142858,65.48071428571428,67.01633333333334,74.98422222222221,,65.87,66.03,75.15,4.236567242612494,,0.05009867921663879,0.04755414205664093,-0.07957418496340657
2017-12-01,66.91,66.97428571428573,65.80142857142857,66.619,74.753,65.4,66.4,65.78,,4.2033484327947255,0.023088685015290378,0.007680722891566127,0.017178473700212762,
2017-12-04,68.28,67.36,66.27,66.23866666666667,74.5341111111111,65.36,66.1,,73.05,4.22361689792624,0.04467564259485927,0.032980332829047006,,-0.06529774127310056
2017-12-05,68.1,67.74571428571429,66.72857142857143,65.884,74.33166666666668,67.29,66.19,,73.68,4.220977213155467,0.012037449843958804,0.028856322707357555,,-0.07573289902280146
2017-12-06,67.83,68.09857142857143,66.9707142857143,65.49866666666667,74.13833333333334,69.11,65.58,63.94,73.16,4.217004574957988,-0.018521198090001464,0.0343092406221409,0.06083828589302472,-0.0728540185893931
2017-12-07,69.37,68.39571428571428,67.2207142857143,65.51166666666667,73.955,69.17,,62.2,74.3,4.23945449739721,0.002891426919184659,,0.11527331189710613,-0.06635262449528927
2017-12-08,69.74,68.48571428571428,67.45928571428571,65.657,73.77833333333334,66.91,65.4,62.08,,4.2447740412475055,0.042295620983410526,0.06636085626911298,0.12338917525773191,
2017-12-11,69.72,68.56428571428572,67.71785714285714,65.76166666666667,73.60866666666668,68.28,65.36,,76.32,4.24448722065182,0.021089630931458665,0.06670746634026926,,-0.08647798742138359
2017-12-12,69.8,68.97714285714285,67.97571428571429,65.873,73.4301111111111,68.1,67.29,,76.21,4.2456340097683265,0.024963289280469942,0.03730123346708264,,-0.08410969689017185
2017-12-13,69.02,69.08285714285714,68.22142857142858,65.97266666666667,73.24144444444444,67.83,69.11,61.72,77.49,4.234396317669857,0.017543859649122775,-0.001302271740703276,0.11827608554763444,-0.1093044263775971
2017-12-14,69.39,69.26714285714286,68.50642857142857,66.093,73.06633333333333,69.37,69.17,61.68,75.28,4.239742764911457,0.0002883090673201098,0.003180569611103063,0.12500000000000003,-0.07824123273113709
2017-12-15,70.83,69.69571428571429,68.89714285714287,66.33233333333334,72.91622222222222,69.74,66.91,64.44,,4.260282639765531,0.015629480929165523,0.05858616051412348,0.09916201117318436,
2017-12-18,73.56,70.2942857142857,69.345,66.66266666666667,72.80255555555556,69.72,68.28,,72.24,4.298101399736121,0.055077452667814164,0.07732864674868191,,0.018272425249169538
2017-12-19,73.19,70.78714285714285,69.63642857142857,66.971,72.67722222222223,69.8,68.1,,73.0,4.293058799613136,0.04856733524355302,0.07474302496328934,,0.002602739726027366
2017-12-20,73.77,71.36571428571429,69.965,67.35666666666667,72.55144444444444,69.02,67.83,66.1,72.91,4.300952144896211,0.06882063170095624,0.08757187085360457,0.11603630862329807,0.0117953641475792
2017-12-21,74.69,72.06428571428572,70.52071428571428,67.777,72.449,69.39,69.37,66.19,74.75,4.313346214368975,0.0763798818273526,0.07669021190716438,0.1284181900589213,-0.0008026755852843113
2017-12-22,74.28,72.81571428571428,70.94928571428572,68.17366666666666,72.34311111111111,70.83,69.74,65.58,,4.307841736484505,0.04870817450232956,0.06509893891597371,0.13266239707227817,
2017-12-26,74.84,73.5942857142857,71.43071428571429,68.58766666666666,72.28555555555555,73.19,69.8,,75.1,4.315352501405889,0.022544063396638964,0.07220630372492846,,-0.0034620505992009444
2017-12-27,74.37,74.1,71.89785714285713,69.00933333333333,72.24022222222222,73.77,69.02,65.36,75.87,4.309052634715209,0.008133387555917155,0.07751376412634033,0.1378518971848226,-0.019770660340055358
2017-12-28,74.57,74.24428571428572,72.26928571428572,69.43900000000001,72.20233333333333,74.69,69.39,67.29,76.27,4.311738281555703,-0.0016066407818985749,0.07465052601239361,0.10818843810372993,-0.022289235610331755
2017-12-29,73.51,74.28999999999999,72.53857142857143,69.74133333333333,72.16233333333334,74.28,70.83,69.11,,4.297421451385996,-0.010366182014001024,0.03783707468586767,0.06366661843438005,
2018-01-02,75.01,74.46714285714286,72.91642857142857,70.046,72.16344444444445,74.84,73.19,,80.84,4.317621437981545,0.0022715125601282964,0.024866785079929055,,-0.07211776348342402
2018-01-03,74.66,74.46285714285715,73.26357142857144,70.32133333333333,72.17611111111111,74.37,73.77,68.28,79.75,4.3129444734864375,0.0038994218098694637,0.012064524874610284,0.09343878148799056,-0.06382445141065834
2018-01-04,73.85,74.40142857142858,73.60857142857142,70.57966666666667,72.15744444444445,74.57,74.69,68.1,80.56,4.302036008977389,-0.009655357382325317,-0.011246485473289642,0.08443465491923642,-0.08329195630585909
2018-01-05,73.74,74.24428571428572,73.9192857142857,70.83133333333332,72.15111111111112,73.51,74.28,67.83,,4.300545392805998,0.0031288260100665183,-0.0072697899838449955,0.08712958867757624,
2018-01-08,72.75,74.01285714285713,74.05642857142857,71.07033333333332,72.13300000000001,,,,80.68,4.287028906051602,,,,-0.09828953891918699
2018-01-09,71.29,73.5442857142857,73.89428571428572,71.26666666666667,72.10144444444444,75.01,74.84,,81.52,4.266756065129537,-0.04959338754832687,-0.04743452699091391,,-0.12549067713444542
2018-01-10,72.05,73.33571428571429,73.81285714285714,71.48966666666666,72.07244444444444,74.66,74.37,69.72,80.4,4.277360322445531,-0.0349584784355746,-0.031195374478956667,0.03341939185312677,-0.10385572139303492
2018-01-11,74.81,73.30714285714285,73.88714285714286,71.74033333333334,72.06866666666666,73.85,74.57,69.8,80.96,4.314951565884313,0.012999322951929695,0.0032184524607752328,0.07177650429799434,-0.07596343873517776
2018-01-12,73.52,73.14428571428572,73.80357142857143,71.88733333333333,72.07388888888889,73.74,73.51,69.02,,4.297557478047431,-0.0029834553837808364,0.0001360359134810353,0.0651984931903796,
2018-01-16,71.28,72.77714285714286,73.58928571428571,71.95766666666667,72.04722222222222,71.29,75.01,,80.43,4.266615783162554,-0.00014027212792825242,-0.04972670310625255,,-0.11376352107422609
2018-01-17,70.82,72.36,73.30214285714285,72.08800000000001,72.02122222222222,72.05,74.66,73.56,78.83,4.2601414466837575,-0.017071478140180486,-0.0514331636753282,-0.037248504622077336,-0.10161106177851079
2018-01-18,69.79,71.93714285714286,72.97500000000001,72.13833333333334,71.97111111111111,74.81,73.85,73.19,79.69,4.245490733029061,-0.06710332843202775,-0.05497630331753539,-0.04645443366580122,-0.1242313966620654
2018-01-19,68.88,71.59285714285714,72.56857142857143,72.16433333333333,71.89655555555555,73.52,73.74,73.77,,4.232365860119475,-0.0631120783460283,-0.06590724165988608,-0.06628710858072388,
2018-01-22,68.55,71.09285714285714,72.21428571428571,72.18833333333333,71.81022222222222,,72.75,,79.39,4.227563406008323,,-0.057731958762886636,,-0.13654112608640892
2018-01-23,69.47,70.33,71.81857142857143,72.19166666666666,71.73533333333333,71.28,71.29,,68.98,4.2408950047047895,-0.025392817059483756,-0.025529527282928982,,0.00710350826326464
2018-01-24,64.69,69.06857142857142,71.10642857142857,72.02333333333333,71.59311111111111,70.82,72.05,,65.38,4.169606630055894,-0.0865574696413442,-0.10215128383067314,,-0.010553686142551205
2018-01-25,62.07,67.75285714285714,70.265,71.76833333333335,71.44633333333333,69.79,74.81,74.84,66.58,4.128262780425561,-0.11061756698667438,-0.1702980884908435,-0.17063067878140034,-0.06773805947732049
2018-01-26,64.54,66.85571428571428,69.60785714285714,71.593,71.35155555555555,68.88,73.52,74.37,,4.167285186623816,-0.06300813008130066,-0.12214363438520118,-0.13217695307247543,
2018-01-29,65.48,66.24,69.08857142857143,71.475,71.27644444444445,68.55,,,66.03,4.181744752502934,-0.044784828592268316,,,-0.008329547175526232
2018-01-30,64.2,65.57142857142857,68.58214285714287,71.30199999999999,71.17866666666667,69.47,71.28,,65.78,4.162003210695915,-0.07586008348927589,-0.0993265993265993,,-0.024019458802067472
2018-01-31,65.73,65.16857142857143,68.13071428571428,71.132,71.0988888888889,64.69,70.82,,63.65,4.185555442275485,0.016076673365280666,-0.07187235244281262,,0.03267871170463481
2018-02-01,64.08,64.39857142857143,67.36428571428571,70.81599999999999,70.98033333333333,62.07,69.79,75.01,63.65,4.160132302760104,0.0323827936201063,-0.08181687920905585,-0.14571390481269172,0.006755695208169673
2018-02-02,64.56,64.38000000000001,66.72428571428573,70.52833333333335,70.86666666666666,64.54,68.88,74.66,,4.1675950239616935,0.0003098853424232417,-0.0627177700348431,-0.13527993570854532,
2018-02-05,62.74,64.47571428571429,66.11428571428571,70.16066666666667,70.7308888888889,65.48,68.55,,62.2,4.138999202762532,-0.041844838118509496,-0.08475565280816916,,0.008681672025723458
2018-02-06,63.19,64.28285714285714,65.56928571428571,69.77733333333332,70.59855555555555,64.2,69.47,,62.08,4.146146060785364,-0.01573208722741441,-0.09039873326615808,,0.01788015463917525
2018-02-07,64.23,64.10428571428572,65.17214285714286,69.44233333333334,70.46922222222221,65.73,64.69,72.75,62.38,4.162470391269701,-0.022820629849383843,-0.0071108362961816935,-0.11711340206185561,0.02965694132734853
2018-02-08,64.04,64.08142857142857,64.82642857142856,69.08233333333334,70.33333333333333,64.08,62.07,71.29,62.42,4.159507888128514,-0.0006242197253431967,0.031738359916223716,-0.10169729274793098,0.02595322012175592
2018-02-09,64.72,63.93714285714286,64.55285714285715,68.76066666666665,70.19655555555555,64.56,64.54,72.05,,4.170070272750237,0.0024783147459726857,0.0027889680818096157,-0.10173490631505896,
2018-02-12,66.01,64.21285714285715,64.30571428571429,68.47533333333334,70.03944444444444,62.74,65.48,,61.68,4.189806245700679,0.05211985973860381,0.008094074526573016,,0.07020103761348906
2018-02-13,66.89,64.54571428571428,64.46285714285715,68.25466666666667,69.88444444444445,63.19,64.2,,64.44,4.203049479130317,0.058553568602627046,0.04190031152647972,,0.038019863438857895
2018-02-14,66.76,65.12,64.79785714285714,67.97966666666667,69.7401111111111,64.23,65.73,,65.87,4.2011040987936346,0.03938969328974001,0.015670165829910255,,0.013511461970548058
2018-02-15,66.17,65.54571428571428,64.91428571428573,67.69666666666666,69.58022222222222,64.04,64.08,71.28,66.4,4.192227188023968,0.033260462211117975,0.032615480649188566,-0.07168911335578002,-0.0034638554216868066
2018-02-16,64.97,65.65142857142858,64.87785714285714,67.40066666666667,69.40866666666666,64.72,64.56,70.82,,4.17392562489244,0.0038627935723114957,0.00635068153655509,-0.08260378424173954,
2018-02-20,64.39,65.70142857142858,64.89142857142858,67.089,69.22766666666668,66.89,63.19,,65.58,4.164958341550092,-0.037374794438630586,0.018990346573825017,,-0.018145776151265596
2018-02-21,64.69,65.69714285714285,64.81714285714285,66.82033333333334,69.04066666666667,66.76,64.23,68.55,,4.169606630055894,-0.031006590772918022,0.007161762416316266,-0.05630926331145149,
2018-02-22,64.17,65.43428571428572,64.82357142857143,66.583,68.86033333333333,66.17,64.04,69.47,65.4,4.161535811762424,-0.03022517757291824,0.0020299812617113593,-0.07629192457175756,-0.018807339449541344
2018-02-23,64.98,65.16142857142857,64.85357142857143,66.34733333333334,68.68277777777779,64.97,64.72,64.69,,4.174079530240954,0.00015391719255048662,0.004017305315204034,0.004482918534549486,
2018-02-26,66.15,65.07428571428572,65.09714285714287,66.05866666666667,68.52366666666667,,66.01,,67.29,4.191924890560965,,0.002120890774125141,,-0.01694159607668302
2018-02-27,64.89,64.89142857142858,65.21857142857144,65.771,68.35,64.39,66.89,,69.11,4.1726935286330775,0.007765180928715639,-0.02989983555090447,,-0.06106207495297351
2018-02-28,64.5,64.82428571428571,65.23785714285715,65.545,68.173,64.69,66.76,65.48,69.17,4.1666652238017265,-0.0029370845571185305,-0.033852606351108525,-0.014966401954795417,-0.06751481856296085
2018-03-01,64.65,64.86142857142858,65.28142857142858,65.33933333333333,68.01544444444446,64.17,66.17,64.2,66.91,4.168988105217867,0.007480130902290852,-0.0229711349554178,0.0070093457943925675,-0.033776714990285325
2018-03-02,63.38,64.67428571428572,65.18571428571428,65.12566666666666,67.83422222222222,64.98,64.97,65.73,,4.149148354262775,-0.024622960911049575,-0.024472833615514798,-0.03575232009736804,
2018-03-05,63.62,64.5957142857143,65.015,64.95033333333333,67.66622222222222,66.15,,,68.1,4.152927886320998,-0.038246409674981226,,,-0.06578560939794416
2018-03-06,64.3,64.49857142857142,64.83,64.80866666666667,67.49855555555555,64.89,64.39,,67.83,4.163559631243574,-0.009092310063183902,-0.001397732567168868,,-0.052041869379330696
2018-03-07,64.0,64.19142857142857,64.63285714285715,64.62633333333333,67.44322222222223,64.5,64.69,62.74,69.37,4.1588830833596715,-0.007751937984496124,-0.01066625444427265,0.020082881734140866,-0.07741098457546496
2018-03-08,64.8,64.17857142857143,64.535,64.63,67.43677777777778,64.65,64.17,63.19,69.74,4.1713056033582285,0.002320185614849056,0.00981767180925659,0.025478714986548495,-0.07083452824777743
2018-03-09,64.8,64.22142857142858,64.52285714285715,64.721,67.417,63.38,64.98,64.23,,4.1713056033582285,0.02240454402019556,-0.0027700831024931797,0.008874357776739734,
2018-03-12,65.78,64.38285714285713,64.62214285714286,64.76233333333333,67.40944444444445,63.62,66.15,,69.8,4.186315840760911,0.03395158755108462,-0.005593348450491376,,-0.057593123209169
2018-03-13,68.79,65.15571428571428,64.915,64.87266666666667,67.44011111111112,64.3,64.89,,69.02,4.2310583855379225,0.06982892690513234,0.06010171058714757,,-0.0033323674297303647
2018-03-14,65.67,65.44857142857143,65.02214285714287,64.92166666666667,67.43888888888888,64.0,64.5,66.01,69.39,4.184642200202881,0.026093750000000027,0.018139534883720956,-0.005150734737161087,-0.053610030263726745
2018-03-15,65.92,65.68,65.08928571428571,64.928,67.46411111111112,64.8,64.65,66.89,70.83,4.188441885601216,0.017283950617284022,0.01964423820572306,-0.01450142024218865,-0.06932090921925733
2018-03-16,66.51,66.03857142857143,65.115,65.009,67.49588888888889,64.8,63.38,66.76,,4.19735231229633,0.026388888888889014,0.04938466393183973,-0.0037447573397243854,
2018-03-19,65.1,66.08142857142857,65.13,65.027,67.50877777777778,65.78,63.62,,73.19,4.175924549214524,-0.010337488598358266,0.023263124803520857,,-0.11053422598715676
2018-03-20,65.19,66.13714285714286,65.17928571428571,65.10866666666666,67.542,68.79,64.3,,73.77,4.177306082936448,-0.05233318796336689,0.013841368584758951,,-0.11630744204961364
2018-03-21,64.21,65.91285714285715,65.14785714285713,65.14266666666667,67.56566666666666,65.67,64.0,,74.69,4.162158961805957,-0.02223237399116808,0.0032812499999999023,,-0.14031329495247027
2018-03-22,62.82,65.06,65.10785714285714,65.09566666666666,67.57055555555556,65.92,64.8,64.39,74.28,4.140273494110501,-0.047026699029126234,-0.03055555555555551,-0.02438266811616711,-0.15428109854604202
2018-03-23,61.88,64.51857142857143,64.98357142857142,65.02366666666667,67.56455555555554,66.51,64.8,64.69,,4.125197025704866,-0.06961359194106152,-0.045061728395061645,-0.04343793476580608,
2018-03-26,62.16,63.98142857142857,64.83071428571428,64.93833333333333,67.56944444444444,65.1,65.78,,74.84,4.129711706059392,-0.045161290322580615,-0.055031924597142054,,-0.16942811330839133
2018-03-27,61.49,63.26428571428571,64.65142857142857,64.78766666666667,67.56733333333334,65.19,68.79,,74.37,4.118874559965378,-0.05675717134529829,-0.10612007559238266,,-0.17318811348662097
2018-03-28,61.57,62.760000000000005,64.42071428571428,64.61033333333333,67.53544444444444,64.21,65.67,66.15,74.57,4.120174738923119,-0.04111509110730406,-0.06243337901629361,-0.06923658352229789,-0.17433284162531842
2018-03-29,61.96,62.29857142857143,64.21785714285714,64.45033333333333,67.49199999999999,62.82,65.92,64.89,73.51,4.1264890155486675,-0.013689907672715686,-0.06007281553398059,-0.04515333641547233,-0.15712148007073873
2018-04-02,57.75,61.37571428571429,63.644285714285715,64.16966666666667,67.39588888888889,62.16,65.1,,75.01,4.056123349401903,-0.0709459459459459,-0.11290322580645154,,-0.23010265297960278
2018-04-03,60.11,60.98857142857143,63.02428571428571,64.00766666666667,67.32933333333334,61.49,65.19,,74.66,4.09617621705107,-0.022442673605464345,-0.0779260622794907,,-0.19488347173854806
2018-04-04,61.22,60.894285714285715,62.70642857142857,63.902,67.27411111111111,61.57,64.21,63.62,73.85,4.114473933517266,-0.0056845866493422355,-0.04656595545865123,-0.03772398616787172,-0.17102234258632357
2018-04-05,62.11,60.88714285714286,62.434285714285714,63.815999999999995,67.23555555555556,61.96,62.82,64.3,73.74,4.128907006571212,0.0024209167204647932,-0.01130213307863739,-0.034059097978227024,-0.15771630051532406
2018-04-06,61.44,60.88,62.07214285714285,63.725,67.19155555555555,,61.88,64.0,,4.118061088839417,,-0.007110536522301306,-0.040000000000000036,
