timestamp,DAL,DAL_rolling_7_day_avg,DAL_rolling_14_day_avg,DAL_rolling_30_day_avg,DAL_rolling_90_day_avg,DAL_7_days_ago,DAL_14_days_ago,DAL_30_days_ago,DAL_90_days_ago,DAL_log_price,DAL_pct_change_7_days,DAL_pct_change_14_days,DAL_pct_change_30_days,DAL_pct_change_90_days
2016-10-03,39.98,,,,,,,,,3.6883793290722537,,,,
2016-10-04,40.15,,,,,,,,,3.6926224403927708,,,,
2016-10-05,40.32,,,,,,,,,3.696847623763113,,,,
2016-10-06,39.94,,,,,,,,,3.6873783279876693,,,,
2016-10-07,38.95,,,,,,,,,3.6622787723167574,,,,
2016-10-10,39.77,,,,,39.98,,,,3.6831128592195994,-0.0052526263131564225,,,
2016-10-11,38.94,39.721428571428575,,,,40.15,,,,3.6620219999440535,-0.030136986301369885,,,
2016-10-12,39.27,39.620000000000005,,,,40.32,,,,3.6704608685899185,-0.026041666666666595,,,
2016-10-13,40.01,39.6,,,,39.94,,,,3.6891294228691436,0.0017526289434151299,,,
2016-10-14,40.04,39.56,,,,38.95,,,,3.68987895444702,0.027984595635429942,,,
2016-10-17,39.35,39.47571428571429,,,,39.77,39.98,,,3.6724959748634123,-0.010560724163942712,-0.015757878939469623,,
2016-10-18,39.46,39.54857142857143,,,,38.94,40.15,,,3.6752875005944694,0.013353877760657502,-0.017185554171855487,,
2016-10-19,40.9,39.71,,,,39.27,40.32,,,3.711130063048756,0.04150751209574727,0.014384920634920592,,
2016-10-20,41.46,40.07,39.895714285714284,,,40.01,39.94,,,3.7247291070076334,0.03624093976505881,0.03805708562844275,,
2016-10-21,41.17,40.34142857142857,39.980714285714285,,,40.04,38.95,,,3.7177098357818132,0.028221778221778286,0.05699614890885748,,
2016-10-24,41.37,40.535714285714285,40.06785714285714,,,39.35,39.77,,,3.72255598047332,0.051334180432020225,0.04023133014835288,,
2016-10-25,41.21,40.70285714285715,40.131428571428565,,,39.46,38.94,,,3.718680945350726,0.04434870755195134,0.058294812532100754,,
2016-10-26,41.4,40.99571428571429,40.23571428571428,,,40.9,39.27,,,3.7232808808312687,0.012224938875305624,0.054239877769289416,,
2016-10-27,41.47,41.28285714285715,40.41571428571428,,,41.46,40.01,,,3.7249702742582897,0.000241196333815678,0.03649087728067985,,
2016-10-28,41.34,41.34571428571429,40.527857142857144,,,41.17,40.04,,,3.7218305542536223,0.004129220306048134,0.032467532467532575,,
2016-10-31,41.77,41.39,40.730000000000004,,,41.37,39.35,,,3.732178378509084,0.009668842156151939,0.0614993646759848,,
2016-11-01,41.88,41.49142857142857,40.91642857142857,,,41.21,39.46,,,3.734808386002336,0.01625818975976709,0.06132792701469847,,
2016-11-02,41.93,41.57142857142857,41.05357142857143,,,41.4,40.9,39.98,,3.7360015611826713,0.012801932367149787,0.025183374083129612,0.04877438719359687,
2016-11-03,41.92,41.67285714285715,41.18785714285714,,,41.47,41.46,40.15,,3.735763040012787,0.01085121774776954,0.011095031355523416,0.0440846824408469,
2016-11-04,42.88,41.88428571428572,41.44,,,41.34,41.17,40.32,,3.7584055167625467,0.03725205611998062,0.04153509837260143,0.06349206349206354,
2016-11-07,44.21,42.27571428571429,41.77928571428572,,,41.77,41.37,,,3.788951007838152,0.05841513047641842,0.06864877930867787,,
2016-11-08,44.53,42.73142857142857,42.03857142857142,,,41.88,41.21,,,3.796163119333611,0.06327602674307542,0.08056297015287552,,
2016-11-09,45.25,43.228571428571435,42.309285714285714,,,41.93,41.4,39.77,,3.8122026701459353,0.07917958502265682,0.09299516908212564,0.13779230575810905,
2016-11-10,45.95,43.81,42.65071428571429,,,41.92,41.47,38.94,,3.827553848801696,0.09613549618320613,0.10802990113334951,0.18002054442732424,
2016-11-11,46.38,44.44571428571429,43.00857142857143,41.440000000000005,,42.88,41.34,39.27,,3.8368683318273855,0.0816231343283582,0.12191582002902755,0.18105423987776925,
2016-11-14,47.47,45.23857142857143,43.45571428571429,41.68966666666667,,44.21,41.77,,,3.8600979325632268,0.07373897308301285,0.13646157529327257,,
2016-11-15,47.65,45.92,43.902142857142856,41.93966666666666,,44.53,41.88,,,3.863882630100211,0.07006512463507741,0.1377745940783189,,
2016-11-16,47.38,46.37285714285714,44.32428571428572,42.175,,45.25,41.93,39.35,,3.8582001987306396,0.047071823204419945,0.1299785356546626,0.20406607369758578,
2016-11-17,48.51,46.941428571428574,44.83642857142858,42.46066666666666,,45.95,41.92,39.46,,3.8817699622571253,0.05571273122959728,0.15720419847328235,0.22934617334009116,
2016-11-18,48.9,47.462857142857146,45.34571428571429,42.79233333333333,,46.38,42.88,40.9,,3.8897773964808264,0.054333764553686846,0.14039179104477603,0.19559902200489,
2016-11-21,48.61,47.84285714285715,45.82642857142857,43.087,,47.47,44.21,,,3.883829271057364,0.02401516747419424,0.09952499434517074,,
2016-11-22,48.9,48.202857142857134,46.324285714285715,43.419000000000004,,47.65,44.53,,,3.8897773964808264,0.026232948583420776,0.09813608803054115,,
2016-11-23,49.21,48.451428571428565,46.845000000000006,43.75033333333333,,47.38,45.25,41.37,,3.8960968548778867,0.03862389193752634,0.08751381215469616,0.18950930626057538,
2016-11-25,49.24,48.67857142857143,47.299285714285716,44.058,,48.9,46.38,41.4,,3.896706301316253,0.0069529652351738944,0.06166451056489865,0.1893719806763286,
2016-11-28,48.49,48.83714285714286,47.605000000000004,44.339666666666666,,48.61,47.47,,,3.881357591117261,-0.002468627854350904,0.021487255108489638,,
2016-11-29,48.59,48.848571428571425,47.894999999999996,44.647666666666666,,48.9,47.65,,,3.883417748417812,-0.006339468302658388,0.019727177334732525,,
2016-11-30,48.18,48.74571428571429,48.104285714285716,44.938333333333325,,49.21,47.38,41.77,,3.874943997186725,-0.02093070514123148,0.016884761502743713,0.15345942063682058,
2016-12-01,47.77,48.62571428571429,48.23428571428571,45.16733333333333,,,48.51,41.88,,3.8663978274018707,,-0.015254586683158006,0.140639923591213,
2016-12-02,48.31,48.541428571428575,48.37214285714286,45.39566666666667,,49.24,48.9,41.93,,3.8776385785663154,-0.01888708367181153,-0.01206543967280156,0.1521583591700454,
2016-12-05,47.82,48.34285714285715,48.39714285714285,45.617333333333335,,48.49,48.61,,,3.867443962030179,-0.013817281913796694,-0.01625180004114378,,
2016-12-06,49.43,48.370000000000005,48.52428571428571,45.886,,48.59,48.9,,,3.9005575273188677,0.017287507717637297,0.010838445807770984,,
2016-12-07,51.1,48.74285714285715,48.79,46.21566666666667,,48.18,49.21,44.21,,3.933784497209659,0.06060606060606064,0.038406827880512105,0.1558470934177788,
2016-12-08,51.35,49.137142857142855,48.99285714285714,46.547333333333334,,47.77,,44.53,,3.9386649363745674,0.0749424324890098,,0.15315517628565012,
2016-12-09,51.78,49.651428571428575,49.19857142857143,46.891,,48.31,49.24,45.25,,3.947003974323392,0.0718277789277582,0.05158407798537772,0.1443093922651934,
2016-12-12,49.97,49.965714285714284,49.29571428571428,47.17866666666667,,47.82,48.49,,,3.9114228253561136,0.04496026767043075,0.030521757063311956,,
2016-12-13,49.66,50.15857142857143,49.35,47.44166666666667,,49.43,48.59,,,3.9051997800800207,0.004653044709690408,0.02202099197365699,,
2016-12-14,49.82,50.44428571428572,49.39357142857143,47.706333333333326,,51.1,48.18,47.47,,3.9084165098340344,-0.025048923679060687,0.03403902034039021,0.049504950495049535,
2016-12-15,50.5,50.597142857142856,49.48357142857143,47.992,,51.35,47.77,47.65,,3.9219733362813143,-0.016553067185978605,0.057148838182959946,0.0598111227701994,
2016-12-16,50.16,50.46285714285714,49.60285714285714,48.266666666666666,,51.78,48.31,47.38,,3.9152178963246653,-0.031286210892236474,0.03829434899606695,0.05867454622203448,
2016-12-19,50.42,50.33,49.73357142857144,48.518,,49.97,47.82,,,3.9203879217597737,0.009005403241945225,0.054370556252614,,
2016-12-20,50.76,50.18428571428571,49.917857142857144,48.73633333333334,,49.66,49.43,,,3.927108642846187,0.02215062424486511,0.02690673679951443,,
2016-12-21,50.92,50.32,50.142857142857146,48.949333333333335,,49.82,51.1,48.61,,3.930255773689206,0.022079486150140534,-0.0035225048923679006,0.04752108619625596,
2016-12-22,49.8,50.339999999999996,50.24928571428571,49.101,,50.5,51.35,48.9,,3.9080149840306073,-0.013861386138613917,-0.030185004868549255,0.018404907975460093,
2016-12-23,49.89,50.35,50.39714285714285,49.23233333333334,,50.16,51.78,49.21,,3.909820581872946,-0.005382775119617146,-0.03650057937427579,0.013818329607803286,
2016-12-27,50.36,50.33,50.46357142857142,49.365,,50.76,49.66,,,3.9191972091761462,-0.007880220646178064,0.014095851792186928,,
2016-12-28,49.51,50.237142857142864,50.35,49.433,,50.92,49.82,48.49,,3.9021746693733315,-0.027690494893951367,-0.00622240064231237,0.02103526500309334,
2016-12-29,49.31,50.07857142857143,50.20428571428572,49.48833333333334,,49.8,50.5,48.59,,3.8981269002360346,-0.009839357429718773,-0.02356435643564352,0.014817863757974867,
2016-12-30,49.19,49.854285714285716,50.019285714285715,49.54866666666667,,49.89,50.16,48.18,,3.8956903508072482,-0.014030867909400738,-0.019338118022328526,0.020963055209630512,
2017-01-03,49.48,49.64857142857142,49.98428571428571,49.581,,50.36,50.76,,40.32,3.901568547524287,-0.017474185861795128,-0.02521670606776992,,0.2271825396825396
2017-01-04,50.7,49.777142857142856,50.05857142857143,49.641,,49.51,50.92,47.82,39.94,3.9259259105971376,0.024035548374065945,-0.0043205027494108185,0.06022584692597245,0.269404106159239
2017-01-05,49.73,49.75428571428571,50.05214285714286,49.67833333333333,,49.31,49.8,49.43,38.95,3.906608372726647,0.00851754208071374,-0.001405622489959845,0.006069188751770122,0.2767650834403079
2017-01-06,49.68,49.65714285714285,49.99357142857143,49.70433333333333,,49.19,49.89,51.1,,3.905602437625223,0.009961374263061639,-0.004209260372820221,-0.027788649706457957,
2017-01-09,49.69,49.68285714285714,49.96,49.720333333333336,,,,,38.94,3.905803705614229,,,,0.2760657421674371
2017-01-10,50.93,49.91428571428571,49.99642857142857,49.77666666666667,,49.48,50.36,,39.27,3.9304521408965134,0.029304769603880416,0.011318506751389998,,0.2969187675070027
2017-01-11,51.44,50.23571428571428,50.045,49.875,,50.7,49.51,49.97,40.01,3.940416079929364,0.014595660749506802,0.03898202383356897,0.02941765059035419,0.2856785803549113
2017-01-12,50.89,50.43714285714285,50.042857142857144,49.95166666666667,,49.73,49.31,49.66,40.04,3.9296664406007413,0.02332596018499907,0.032042182113161594,0.02476842529198558,0.27097902097902105
2017-01-13,51.23,50.512857142857136,50.144999999999996,50.053333333333335,,49.68,49.19,49.82,,3.936325297951111,0.031199677938808318,0.04147184387070541,0.02830188679245276,
2017-01-17,50.33,50.598571428571425,50.176428571428566,50.13866666666666,,50.93,49.48,,40.9,3.9186013207882686,-0.01178087571176127,0.01717865804365403,,0.23056234718826407
2017-01-18,50.3,50.68714285714286,50.172142857142866,50.205,,51.44,50.7,50.42,41.46,3.9180050771056933,-0.02216174183514776,-0.007889546351084924,-0.002380007933359868,0.2132175590931017
2017-01-19,49.7,50.68857142857143,50.18571428571429,50.26766666666666,,50.89,49.73,50.76,41.17,3.906004933102583,-0.02338376891334246,-0.0006032575909912333,-0.02088258471237185,0.20718970123876612
2017-01-20,50.5,50.62714285714286,50.270714285714284,50.30333333333333,,51.23,49.68,50.92,,3.9219733362813143,-0.014249463205153171,0.01650563607085347,-0.008248232521602547,
2017-01-23,48.77,50.24571428571429,50.24071428571428,50.22566666666667,,,49.69,,41.21,3.887115369721961,,-0.01851479170859317,,0.18345061878184912
2017-01-24,49.44,50.03857142857144,50.237857142857145,50.162,,50.33,50.93,,41.4,3.900759813149435,-0.017683290284124787,-0.029255841350873786,,0.19420289855072462
2017-01-25,50.19,49.89,50.201428571428565,50.109,,50.3,51.44,,41.47,3.9158158036668422,-0.0021868787276341835,-0.024300155520995334,,0.21027248613455507
2017-01-26,50.9,49.971428571428575,50.285000000000004,50.13999999999999,,49.7,50.89,50.36,41.34,3.929862923556477,0.024144869215291662,0.00019650225977594832,0.01072279586973787,0.23125302370585377
2017-01-27,49.7,49.885714285714286,50.28642857142857,50.141333333333336,,50.5,51.23,49.51,,3.906004933102583,-0.015841584158415786,-0.029865313292992274,0.003837608563926577,
2017-01-30,47.67,49.59571428571429,50.14214285714286,50.06966666666667,,48.77,,,41.88,3.864302269216734,-0.022554849292597937,,,0.13825214899713464
2017-01-31,47.24,49.13,49.878571428571426,49.961000000000006,,49.44,50.33,,41.93,3.8552409913291616,-0.04449838187702257,-0.06139479435724213,,0.12663963749105658
2017-02-01,47.26,48.91428571428571,49.57999999999999,49.864333333333335,,50.19,50.3,,41.92,3.8556642717587617,-0.058378162980673436,-0.06043737574552682,,0.12738549618320602
2017-02-02,47.38,48.62,49.32928571428572,49.763,,50.9,49.7,49.48,42.88,3.8582001987306396,-0.06915520628683686,-0.04668008048289739,-0.04244139046079213,0.10494402985074626
2017-02-03,47.81,48.279999999999994,49.085,49.66466666666667,,49.7,50.5,50.7,,3.867234822638012,-0.03802816901408452,-0.053267326732673224,-0.05700197238658778,
2017-02-06,48.26,47.902857142857144,48.93714285714286,49.576,,47.67,48.77,,44.53,3.8766030601968855,0.012376756870148862,-0.010457248308386407,,0.0837637547720637
2017-02-07,48.15,47.681428571428576,48.78357142857142,49.520999999999994,,47.24,49.44,,45.25,3.8743211382441345,0.019263336155800097,-0.026092233009708723,,0.06408839779005522
2017-02-08,48.1,47.74285714285714,48.669285714285714,49.461333333333336,,47.26,50.19,49.69,45.95,3.8732821771117156,0.017774016081252716,-0.041641761307033204,-0.03199839001811222,0.04678998911860715
2017-02-09,49.33,48.04142857142857,48.58571428571429,49.427,46.744,47.38,50.9,50.93,46.38,3.8985324152456466,0.041156606162937856,-0.030844793713163073,-0.03141566856469667,0.06360500215610167
2017-02-10,49.26,48.32714285714286,48.62071428571429,49.41866666666667,46.84711111111112,47.81,49.7,51.44,,3.897112392692392,0.030328383183434338,-0.008853118712273738,-0.04237947122861586,
2017-02-13,50.06,48.71,48.665,49.443666666666665,46.95722222222222,48.26,47.67,,47.65,3.913222286003628,0.03729796933278086,0.05013635410111182,,0.05057712486883534
2017-02-14,49.86,49.00285714285714,48.64142857142857,49.466,47.06322222222223,48.15,47.24,,47.38,3.9092190780954117,0.0355140186915888,0.055461473327688346,,0.05234276065850563
2017-02-15,51.17,49.41857142857143,48.660714285714285,49.52233333333333,47.188,48.1,47.26,,48.51,3.9351534228170006,0.06382536382536383,0.08273381294964037,,0.054834054834054916
2017-02-16,50.83,49.801428571428566,48.74142857142857,49.52666666666667,47.32,49.33,47.38,50.33,48.9,3.928486731458811,0.03040745996351105,0.07281553398058244,0.009934432743890324,0.0394683026584867
2017-02-17,51.23,50.24857142857143,48.99571428571429,49.576666666666675,47.44733333333333,49.26,47.81,50.3,,3.936325297951111,0.03999187982135605,0.07153315206023833,0.018489065606361824,
2017-02-21,51.21,50.51714285714285,49.27928571428572,49.62766666666666,47.583666666666666,49.86,48.15,,49.21,3.935934825474459,0.02707581227436826,0.06355140186915893,,0.0406421459053038
2017-02-22,50.93,50.755714285714284,49.541428571428575,49.669,47.71322222222223,51.17,48.1,48.77,,3.9304521408965134,-0.004690248192300215,0.0588357588357588,0.044289522247283095,
2017-02-23,50.48,50.815714285714286,49.762857142857136,49.653999999999996,47.82955555555555,50.83,49.33,49.44,49.24,3.9215772182329576,-0.00688569742278185,0.023312385972025108,0.0210355987055016,0.025182778229081944
2017-02-24,50.46,50.901428571428575,49.95214285714286,49.62133333333334,47.94533333333333,51.23,49.26,50.19,,3.921180943212912,-0.015030255709545111,0.024360535931790557,0.005379557680812974,
2017-02-27,50.44,50.79714285714285,50.10785714285714,49.60633333333333,48.068555555555555,,50.06,,48.59,3.9207845110967185,,0.007590890930882849,,0.038073677711463146
2017-02-28,49.93,50.66857142857143,50.23500000000001,49.562999999999995,48.184888888888885,51.21,49.86,,48.18,3.910622024512518,-0.02499511814098811,0.001403931006819099,,0.036322125363221255
2017-03-01,51.03,50.64,50.44428571428572,49.58633333333333,48.29744444444445,50.93,51.17,47.67,47.77,3.93241369507588,0.001963479285293568,-0.0027359781121751134,0.07048458149779734,0.06824366757379104
2017-03-02,49.96,50.46142857142858,50.48928571428571,49.575,48.39188888888889,50.48,50.83,47.24,48.31,3.911222685257377,-0.01030110935023764,-0.017115876450914766,0.05757832345469938,0.0341544193748706
2017-03-03,50.13,50.347142857142856,50.55142857142857,49.589333333333336,48.49144444444444,50.46,51.23,47.26,,3.914619631275412,-0.006539833531510073,-0.02147179387077873,0.0607278882776133,
2017-03-06,48.85,50.114285714285714,50.464999999999996,49.53433333333333,48.574555555555555,50.44,,,49.43,3.888754378488792,-0.031522601110229906,,,-0.01173376492008898
2017-03-07,47.64,49.71142857142858,50.30642857142857,49.49666666666667,48.646,49.93,51.21,,51.1,3.8636727444870993,-0.04586420989385138,-0.0697129466900996,,-0.06771037181996088
2017-03-08,47.67,49.31571428571429,50.05642857142857,49.437666666666665,48.71566666666668,51.03,50.93,48.26,51.35,3.864302269216734,-0.06584362139917695,-0.06400942470056938,-0.01222544550352251,-0.07166504381694254
2017-03-09,47.25,48.932857142857145,49.800714285714285,49.33966666666666,48.77988888888889,49.96,50.48,48.15,51.78,3.855452653939752,-0.054243394715772636,-0.063985736925515,-0.0186915887850467,-0.08748551564310547
2017-03-10,47.91,48.48714285714285,49.56357142857143,49.24,48.85288888888889,50.13,50.46,48.1,,3.8693242508950307,-0.04428485936564943,-0.05053507728894182,-0.00395010395010405,
2017-03-13,47.35,48.114285714285714,49.28785714285714,49.16166666666666,48.91488888888888,48.85,50.44,,49.66,3.8575668196320874,-0.030706243602865915,-0.06126090404440913,,-0.04651631091421658
2017-03-14,46.28,47.56428571428571,48.955714285714286,49.11533333333333,48.963777777777786,47.64,49.93,,49.82,3.834709902325476,-0.028547439126784202,-0.0731023432805928,,-0.07105580088317943
2017-03-15,47.19,47.32714285714285,48.72071428571429,49.11366666666666,49.022222222222226,47.67,51.03,50.06,50.5,3.8541820057382963,-0.01006922592825685,-0.07524985302763088,-0.05733120255693177,-0.06554455445544559
2017-03-16,47.41,47.294285714285714,48.50285714285714,49.11866666666666,49.08322222222222,47.25,49.96,49.86,50.16,3.8588331769140267,0.003386243386243314,-0.05104083266613299,-0.049137585238668326,-0.054824561403508776
2017-03-17,46.51,47.128571428571426,48.222142857142856,49.089666666666666,49.123555555555555,47.91,50.13,51.17,,3.839667343236006,-0.029221456898351046,-0.07221224815479761,-0.09106898573382849,
2017-03-20,46.85,47.07142857142857,48.00214285714286,49.05766666666666,49.15288888888889,47.35,48.85,,50.76,3.846951008684431,-0.010559662090813094,-0.04094165813715455,,-0.07702915681639079
2017-03-21,45.52,46.730000000000004,47.60857142857143,48.966333333333324,49.16388888888889,46.28,47.64,,50.92,3.8181517898180757,-0.016421780466724243,-0.044500419815281224,,-0.10604870384917514
2017-03-22,45.74,46.5,47.30714285714286,48.885999999999996,49.169333333333334,47.19,47.67,,49.8,3.822973188594635,-0.030726848908667,-0.04048667925319907,,-0.0815261044176706
2017-03-23,45.92,46.448571428571434,47.006428571428565,48.813333333333325,49.169,47.41,47.25,51.21,49.89,3.826900752011311,-0.031427968782957075,-0.028148148148148113,-0.10330013669205232,-0.07957506514331528
2017-03-24,46.0,46.27857142857143,46.80285714285714,48.70233333333333,49.16477777777778,46.51,47.91,50.93,,3.828641396489095,-0.010965383788432552,-0.03986641619703604,-0.09679952876497153,
2017-03-27,46.1,46.09142857142857,46.692857142857136,48.597,49.14955555555556,46.85,47.35,,50.36,3.8308129500026027,-0.016008537886873,-0.026399155227032733,,-0.08459094519459885
2017-03-28,46.53,46.09428571428572,46.61142857142857,48.47933333333334,49.13711111111111,45.52,46.28,,49.51,3.8400972658565573,0.022188049209138794,0.0054019014693171994,,-0.06018986063421525
2017-03-29,45.95,45.965714285714284,46.51857142857143,48.349,49.12122222222222,45.74,47.19,50.44,49.31,3.827553848801696,0.0045911674682991,-0.026276753549480714,-0.08901665344964305,-0.0681403366457108
2017-03-30,46.27,46.07285714285714,46.401428571428575,48.18566666666667,49.096333333333334,45.92,47.41,49.93,49.19,3.8344938029189084,0.007621951219512226,-0.0240455600084369,-0.07330262367314233,-0.05936165887375472
2017-03-31,45.96,46.104285714285716,46.30214285714286,48.023333333333326,49.06366666666667,46.0,46.51,51.03,,3.827771452980555,-0.0008695652173912858,-0.011825413889486072,-0.0993533215755438,
2017-04-03,46.32,46.16142857142857,46.305,47.85966666666666,49.03822222222222,46.1,46.85,,49.48,3.83557383326474,0.004772234273318847,-0.01131270010672361,,-0.0638641875505254
2017-04-04,45.11,46.034285714285716,46.15642857142857,47.656333333333336,48.99611111111112,46.53,45.52,,50.7,3.8091039514203047,-0.03051794541156247,-0.009007029876977234,,-0.11025641025641032
2017-04-05,45.08,45.88857142857143,45.99,47.46133333333333,48.95022222222223,45.95,45.74,48.85,49.73,3.8084386891715756,-0.018933623503808585,-0.014429383471797194,-0.0771750255885364,-0.09350492660365974
2017-04-06,45.26,45.707142857142856,45.90071428571429,47.28733333333333,48.906,46.27,45.92,47.64,49.68,3.8124236402053913,-0.021828398530365358,-0.014372822299651648,-0.04995801847187243,-0.08896940418679553
2017-04-07,45.17,45.59571428571429,45.78071428571428,47.111,48.8691111111111,45.96,46.0,47.67,,3.8104331496665127,-0.017188859878154897,-0.01804347826086953,-0.052443885043003985,
2017-04-10,44.97,45.410000000000004,45.74142857142857,46.928666666666665,48.82888888888889,46.32,46.1,,50.93,3.805995600782616,-0.029145077720207285,-0.02451193058568335,,-0.117023365403495
2017-04-11,45.29,45.31428571428571,45.70928571428571,46.774,48.79677777777778,45.11,46.53,,51.44,3.8130862575681226,0.003990246065174013,-0.02664947345798414,,-0.11955676516329702
2017-04-12,45.05,45.13285714285714,45.64714285714286,46.574666666666666,48.766555555555556,45.08,45.95,47.35,50.89,3.807772984054347,-0.0006654835847382684,-0.019586507072905456,-0.04857444561774032,-0.11475731970917673
2017-04-13,44.03,44.97857142857142,45.50642857142857,46.377,48.719,45.26,46.27,46.28,51.23,3.7848712197676626,-0.027176314626601788,-0.04841149773071109,-0.04861711322385479,-0.14054265079055234
2017-04-17,44.35,44.87428571428571,45.38142857142857,46.184333333333335,48.68044444444444,44.97,46.32,,50.33,3.7921127087555884,-0.013786969090504725,-0.04253022452504315,,-0.11881581561692822
2017-04-18,44.41,44.75285714285714,45.230000000000004,46.03633333333334,48.62466666666667,45.29,45.11,,50.3,3.7934646693040106,-0.019430337822919024,-0.015517623586787915,,-0.11709741550695826
2017-04-19,45.08,44.739999999999995,45.167857142857144,45.951,48.55777777777777,45.05,45.08,46.85,49.7,3.8084386891715756,0.000665926748057739,0.0,-0.037780149413020346,-0.09295774647887332
2017-04-20,45.93,44.87714285714286,45.14357142857143,45.89300000000001,48.497555555555564,44.03,45.26,45.52,50.5,3.8271184983377022,0.04315239609357253,0.014803358373840074,0.009007029876977077,-0.0904950495049505
2017-04-21,45.53,44.91142857142857,45.11285714285714,45.835666666666675,48.42811111111111,,45.17,45.74,,3.818371449346691,,0.007969891520920952,-0.0045911674682991,
2017-04-24,46.81,45.16285714285714,45.14785714285715,45.799,48.393,44.35,44.97,,49.44,3.846096855311979,0.055467869222096976,0.04091616633311104,,-0.05319579288025881
2017-04-25,46.73,45.548571428571435,45.26357142857143,45.778333333333336,48.36044444444444,44.41,45.29,,50.19,3.844386356712335,0.05224048637694214,0.03179509825568553,,-0.06893803546523214
2017-04-26,46.37,45.83714285714285,45.355714285714285,45.78133333333333,48.322111111111106,45.08,45.05,46.1,50.9,3.8366526984033693,0.028615794143744436,0.02930077691453941,0.005856832971800347,-0.08899803536345778
2017-04-27,45.74,46.027142857142856,45.39,45.733,48.26922222222222,45.93,44.03,46.53,49.7,3.822973188594635,-0.0041367298062268175,0.038837156484215325,-0.016978293574038236,-0.0796780684104628
2017-04-28,45.44,46.07857142857143,45.409285714285716,45.66733333333333,48.21677777777778,45.53,,45.95,,3.816392774412896,-0.0019767186470459786,,-0.011099020674646465,
2017-05-01,45.4,46.002857142857145,45.44,45.63033333333333,48.160999999999994,46.81,44.35,,47.24,3.8155121050473024,-0.030121768852809306,0.023675310033821808,,-0.03895004233700261
2017-05-02,47.83,46.33142857142857,45.621428571428574,45.663000000000004,48.12844444444444,46.73,44.41,,47.26,3.8676530576922055,0.02353948213139314,0.0770096825039406,,0.012060939483707159
2017-05-03,48.31,46.54571428571428,45.85428571428571,45.75599999999999,48.099444444444444,46.37,45.08,46.32,47.38,3.8776385785663154,0.04183739486737125,0.07165039929015093,0.04296200345423148,0.01962853524693963
2017-05-04,48.64,46.81857142857143,46.18357142857143,45.85266666666667,48.086555555555556,45.74,45.93,45.11,47.81,3.8844462376579116,0.06340183646698729,0.059002830394077964,0.07825315894480163,0.017360384856724496
2017-05-05,48.7,47.151428571428575,46.49428571428571,45.94533333333334,48.07333333333334,45.44,45.53,45.08,,3.885679030088544,0.07174295774647899,0.06962442345706131,0.0803016858917481,
2017-05-08,48.52,47.548571428571435,46.78785714285714,46.029333333333334,48.052888888888894,45.4,46.81,,48.15,3.8819760840758493,0.06872246696035253,0.036530655842768656,,0.007684319833852639
2017-05-09,49.56,48.13714285714286,47.10785714285714,46.144666666666666,48.05344444444445,47.83,46.73,,48.1,3.9031840567609417,0.036169767928078696,0.060560667665311485,,0.03035343035343037
2017-05-10,49.97,48.79,47.39642857142858,46.25933333333333,48.06077777777777,48.31,46.37,44.97,49.33,3.9114228253561136,0.034361415855930375,0.07763640284666815,0.111185234600845,0.012973849584431393
2017-05-11,49.69,49.05571428571428,47.69357142857143,46.384,48.06633333333333,48.64,45.74,45.29,49.26,3.905803705614229,0.02158717105263152,0.08635767380848264,0.0971516891145948,0.008729192042224923
2017-05-12,48.99,49.152857142857144,47.84928571428571,46.474666666666664,48.06088888888888,48.7,45.44,45.05,,3.8916161956504833,0.005954825462012302,0.0781250000000001,0.08745837957824651,
2017-05-15,49.51,49.277142857142856,48.04785714285714,46.593,48.047666666666665,48.52,45.4,,49.86,3.9021746693733315,0.02040395713107986,0.09052863436123347,,-0.007019655034095496
2017-05-16,49.51,49.392857142857146,48.27214285714285,46.699333333333335,48.04522222222223,49.56,47.83,,51.17,3.9021746693733315,-0.0010088781275222813,0.03512439891281622,,-0.03244088333007629
2017-05-17,47.74,49.28142857142857,48.415,46.787000000000006,48.02366666666667,49.97,48.31,44.35,50.83,3.865769620910684,-0.04462677606563932,-0.011798799420409858,0.07643742953776776,-0.060790871532559444
2017-05-18,47.66,49.01,48.57357142857143,46.873000000000005,48.001111111111115,49.69,48.64,44.41,51.23,3.8640924716705958,-0.04085329040048302,-0.020148026315789554,0.07318171582976808,-0.06968573101698225
2017-05-19,48.2,48.75714285714286,48.77357142857143,46.971,47.970777777777776,48.99,48.7,45.08,,3.8753590210565547,-0.016125739946927925,-0.01026694045174538,0.0692102928127774,
2017-05-22,48.49,48.58571428571429,48.82071428571429,47.08166666666667,47.93799999999999,49.51,48.52,,51.21,3.881357591117261,-0.020601898606342074,-0.0006183017312448709,,-0.05311462604959966
2017-05-23,48.59,48.528571428571425,48.84071428571429,47.20233333333333,47.912444444444446,49.51,49.56,,50.93,3.883417748417812,-0.018582104625328107,-0.019572235673930564,,-0.04594541527586877
2017-05-24,48.87,48.43714285714286,48.857142857142854,47.32166666666667,47.886222222222216,47.74,49.97,46.81,50.48,3.8891637112820634,0.02366987850858809,-0.02201320792475488,0.044007690664387845,-0.031893819334389846
2017-05-25,50.4,48.564285714285724,48.978571428571435,47.5,47.887,47.66,49.69,46.73,50.46,3.919991175077323,0.057490558120016834,0.014288589253370917,0.07853627220201159,-0.0011890606420927917
2017-05-26,50.8,49.00142857142857,49.14142857142857,47.72566666666667,47.89255555555555,48.2,48.99,46.37,,3.927896354584436,0.053941908713692824,0.03694631557460696,0.09553590683631659,
2017-05-30,49.06,49.201428571428565,49.105714285714285,47.882666666666665,47.88544444444444,48.59,49.51,,51.03,3.893044038830343,0.009672772175344697,-0.009089072914562629,,-0.03860474230844599
2017-05-31,49.13,49.33428571428572,49.04571428571428,48.03999999999999,47.87022222222222,48.87,47.74,45.4,49.96,3.894469846180557,0.005320237364436364,0.029116045245077514,0.08215859030837014,-0.01661329063250597
2017-06-01,49.85,49.528571428571425,49.057142857142864,48.199,47.882222222222225,50.4,47.66,47.83,50.13,3.9090184964078474,-0.010912698412698357,0.045950482584977026,0.04223290821660053,-0.0055854777578296655
2017-06-02,51.19,49.9,49.214285714285715,48.37433333333333,47.901666666666664,50.8,48.2,48.31,,3.935544200469492,0.007677165354330721,0.06203319502074678,0.059614986545228635,
2017-06-05,51.39,50.26,49.348571428571425,48.56966666666666,47.915000000000006,,48.49,,47.64,3.9394436010041383,,0.059806145597030284,,0.0787153652392947
2017-06-06,51.23,50.378571428571426,49.471428571428575,48.717,47.91866666666666,49.06,48.59,,47.67,3.936325297951111,0.044231553200162955,0.054332167112574464,,0.07468009230123757
2017-06-07,52.27,50.58857142857143,49.795,48.901666666666664,47.94722222222222,49.13,48.87,48.52,47.25,3.9564225927248304,0.06391207001831875,0.06957233476570505,0.07728771640560593,0.1062433862433863
2017-06-08,52.84,51.12857142857143,50.165000000000006,49.117333333333335,48.004666666666665,49.85,50.4,49.56,47.91,3.9672684796541247,0.059979939819458414,0.04841269841269851,0.06618240516545604,0.10290127322062215
2017-06-09,53.01,51.68285714285714,50.50857142857143,49.35966666666666,48.068777777777775,51.19,50.8,49.97,,3.9704805749997147,0.03555381910529401,0.043503937007874034,0.06083650190114067,
2017-06-12,52.25,52.02571428571429,50.777142857142856,49.586666666666666,48.124222222222215,51.39,,,46.28,3.9560398908449206,0.01673477330219886,,,0.1289974070872947
2017-06-13,51.87,52.12285714285714,51.01142857142857,49.80233333333333,48.1741111111111,51.23,49.06,,47.19,3.9487405883633087,0.012492680070271336,0.05727680391357511,,0.09917355371900827
2017-06-14,51.91,52.19714285714286,51.22857142857142,49.93833333333334,48.21966666666667,52.27,49.13,49.51,47.41,3.9495114498391377,-0.006887315859958035,0.0565845715448808,0.04847505554433445,0.09491668424383043
2017-06-15,51.56,52.24428571428571,51.31142857142857,50.04666666666667,48.25633333333333,52.84,49.85,49.51,46.51,3.9427461780709865,-0.024224072672218037,0.034302908726178555,0.04140577661078579,0.10857880025800913
2017-06-16,52.0,52.205714285714286,51.39714285714286,50.15866666666667,48.29911111111111,53.01,51.19,47.74,,3.9512437185814275,-0.019053008866251615,0.015823403008400124,0.08923334729786338,
2017-06-19,52.51,52.15857142857143,51.64357142857143,50.285666666666664,48.34811111111111,52.25,51.39,,45.52,3.961003627649768,0.004976076555023886,0.02179412337030546,,0.15355887521968353
2017-06-20,51.76,51.980000000000004,51.83142857142857,50.39366666666667,48.37511111111111,51.87,51.23,,45.74,3.946617650192645,-0.002120686331212636,0.010345500683193464,,0.13161346742457358
2017-06-21,52.27,51.98285714285714,52.00428571428571,50.484,48.40855555555555,51.91,52.27,48.49,45.92,3.9564225927248304,0.0069350799460606155,0.0,0.07795421736440505,0.13828397212543556
2017-06-22,52.81,52.11714285714286,52.120000000000005,50.57866666666666,48.43911111111112,51.56,52.84,48.59,46.0,3.966700566718842,0.024243599689681924,-0.0005677517032551312,0.08684914591479725,0.1480434782608696
2017-06-23,52.92,52.261428571428574,52.229285714285716,50.68633333333333,48.47311111111111,52.0,53.01,48.87,,3.968781339246755,0.017692307692307726,-0.0016977928692698794,0.08287292817679567,
2017-06-26,52.87,52.448571428571434,52.346428571428575,50.81566666666666,48.492,52.51,52.25,,46.53,3.9678360702473587,0.006855836983431717,0.011866028708133922,,0.13625617880937022
2017-06-27,52.84,52.56857142857143,52.38714285714286,50.92666666666666,48.51433333333333,51.76,51.87,,45.95,3.9672684796541247,0.02086553323029377,0.018700597647966184,,0.1499455930359086
2017-06-28,53.84,52.758571428571436,52.458571428571425,51.071,48.54333333333334,52.27,51.91,,46.27,3.9860166853364722,0.030036349722594224,0.037179734155268866,,0.16360492759887615
2017-06-29,53.87,53.059999999999995,52.519999999999996,51.275333333333336,48.57288888888889,52.81,51.56,49.06,45.96,3.9865737366924425,0.02007195606892625,0.0448021722265321,0.09804321239298808,0.17210617928633587
2017-06-30,53.74,53.269999999999996,52.62642857142857,51.478,48.60411111111111,52.92,52.0,49.13,,3.984157603187345,0.015495086923658356,0.0334615384615385,0.09383268878485648,
2017-07-03,54.06,53.44857142857143,52.78285714285715,51.67333333333333,48.64388888888889,52.87,52.51,,45.11,3.9900945408483017,0.022508038585209094,0.029518187011997796,,0.19840390157393045
2017-07-05,54.33,53.65,52.955714285714286,51.868,48.686888888888895,53.84,52.27,51.39,45.26,3.9950765605634317,0.009101040118870633,0.03941075186531462,0.05720957384705191,0.20039770216526737
2017-07-06,54.37,53.86428571428571,53.15642857142857,52.06066666666667,48.730555555555554,53.87,52.81,51.23,45.17,3.995812531157829,0.009281603861147207,0.029539859875023576,0.061292211594768706,0.2036750055346468
2017-07-07,55.46,54.23857142857143,53.403571428571425,52.28033333333333,48.79200000000001,53.74,52.92,52.27,,4.015662040187632,0.03200595459620392,0.047996976568405125,0.061029271092404774,
2017-07-10,54.81,54.37714285714286,53.567857142857136,52.42733333333334,48.833999999999996,54.06,52.87,,45.29,4.003872659058025,0.013873473917869033,0.036693777189332415,,0.21020092735703252
2017-07-11,54.28,54.435714285714276,53.74785714285714,52.54333333333333,48.88199999999999,,52.84,,45.05,3.9941558349666684,,0.027252081756245224,,0.20488346281909
2017-07-12,55.48,54.684285714285714,53.97714285714286,52.757333333333335,48.94144444444445,54.33,53.84,52.25,44.03,4.016022595446631,0.021166942757224343,0.030460624071322315,0.06181818181818176,0.26004996593231877
2017-07-13,54.5,54.74714285714286,54.09785714285715,52.93633333333334,49.004222222222225,54.37,53.87,51.87,,3.9982007016691985,0.002391024462019543,0.011694820865045528,0.050703682282629704,
2017-07-14,55.13,54.86142857142857,54.25571428571429,53.11233333333333,49.08744444444444,55.46,53.74,51.91,,4.009694032601592,-0.005950234403173427,0.025865277260885756,0.06203043729531894,
2017-07-17,54.64,54.89999999999999,54.38214285714286,53.227333333333334,49.16488888888888,54.81,54.06,,44.41,4.0007662152625345,-0.0031016237912789946,0.010728819829818688,,0.23035352398108544
2017-07-18,53.96,54.68571428571429,54.46214285714285,53.313,49.23944444444444,54.28,,,45.08,3.988243031339555,-0.005895357406042747,,,0.19698314108252002
2017-07-19,53.79,54.54,54.45857142857143,53.39833333333333,49.30477777777777,55.48,54.33,52.51,45.93,3.985087576285151,-0.03046142754145634,-0.009939260077305341,0.02437630927442394,0.17112998040496408
2017-07-20,52.83,54.33285714285715,54.38428571428572,53.417,49.36566666666668,54.5,54.37,51.76,45.53,3.9670792111762245,-0.030642201834862416,-0.02832444362700017,0.02067233384853169,0.16033384581594545
2017-07-21,52.26,53.87285714285714,54.278571428571425,53.397666666666666,49.432111111111105,55.13,55.46,52.27,,3.9562312600924665,-0.05205877017957563,-0.057699242697439646,-0.00019131432944337315,
2017-07-24,51.53,53.44857142857143,54.097857142857144,53.348333333333336,49.48033333333334,54.64,54.81,,46.73,3.942164162340133,-0.05691800878477305,-0.05984309432585296,,0.10271774020971548
2017-07-25,51.14,52.878571428571426,53.870000000000005,53.31133333333333,49.52177777777778,53.96,54.28,,46.37,3.9345669698630408,-0.05226093402520386,-0.05784819454679441,,0.10286823377183531
2017-07-26,51.13,52.377142857142864,53.63857142857143,53.28666666666666,49.57311111111111,53.79,55.48,52.87,45.74,3.934371409091908,-0.049451570923963496,-0.07840663302090833,-0.03291091356156601,0.11783996501967645
2017-07-27,50.08,51.82285714285714,53.25428571428571,53.22566666666667,49.608999999999995,52.83,54.5,52.84,45.44,3.913621726791843,-0.05205375733484763,-0.08110091743119269,-0.05223315669947019,0.10211267605633804
2017-07-28,50.33,51.32857142857143,52.934285714285714,53.184666666666665,49.662444444444446,52.26,55.13,53.84,,3.9186013207882686,-0.0369307309605817,-0.08706693270451667,-0.0651931649331353,
2017-07-31,49.36,50.832857142857144,52.582857142857144,53.096666666666664,49.70266666666667,51.53,54.64,,47.83,3.8991403795971324,-0.04211139142247238,-0.09663250366032212,,0.03198829186702909
2017-08-01,50.07,50.519999999999996,52.19642857142857,53.01533333333334,49.74877777777778,51.14,53.96,,48.31,3.9134220263418533,-0.020922956589753624,-0.07209043736100816,,0.03643138066652862
2017-08-02,50.01,50.30285714285714,51.875714285714295,52.957,49.79333333333334,51.13,53.79,54.06,48.64,3.9122229854308124,-0.021904948171328074,-0.0702732849972114,-0.07491675915649286,0.02816611842105258
2017-08-03,50.57,50.221428571428575,51.55,52.900333333333336,49.842999999999996,50.08,52.83,,48.7,3.9233585150918917,0.009784345047923363,-0.04277872420972929,,0.03839835728952767
2017-08-04,50.61,50.14714285714285,51.262142857142855,52.827,49.88833333333333,50.33,52.26,54.33,,3.9241491852259864,0.0055632823365786045,-0.03157290470723304,-0.06847045831032576,
2017-08-07,50.75,50.24285714285714,51.03285714285715,52.754666666666665,49.94166666666667,49.36,51.53,,49.56,3.926911617921897,0.028160453808752036,-0.01513681350669515,,0.0240112994350282
2017-08-08,50.31,50.24,50.784285714285716,52.66933333333334,49.986555555555555,50.07,51.14,,49.97,3.9182038645032273,0.004793289394847254,-0.016229956980836884,,0.00680408244946975
2017-08-09,49.67,50.284285714285716,50.55857142857143,52.56366666666666,50.02777777777778,50.01,51.13,54.81,49.69,3.905401129119259,-0.006798640271945537,-0.028554664580481143,-0.09377850757161102,-0.00040249547192586075
2017-08-10,49.04,50.137142857142855,50.32857142857143,52.40366666666667,50.058,50.57,50.08,54.28,48.99,3.892636291627956,-0.030255091951750072,-0.020766773162939282,-0.09653647752394992,0.0010206164523371536
2017-08-11,49.48,50.06142857142857,50.18214285714286,52.25733333333333,50.106555555555545,50.61,50.33,55.48,,3.901568547524287,-0.022327603240466364,-0.01688853566461358,-0.10814708002883923,
2017-08-14,50.07,49.99,50.105714285714285,52.135,50.162,50.75,49.36,,49.51,3.9134220263418533,-0.013399014778325117,0.01438411669367911,,0.011310846293678092
2017-08-15,49.92,49.89142857142857,50.019285714285715,51.99699999999999,50.213777777777786,50.31,50.07,,47.74,3.9104217240611723,-0.007751937984496135,-0.0029958058717794805,,0.04566401340594888
2017-08-16,50.13,49.80285714285714,50.02285714285715,51.857,50.268888888888895,49.67,50.01,54.64,47.66,3.914619631275412,0.009261123414535954,0.0023995200959808947,-0.08254026354319176,0.05182543013008825
2017-08-17,47.53,49.40571428571429,49.82285714285714,51.629,50.297333333333334,49.04,50.57,53.96,48.2,3.861361090625918,-0.030791190864600287,-0.06011469250543799,-0.11916234247590807,-0.01390041493775937
2017-08-18,47.53,49.1,49.69214285714286,51.36466666666667,50.32222222222222,49.48,50.61,53.79,,3.861361090625918,-0.03940986257073557,-0.06085753803596124,-0.1163785090165458,
2017-08-21,47.81,48.924285714285716,49.53071428571429,51.13133333333334,50.35288888888889,50.07,50.75,,48.59,3.867234822638012,-0.04513680846814456,-0.057931034482758575,,-0.016052685737806154
2017-08-22,47.15,48.59142857142857,49.326428571428565,50.89366666666667,50.38755555555556,49.92,50.31,,48.87,3.8533340090794663,-0.05548878205128211,-0.06281057443848148,,-0.035195416410886006
2017-08-23,46.18,48.035714285714285,49.01285714285715,50.583666666666666,50.40788888888889,50.13,49.67,51.53,50.4,3.8325468039263493,-0.0787951326550968,-0.07026374068854443,-0.10382301571899867,-0.08373015873015871
2017-08-24,45.21,47.362857142857145,48.62714285714286,50.274,50.41677777777778,47.53,49.04,51.14,50.8,3.811318301306514,-0.04881127708815485,-0.07809951060358887,-0.11595619867031677,-0.1100393700787401
2017-08-25,46.68,46.870000000000005,48.33642857142858,49.992333333333335,50.434555555555555,47.53,49.48,51.13,,3.8433158074183553,-0.017883442036608486,-0.0565885206143896,-0.08703305300215143,
2017-08-28,46.95,46.78714285714286,48.096428571428575,49.736,50.44588888888889,47.81,50.07,,49.06,3.849083205654272,-0.017987868646726614,-0.06231276213301373,,-0.04300856094578066
2017-08-29,46.62,46.65714285714286,47.878571428571426,49.49133333333334,50.458000000000006,47.15,49.92,,49.13,3.842029633607611,-0.011240721102863227,-0.06610576923076932,,-0.05108894768980267
2017-08-30,46.83,46.51714285714286,47.72071428571429,49.25933333333333,50.45822222222223,46.18,50.13,49.36,49.85,3.8465240231954505,0.014075357297531368,-0.0658288450029923,-0.05125607779578609,-0.06058174523570718
2017-08-31,47.19,46.52285714285715,47.55714285714286,49.071333333333335,50.46333333333333,45.21,47.53,50.07,51.19,3.8541820057382963,0.04379562043795614,-0.007153376814643455,-0.05751947273816662,-0.07814026176987693
2017-09-01,47.52,46.714285714285715,47.375,48.913333333333334,50.476111111111116,46.68,47.53,50.01,,3.8611506750543896,0.017994858611825267,-0.00021039343572476352,-0.04979004199160158,
2017-09-05,45.84,46.80428571428571,47.083571428571425,48.72366666666667,50.47722222222223,46.62,47.15,,52.27,3.8251570724064843,-0.016731016731016603,-0.027783669141039136,,-0.123015113832026
2017-09-06,47.39,46.90571428571429,46.88785714285715,48.59866666666667,50.498888888888885,46.83,46.18,50.75,52.84,3.858411235979497,0.011958146487294518,0.026201818969250775,-0.06620689655172413,-0.10314155942467833
2017-09-07,47.12,46.93,46.85857142857143,48.465,50.518,47.19,45.21,50.31,53.01,3.8526975393433314,-0.0014833651197287622,0.04224729042247283,-0.06340687736036582,-0.11111111111111113
2017-09-08,47.45,47.04857142857143,46.85285714285715,48.37733333333333,50.51377777777778,47.52,46.68,49.67,,3.859676525055937,-0.001473063973063979,0.016495287060839827,-0.044694986913629935,
2017-09-11,48.82,47.332857142857144,46.925000000000004,48.327,50.519444444444446,,46.95,,51.87,3.888140064964814,,0.03982960596379121,,-0.058800848274532434
2017-09-12,49.04,47.597142857142856,47.06,48.31633333333333,50.5238888888889,45.84,46.62,,51.91,3.892636291627956,0.06980802792321107,0.05190905190905195,,-0.05528799845887108
2017-09-13,48.98,47.80571428571428,47.26,48.279999999999994,50.526999999999994,47.39,46.83,50.07,51.56,3.891412051524022,0.03355138214813244,0.04591074097800552,-0.0217695226682645,-0.05003878975950359
2017-09-14,48.27,48.152857142857144,47.478571428571435,48.221999999999994,50.52422222222223,47.12,47.19,49.92,52.0,3.8768102496724017,0.02440577249575564,0.02288620470438664,-0.03305288461538459,-0.07173076923076917
2017-09-15,48.25,48.27571428571429,47.590714285714284,48.144666666666666,50.50966666666667,47.45,47.52,50.13,,3.876395827784995,0.016859852476290772,0.015361952861952795,-0.03750249351685622,
2017-09-18,47.96,48.395714285714284,47.66285714285715,48.056333333333335,50.48733333333334,48.82,,,51.76,3.8703673301593136,-0.017615731257681268,,,-0.07341576506955172
2017-09-19,47.9,48.46,47.75428571428572,47.961333333333336,50.46744444444444,49.04,45.84,,52.27,3.8691155044168695,-0.023246329526916815,0.04493891797556708,,-0.0836043619667114
2017-09-20,48.04,48.348571428571425,47.840714285714284,47.885666666666665,50.45688888888889,48.98,47.39,47.81,52.81,3.872033997211783,-0.019191506737443808,0.013715973834142194,0.004810709056682637,-0.09032380231016858
2017-09-21,48.16,48.222857142857144,47.910000000000004,47.83533333333334,50.44188888888888,48.27,47.12,47.15,52.92,3.8745288010005656,-0.0022788481458464165,0.02207130730050932,0.021420996818663798,-0.08994708994709004
2017-09-22,48.47,48.15,47.97785714285714,47.81633333333333,50.43033333333333,48.25,47.45,46.18,,3.8809450498572846,0.004559585492227956,0.021496311907270728,0.04958856647899522,
2017-09-25,48.32,48.15714285714285,48.15500000000001,47.77766666666667,50.43677777777777,47.96,48.82,,52.84,3.8778455536265595,0.0075062552126772195,-0.010241704219582138,,-0.08554125662376992
2017-09-26,48.5,48.192857142857136,48.23428571428571,47.72533333333333,50.44611111111111,47.9,49.04,,53.84,3.8815637979434374,0.012526096033402953,-0.011011419249592152,,-0.099182763744428
2017-09-27,47.72,48.15857142857143,48.277142857142856,47.65200000000001,50.440777777777775,48.04,48.98,46.95,53.87,3.8653505972297153,-0.006661115736885935,-0.025724785626786404,0.016400425985090436,-0.11416372749211062
2017-09-28,48.31,48.21714285714285,48.33857142857143,47.59133333333333,50.43877777777779,48.16,48.27,46.62,53.74,3.8776385785663154,0.003114617940199454,0.0008286720530349936,0.036250536250536355,-0.10104205433569036
2017-09-29,48.22,48.24285714285714,48.29571428571428,47.614333333333335,50.434666666666665,48.47,48.25,46.83,,3.875773872753025,-0.0051578295853105015,-0.0006217616580311117,0.029681827888105927,
2017-10-02,48.07,48.230000000000004,48.22642857142857,47.632333333333335,50.42577777777778,48.32,47.96,,,3.8726582819058692,-0.005173841059602649,0.002293577981651364,,
2017-10-03,51.25,48.62714285714286,48.388571428571424,47.74699999999999,50.43522222222222,48.5,47.9,,54.33,3.9367156180185177,0.05670103092783505,0.06993736951983302,,-0.05669059451500089
2017-10-04,51.56,49.089999999999996,48.62357142857143,47.894,50.44366666666666,47.72,48.04,,54.37,3.9427461780709865,0.08046940486169328,0.07327227310574527,,-0.051682913371344404
2017-10-05,51.68,49.544285714285714,48.86857142857143,48.07733333333333,50.47277777777778,48.31,48.16,45.84,55.46,3.945070859474346,0.06975781411715995,0.07308970099667782,0.1273996509598603,-0.06815723043635054
2017-10-06,52.01,50.15714285714286,49.15785714285714,48.303999999999995,50.50477777777778,48.22,48.47,47.39,,3.9514360077849813,0.07859809207797593,0.07303486692799668,0.0974889217134416,
2017-10-09,51.74,50.64714285714285,49.43214285714286,48.47266666666667,50.525777777777776,48.07,48.32,,54.28,3.946231176757883,0.07634699396713131,0.07077814569536427,,-0.04679439941046424
2017-10-10,52.7,51.28714285714286,49.765,48.66433333333334,50.54255555555555,51.25,48.5,,55.48,3.9646154555473165,0.028292682926829325,0.08659793814432995,,-0.05010814708002873
2017-10-11,53.07,52.001428571428576,50.11571428571428,48.87933333333333,50.56122222222223,51.56,47.72,48.82,54.5,3.9716117968398037,0.029286268425135726,0.11211232187761948,0.08705448586644818,-0.026238532110091736
2017-10-12,53.11,52.26714285714286,50.44714285714286,49.08866666666667,50.58211111111112,51.68,48.31,49.04,55.13,3.972365234434308,0.02767027863777089,0.09935831090871448,0.08299347471451876,-0.03664066751315079
2017-10-13,53.96,52.61000000000001,50.85,49.31433333333333,50.60088888888889,52.01,48.22,48.98,,3.988243031339555,0.03749278984810619,0.11903774367482377,0.10167415271539412,
2017-10-16,53.62,52.88714285714286,51.215714285714284,49.51766666666666,50.60955555555555,51.74,48.07,,53.96,3.981922132807813,0.03633552377270961,0.11545662575410853,,-0.006300963676797691
2017-10-17,52.76,52.994285714285716,51.57571428571429,49.748333333333335,50.606777777777786,52.7,51.25,,53.79,3.965753327849114,0.00113851992409858,0.0294634146341463,,-0.01914854062093328
2017-10-18,52.86,53.15428571428572,51.90071428571429,49.93066666666666,50.61355555555556,53.07,51.56,47.96,52.83,3.967646909176143,-0.0039570378745053866,0.025213343677269146,0.10216847372810672,0.000567859170925632
2017-10-19,52.27,53.09285714285714,52.19,50.10233333333334,50.61800000000001,53.11,51.68,47.9,52.26,3.9564225927248304,-0.015816230465072422,0.011416408668730716,0.09123173277661806,0.00019135093761969224
2017-10-20,53.27,53.12142857142857,52.56142857142857,50.29633333333334,50.633111111111106,53.96,52.01,48.04,,3.9753733209289077,-0.012787249814677496,0.024226110363391756,0.10886761032472948,
2017-10-23,52.28,53.002857142857145,52.635,50.41166666666667,50.64111111111111,53.62,51.74,,51.14,3.956613888756021,-0.024990675121223355,0.010436799381522983,,0.022291748142354333
2017-10-24,53.18,52.89142857142857,52.75071428571429,50.54966666666667,50.654222222222224,52.76,52.7,,51.13,3.9736823858148735,0.007960576194086461,0.009108159392789314,,0.04009387834930563
2017-10-25,52.235,52.69357142857143,52.79035714285715,50.65816666666667,50.65116666666666,52.86,53.07,48.32,50.08,3.955752768289471,-0.01182368520620507,-0.015733936310533273,0.08102235099337747,0.04303115015974443
2017-10-26,50.93,52.43214285714286,52.71321428571429,50.74683333333334,50.64194444444444,52.27,53.11,48.5,50.33,3.9304521408965134,-0.025636120145398955,-0.04104688382602146,0.05010309278350515,0.011921319292668417
2017-10-27,50.56,52.10357142857142,52.628928571428574,50.82383333333334,50.62294444444445,53.27,53.96,47.72,,3.923160749838602,-0.05087291158250424,-0.06300963676797625,0.059513830678960676,
2017-10-30,50.33,51.82642857142857,52.45964285714285,50.902833333333334,50.59538888888889,52.28,53.62,,50.07,3.9186013207882686,-0.03729915837796486,-0.06135770234986944,,0.0051927301777511085
2017-10-31,50.03,51.36357142857143,52.24250000000001,50.97383333333333,50.56327777777778,53.18,52.76,,50.01,3.912622825500114,-0.059232794283565225,-0.05174374526156173,,0.0003999200159968632
2017-11-01,50.35,51.087857142857146,52.04535714285714,51.05083333333334,50.53527777777778,52.235,52.86,48.07,50.57,3.9189986191645714,-0.036086914903800095,-0.04748391978811953,0.047430830039525716,-0.004350405378682991
2017-11-02,50.34,50.68214285714286,51.78678571428571,51.1235,50.5075,50.93,52.27,51.25,50.61,3.91879998970717,-0.011584527783231815,-0.036923665582552126,-0.017756097560975542,-0.005334914048606916
2017-11-03,50.4,50.42,51.55678571428571,51.18783333333333,50.469277777777776,50.56,53.27,51.56,,3.919991175077323,-0.0031645569620253893,-0.05387647831800271,-0.022498060512024895,
2017-11-06,50.57,50.368571428571435,51.400357142857146,51.26283333333333,50.43261111111111,50.33,52.28,,50.31,3.9233585150918917,0.004768527717067395,-0.032708492731446076,,0.00516795865633071
2017-11-07,49.91,50.27571428571429,51.18964285714286,51.30983333333334,50.39005555555555,50.03,53.18,,49.67,3.9102213834815176,-0.0023985608634820017,-0.06148928168484399,,0.004831890477149082
2017-11-08,50.06,50.23714285714285,51.03178571428572,51.38783333333333,50.34561111111112,50.35,52.235,51.74,49.04,3.913222286003628,-0.00575968222442898,-0.04163874796592318,-0.03247004252029377,0.02079934747145194
2017-11-09,49.19,50.11714285714286,50.74035714285714,51.41716666666667,50.28849999999999,50.34,50.93,52.7,49.48,3.8956903508072482,-0.02284465633690913,-0.034164539564107636,-0.0666034155597724,-0.005860953920776055
2017-11-10,48.89,49.90857142857143,50.49821428571429,51.439499999999995,50.22761111111111,50.4,50.56,53.07,,3.889572876590554,-0.029960317460317423,-0.03303006329113927,-0.07876389674015451,
2017-11-13,48.86,49.69714285714286,50.18964285714286,51.465833333333336,50.15427777777777,50.57,50.33,,49.92,3.8889590658295945,-0.03381451453430889,-0.02920723226703753,,-0.021233974358974405
2017-11-14,48.9,49.48285714285714,49.951428571428565,51.3875,50.08861111111111,49.91,50.03,,50.13,3.8897773964808264,-0.020236425566018797,-0.022586448131121376,,-0.024536205864751724
2017-11-15,49.33,49.30571428571428,49.83714285714286,51.31316666666667,50.033611111111114,50.06,50.35,53.62,47.53,3.8985324152456466,-0.014582500998801517,-0.020258192651439983,-0.08000745990302124,0.03787081843046491
2017-11-16,50.45,49.38285714285714,49.82928571428572,51.272166666666664,49.97772222222222,49.19,50.34,52.76,47.53,3.920982746799618,0.02561496239072993,0.0021851410409217207,-0.04378316906747527,0.06143488323164321
2017-11-17,49.82,49.348571428571425,49.792857142857144,51.19916666666667,49.92572222222222,48.89,50.4,52.86,,3.9084165098340344,0.019022294947842088,-0.011507936507936474,-0.05751040484298144,
2017-11-20,49.79,49.434285714285714,49.77571428571428,51.13416666666667,49.866388888888885,48.86,50.57,,47.15,3.9078141606540915,0.019033974621367165,-0.015424164524421616,,0.05599151643690351
2017-11-21,50.67,49.68857142857143,49.798571428571435,51.0665,49.82227777777778,48.9,49.91,,46.18,3.9253340194878183,0.03619631901840497,0.015227409336806354,,0.09722823733217847
2017-11-22,50.41,49.910000000000004,49.80357142857143,50.977833333333336,49.78283333333334,49.33,50.06,52.28,45.21,3.9201895680945396,0.02189337117372792,0.006991610067918384,-0.03576893649579198,0.11501880115018792
2017-11-24,50.11,50.082857142857144,49.78285714285715,50.87783333333333,49.74194444444445,49.82,48.89,52.235,,3.914220588971633,0.00582095543958248,0.024953978318674554,-0.040681535369005456,
2017-11-27,49.59,50.12,49.712857142857146,50.73216666666667,49.70594444444444,49.79,48.86,,46.62,3.9037892005010426,-0.0040168708576018425,0.01494064674580442,,0.06370656370656384
2017-11-28,50.58,50.13857142857143,49.760714285714286,50.630833333333335,49.68727777777778,50.67,48.9,,46.83,3.923556241241819,-0.0017761989342807067,0.03435582822085889,,0.0800768737988469
2017-11-29,52.1,50.464285714285715,49.90642857142857,50.60883333333334,49.6936111111111,50.41,49.33,50.33,47.19,3.9531649487593215,0.03352509422733595,0.05615244273261714,0.03516789191337181,0.1040474676838314
2017-11-30,52.92,50.91142857142857,50.17285714285715,50.61083333333333,49.713388888888886,,50.45,50.03,47.52,3.968781339246755,,0.048959365708622374,0.057765340795522695,0.1136363636363636
2017-12-01,52.06,51.11,50.39928571428572,50.60383333333333,49.72372222222222,50.11,49.82,50.35,,3.9523968995664194,0.03891438834563965,0.04496186270574071,0.03396226415094341,
2017-12-04,52.91,51.46714285714285,50.68857142857143,50.59183333333333,49.75516666666667,49.59,49.79,,45.84,3.9685923569160404,0.06694898164952597,0.06266318537859003,,0.1542321116928445
2017-12-05,52.39,51.792857142857144,50.93785714285714,50.5955,49.77805555555556,50.58,50.67,,47.39,3.9587157334201284,0.03578489521550025,0.03394513518847442,,0.10550749103186326
2017-12-06,52.3,52.18,51.15,50.56616666666667,49.81072222222221,52.1,50.41,50.57,47.12,3.9569963710708773,0.003838771593090129,0.03749256099980164,0.03421000593237091,0.1099320882852292
2017-12-07,53.41,52.58428571428571,51.36142857142857,50.60533333333333,49.847833333333334,52.92,,49.91,47.45,3.977997994351679,0.009259259259259162,,0.07012622720897616,0.12560590094836657
2017-12-08,53.46,52.778571428571425,51.621428571428574,50.68966666666666,49.88616666666667,52.06,50.11,50.06,,3.978933710710773,0.0268920476373415,0.0668529235681501,0.0679184978026368,
2017-12-11,54.37,52.98571428571428,51.948571428571434,50.81666666666667,49.92838888888889,52.91,49.59,,49.04,3.995812531157829,0.027594027594027612,0.09639040129058266,,0.10868678629690046
2017-12-12,53.62,53.208571428571425,52.159285714285716,50.92633333333333,49.96183333333334,52.39,50.58,,48.98,3.981922132807813,0.023477762931857164,0.06010280743376827,,0.09473254389546755
2017-12-13,53.63,53.311428571428564,52.38928571428572,51.04633333333334,49.99383333333334,52.3,52.1,48.86,48.27,3.9821086129948338,0.025430210325047907,0.029366602687140135,0.09762586983217363,0.1110420551066915
2017-12-14,55.25,53.71999999999999,52.75642857142857,51.209666666666664,50.048722222222224,53.41,52.92,48.9,48.25,4.0118683403978626,0.03445047743868196,0.044028722600151136,0.12985685071574646,0.14507772020725387
2017-12-15,56.1,54.26285714285715,53.22142857142857,51.401666666666664,50.12016666666666,53.46,52.06,49.33,,4.027135812528651,0.04938271604938273,0.07760276603918553,0.13723900263531327,
2017-12-18,56.07,54.642857142857146,53.61357142857143,51.59066666666666,50.19827777777778,54.37,52.91,,47.9,4.026600910135581,0.031267242964870386,0.0597240597240598,,0.17056367432150318
2017-12-19,55.75,54.970000000000006,53.87428571428571,51.763333333333335,50.26794444444445,53.62,52.39,,48.04,4.020877410340228,0.039723983588213406,0.06413437678946363,,0.16049125728559535
2017-12-20,56.22,55.23428571428571,54.11,51.97366666666666,50.336277777777774,53.63,52.3,49.79,48.16,4.029272565478386,0.048293865373857846,0.0749521988527725,0.12914239807190198,0.16735880398671102
2017-12-21,56.03,55.57857142857143,54.39357142857143,52.172666666666665,50.40416666666667,55.25,53.41,50.67,48.47,4.025887261577193,0.01411764705882355,0.04905448417899279,0.10578251430826918,0.15597276665978962
2017-12-22,56.03,55.92142857142858,54.61642857142857,52.400666666666666,50.46972222222223,56.1,53.46,50.41,,4.025887261577193,-0.0012477718360071352,0.04807332585110363,0.11148581630628854,
2017-12-26,56.43,56.089999999999996,54.90500000000001,52.652,50.56861111111111,55.75,53.62,,47.72,4.033000931981049,0.012197309417040354,0.05240581872435663,,0.18252305113160103
2017-12-27,56.12,56.09285714285714,55.17785714285714,52.894,50.66405555555556,56.22,53.63,49.59,48.31,4.02749225523426,-0.001778726431874803,0.04642923736714516,0.13167977414801357,0.16166425170772086
2017-12-28,56.35,56.13285714285714,55.387857142857136,53.14233333333333,50.75894444444444,56.03,55.25,50.58,48.22,4.031582240485785,0.005711226128859544,0.019909502262443465,0.11407671016211948,0.16860223973455005
2017-12-29,56.0,56.16857142857143,55.569285714285705,53.36466666666667,50.857277777777774,56.03,56.1,52.1,,4.02535169073515,-0.0005354274495806021,-0.0017825311942959254,0.07485604606525909,
2018-01-02,56.74,56.24285714285715,55.738571428571426,53.574333333333335,50.974611111111116,56.43,55.75,,51.56,4.038479429380705,0.005493531809321323,0.017757847533632323,,0.10046547711404188
2018-01-03,55.69,56.19428571428572,55.88642857142857,53.769999999999996,51.09105555555555,56.12,56.22,52.91,51.68,4.019800597601577,-0.007662152530292226,-0.009427250088936343,0.05254205254205257,0.07759287925696591
2018-01-04,55.69,56.14571428571429,56.03357142857142,53.96666666666667,51.19116666666667,56.35,56.03,52.39,52.01,4.019800597601577,-0.011712511091393145,-0.006068177761913322,0.0629891200610803,0.07075562391847721
2018-01-05,55.97,56.08,56.084999999999994,54.14333333333334,51.29138888888888,56.0,56.03,52.3,,4.024815832903268,-0.000535714285714306,-0.0010708548991612043,0.07017208413001916,
2018-01-08,54.68,55.87428571428571,55.98357142857144,54.285666666666664,51.380944444444445,,,,52.7,4.001498011855749,,,,0.03757115749525611
2018-01-09,54.17,55.56285714285714,55.847857142857144,54.42100000000001,51.4625,56.74,56.43,,53.07,3.9921272496698075,-0.04529432499118788,-0.040049618996987384,,0.02072734124740911
2018-01-10,55.86,55.542857142857144,55.855714285714285,54.629999999999995,51.55883333333333,55.69,56.12,54.37,53.11,4.022848560517031,0.0030526126773209143,-0.0046329294369208485,0.027404818833915802,0.05177932592732066
2018-01-11,58.52,55.79714285714285,56.019999999999996,54.89466666666667,51.68105555555556,55.69,56.35,53.62,53.96,4.069368576151923,0.050817022804812456,0.03850931677018637,0.09138381201044397,0.08450704225352117
2018-01-12,59.83,56.388571428571424,56.291428571428575,55.15233333333333,51.8365,55.97,56.0,53.63,,4.09150720740194,0.0689655172413793,0.06839285714285712,0.11560693641618489,
2018-01-16,59.35,56.91142857142857,56.528571428571425,55.36666666666667,51.969388888888886,54.17,56.74,,52.86,4.083452121055677,0.09562488462248477,0.04599929502996122,,0.12277714718123349
2018-01-17,59.72,57.44714285714286,56.763571428571424,55.622,52.109388888888894,55.86,55.69,56.07,52.27,4.089666972670989,0.06910132474042248,0.07236487699766567,0.06509719992866057,0.14252917543524002
2018-01-18,59.45,58.12857142857143,57.00142857142857,55.84,52.24272222222221,58.52,55.69,55.75,53.27,4.085135623136791,0.015892002734107992,0.06751660980427375,0.06636771300448435,0.11601276515862585
2018-01-19,60.01,58.962857142857146,57.26285714285715,56.094,52.36705555555555,59.83,55.97,56.22,,4.094511215001422,0.003008524151763325,0.07218152581740217,0.06741373176805406,
2018-01-22,60.13,59.57285714285714,57.557857142857145,56.355,52.49027777777778,,54.68,,53.18,4.0965088850514775,,0.09967081199707394,,0.13068822865739005
2018-01-23,59.93,59.77428571428572,57.785714285714285,56.572333333333326,52.611944444444454,59.35,54.17,,52.235,4.093177214470094,0.009772535804549254,0.10633191803581314,,0.14731501866564564
2018-01-24,56.8,59.34142857142857,57.865,56.68366666666667,52.70672222222222,59.72,55.86,,50.93,4.039536325727106,-0.048894842598794404,0.016827783745076937,,0.11525623404673076
2018-01-25,54.81,58.69285714285714,57.80214285714286,56.69833333333334,52.77961111111111,59.45,58.52,56.43,50.56,4.003872659058025,-0.07804878048780488,-0.06339712918660288,-0.02870813397129182,0.08405854430379746
2018-01-26,55.26,58.055714285714295,57.75142857142857,56.75300000000001,52.86072222222222,60.01,59.83,56.12,,4.01204931949527,-0.07915347442092985,-0.07638308540865787,-0.015324305060584452,
2018-01-29,55.76,57.528571428571425,57.82857142857142,56.824,52.948055555555555,60.13,,,50.03,4.0210567664522685,-0.07267586895060708,,,0.11453128123126118
2018-01-30,56.12,56.972857142857144,57.96785714285714,56.852999999999994,53.03783333333334,59.93,59.35,,50.35,4.02749225523426,-0.06357416986484235,-0.05442291491154177,,0.11459781529294927
2018-01-31,56.77,56.49285714285714,58.03285714285715,56.87533333333333,53.133500000000005,56.8,59.72,,50.34,4.039008017182635,-0.000528169014084402,-0.049397186872069586,,0.12773142630115214
2018-02-01,56.42,55.99142857142857,57.88285714285714,56.88700000000001,53.221833333333336,54.81,59.45,56.74,50.4,4.0328237055738505,0.02937420178799488,-0.0509671993271657,-0.005639760310186822,0.1194444444444445
2018-02-02,54.62,55.68,57.510714285714286,56.849333333333334,53.29183333333334,55.26,60.01,55.69,,4.000400116045559,-0.01158161418747739,-0.08981836360606567,-0.01921350332196086,
2018-02-05,52.52,55.35285714285715,57.02285714285715,56.726000000000006,53.33650000000001,55.76,60.13,,49.91,3.9611940494345954,-0.058106169296987,-0.12655912190254448,,0.052294129432979494
2018-02-06,53.1,55.044285714285714,56.550000000000004,56.62833333333333,53.396277777777776,56.12,59.93,,50.06,3.9721769282478934,-0.05381325730577327,-0.11396629400967793,,0.0607271274470635
2018-02-07,53.85,54.771428571428565,56.15,56.55566666666666,53.45783333333333,56.77,56.8,54.68,49.19,3.9862024036023977,-0.051435617403558245,-0.05193661971830979,-0.015179224579370853,0.09473470217523895
2018-02-08,51.23,54.07285714285714,55.52285714285714,56.382333333333335,53.49127777777778,56.42,54.81,54.17,48.89,3.936325297951111,-0.09198865650478562,-0.06531654807516886,-0.054273583164113064,0.04786254857844132
2018-02-09,50.46,53.17142857142857,54.832142857142856,56.193666666666665,53.51783333333333,54.62,55.26,55.86,,3.921180943212912,-0.07616257781032583,-0.0868621064060803,-0.09667024704618687,
2018-02-12,52.05,52.54714285714285,54.269285714285715,56.050333333333334,53.52672222222222,52.52,55.76,,48.9,3.952204795060978,-0.008948971820259062,-0.06653515064562412,,0.0644171779141104
2018-02-13,52.17,52.19714285714286,53.93857142857143,55.92266666666667,53.533500000000004,53.1,56.12,,49.33,3.9545076170343014,-0.017514124293785304,-0.07038488952245181,,0.05757145753091432
2018-02-14,52.2,52.151428571428575,53.75214285714286,55.77133333333334,53.53927777777778,53.85,56.77,,50.45,3.955082494888593,-0.030640668523676855,-0.08050026422406201,,0.03468780971258672
2018-02-15,52.95,52.129999999999995,53.58714285714286,55.68,53.549722222222215,51.23,56.42,59.35,49.82,3.9693480720474157,0.03357407768885431,-0.06150301311591632,-0.10783487784330242,0.06282617422721803
2018-02-16,52.85,51.987142857142864,53.37928571428572,55.58533333333333,53.56205555555555,50.46,54.62,59.72,,3.967457712316247,0.04736424891002775,-0.032405712193335705,-0.11503683858004014,
2018-02-20,52.47,52.16428571428571,53.118571428571435,55.468666666666664,53.55950000000001,52.17,53.1,,50.41,3.9602415776986204,0.005750431282346122,-0.011864406779661064,,0.04086490775639759
2018-02-21,53.16,52.550000000000004,52.86071428571429,55.418,53.5605,52.2,53.85,60.13,,3.9733062338450447,0.018390804597701028,-0.012813370473537694,-0.11591551638117421,
2018-02-22,52.55,52.621428571428574,52.58428571428571,55.364000000000004,53.55427777777778,52.95,51.23,59.93,50.11,3.96176509732296,-0.007554296506137973,0.025766152644934617,-0.12314366761221429,0.04869287567351822
2018-02-23,53.46,52.80571428571428,52.50142857142857,55.284,53.548722222222224,52.85,50.46,56.8,,3.978933710710773,0.011542100283822127,0.059453032104637336,-0.058802816901408386,
2018-02-26,54.69,53.16142857142857,52.65642857142858,55.156333333333336,53.56061111111111,,52.05,,50.58,4.001680877358681,,0.05072046109510088,,0.08125741399762751
2018-02-27,53.62,53.25714285714286,52.693571428571424,54.949333333333335,53.570166666666665,52.47,52.17,,52.1,3.981922132807813,0.021917286068229437,0.027793751198006436,,0.029174664107485527
2018-02-28,53.9,53.40714285714285,52.69714285714286,54.76766666666666,53.581722222222226,53.16,52.2,55.76,52.92,3.9871304779149512,0.013920240782543303,0.03256704980842903,-0.033357245337159246,0.01851851851851846
2018-03-01,53.35,53.53285714285715,52.848571428571425,54.55533333333334,53.59372222222222,52.55,52.95,56.12,52.06,3.976873977747762,0.015223596574690853,0.0075542965061378385,-0.04935851746258012,0.02477910103726468
2018-03-02,53.26,53.54714285714285,53.048571428571435,54.349000000000004,53.593611111111116,53.46,52.85,56.77,,3.9751855803857863,-0.0037411148522260166,0.007757805108798421,-0.06182843050907178,
2018-03-05,53.79,53.72428571428571,53.17285714285715,54.141666666666666,53.61038888888889,54.69,,,52.39,3.985087576285151,-0.016456390565002716,,,0.02672265699560982
2018-03-06,53.84,53.778571428571425,53.292142857142856,53.932,53.61772222222223,53.62,52.47,,52.3,3.9860166853364722,0.0041029466616935096,0.02611015818562997,,0.029445506692160735
2018-03-07,53.53,53.612857142857145,53.38714285714286,53.718666666666664,53.632111111111115,53.9,53.16,52.52,53.41,3.98024224440529,-0.006864564007421103,0.006960120391271719,0.01923076923076919,0.002246770267740209
2018-03-08,54.64,53.75857142857143,53.50785714285714,53.64666666666667,53.67333333333334,53.35,52.55,53.1,53.46,4.0007662152625345,0.024179943767572615,0.03977164605137971,0.02900188323917136,0.022072577628133177
2018-03-09,56.09,54.07142857142857,53.739285714285714,53.68933333333333,53.73477777777778,53.26,53.46,53.85,,4.026957543520246,0.05313556139692087,0.049195660306771465,0.04159702878365835,
2018-03-12,56.16,54.472857142857144,54.00285714285714,53.71933333333333,53.79955555555556,53.79,54.69,,53.62,4.028204759717555,0.04406023424428328,0.026878771256171125,,0.04737038418500558
2018-03-13,56.59,54.94857142857143,54.24785714285714,53.74699999999999,53.87244444444445,53.84,53.62,,53.63,4.035832291154432,0.051077265973254085,0.05538977993286099,,0.05519298899869477
2018-03-14,56.15,55.285714285714285,54.505,53.748000000000005,53.93688888888889,53.53,53.9,52.05,55.25,4.0280266811844525,0.04894451709321871,0.041743970315398886,0.07877041306436122,0.01628959276018097
2018-03-15,56.34,55.642857142857146,54.71071428571429,53.733666666666664,54.00355555555555,54.64,53.35,52.17,56.1,4.0314047624482265,0.031112737920937095,0.056044985941893194,0.07993099482461187,0.004278074866310196
2018-03-16,56.69,56.09428571428571,54.85357142857142,53.742666666666665,54.07344444444444,56.09,53.26,52.2,,4.037597828336212,0.010697093956141813,0.06440105144573789,0.08601532567049798,
2018-03-19,55.96,56.28285714285715,55.02071428571429,53.787333333333336,54.13333333333333,56.16,53.79,,55.75,4.024637149797281,-0.0035612535612534854,0.040342071016917676,,0.003766816143497773
2018-03-20,56.5,56.34142857142858,55.20642857142857,53.919999999999995,54.20655555555556,56.59,53.84,,56.22,4.034240638152395,-0.0015903869941686411,0.04940564635958389,,0.004980434009249398
2018-03-21,55.95,56.31142857142857,55.39214285714286,54.015,54.272,56.15,53.53,,56.03,4.024458434757935,-0.003561887800534207,0.04520829441434713,,-0.0014278065322148544
2018-03-22,54.67,56.03714285714286,55.49285714285715,54.04233333333333,54.33288888888889,56.34,54.64,52.47,56.03,4.001315112906908,-0.02964146254881082,0.000549048316251851,0.04192872117400425,-0.024272711047653033
2018-03-23,53.9,55.715714285714284,55.50071428571429,54.13133333333334,54.388555555555556,56.69,56.09,53.16,,3.9871304779149512,-0.04921502910566236,-0.03904439293991807,0.013920240782543303,
2018-03-26,55.06,55.53285714285715,55.587857142857146,54.284666666666666,54.45744444444445,55.96,56.16,,56.43,4.008423499714461,-0.016082916368834858,-0.01958689458689449,,-0.024277866383129496
2018-03-27,54.26,55.18571428571429,55.64,54.358333333333334,54.516999999999996,56.5,56.59,,56.12,3.9937873072307855,-0.03964601769911508,-0.04117335218236447,,-0.033143264433357085
2018-03-28,53.93,54.895714285714284,55.589285714285715,54.417,54.568111111111115,55.95,56.15,54.69,56.35,3.9876869093491356,-0.03610366398570157,-0.039536954585930525,-0.013896507588224503,-0.04294587400177465
2018-03-29,54.81,54.65428571428571,55.49785714285714,54.504,54.61655555555555,54.67,56.34,53.62,56.0,4.003872659058025,0.0025608194622279232,-0.027156549520766793,0.022193211488250743,-0.02124999999999996
2018-04-02,51.95,54.082857142857144,55.19714285714286,54.470666666666666,54.64022222222223,55.06,55.96,,56.74,3.9502817175452365,-0.05648383581547402,-0.07165832737669761,,-0.0844201621431089
2018-04-03,53.72,53.94714285714286,54.99214285714286,54.49966666666667,54.68388888888889,54.26,56.5,,55.69,3.9837853716550367,-0.009952082565425712,-0.04920353982300887,,-0.03537439396660081
2018-04-04,53.86,53.941428571428574,54.82857142857143,54.546,54.71933333333334,53.93,55.95,53.79,55.69,3.9863880873834527,-0.0012979788614871182,-0.037354781054513016,0.0013013571295779937,-0.032860477644101244
2018-04-05,54.21,53.82,54.676428571428566,54.581,54.76155555555555,54.81,54.67,53.84,55.97,3.992865393272247,-0.010946907498631663,-0.008414121090177444,0.006872213967310502,-0.031445417187779136
2018-04-06,53.67,53.73571428571429,54.46071428571429,54.61833333333333,54.801111111111105,,53.9,53.53,,3.9828541861887374,,-0.004267161410018495,0.002615355875210173,
