timestamp,JBLU,JBLU_rolling_7_day_avg,JBLU_rolling_14_day_avg,JBLU_rolling_30_day_avg,JBLU_rolling_90_day_avg,JBLU_7_days_ago,JBLU_14_days_ago,JBLU_30_days_ago,JBLU_90_days_ago,JBLU_log_price,JBLU_pct_change_7_days,JBLU_pct_change_14_days,JBLU_pct_change_30_days,JBLU_pct_change_90_days
2016-10-03,17.66,,,,,,,,,2.8713021951758138,,,,
2016-10-04,17.83,,,,,,,,,2.8808824318750488,,,,
2016-10-05,17.86,,,,,,,,,2.882563575448353,,,,
2016-10-06,17.62,,,,,,,,,2.8690346205080335,,,,
2016-10-07,17.39,,,,,,,,,2.855895328366192,,,,
2016-10-10,17.84,,,,,17.66,,,,2.8814431271518632,0.010192525481313688,,,
2016-10-11,17.86,17.722857142857144,,,,17.83,,,,2.882563575448353,0.0016825574873808827,,,
2016-10-12,17.77,17.73857142857143,,,,17.86,,,,2.87751164216656,-0.005039193729003352,,,
2016-10-13,18.22,17.794285714285714,,,,17.62,,,,2.9025198918318122,0.034052213393870476,,,
2016-10-14,17.84,17.791428571428572,,,,17.39,,,,2.8814431271518632,0.02587694077055775,,,
2016-10-17,17.77,17.812857142857144,,,,17.84,17.66,,,2.87751164216656,-0.003923766816143513,0.006228765571913897,,
2016-10-18,17.78,17.86857142857143,,,,17.86,17.83,,,2.8780742300857587,-0.0044792833146695575,-0.0028042624789678724,,
2016-10-19,18.24,17.925714285714285,,,,17.77,17.86,,,2.9036169846461855,0.026449071468767522,0.021276595744680795,,
2016-10-20,18.6,18.03142857142857,17.877142857142857,,,18.22,17.62,,,2.9231615807191558,0.020856201975850856,0.05561861520998867,,
2016-10-21,18.57,18.145714285714284,17.94214285714286,,,17.84,17.39,,,2.9215473753646144,0.04091928251121078,0.06785508913168485,,
2016-10-24,18.75,18.22142857142857,18.00785714285714,,,17.77,17.84,,,2.9311937524164198,0.05514912774338776,0.05100896860986548,,
2016-10-25,18.07,18.254285714285714,18.02285714285714,,,17.78,17.86,,,2.8942531046041373,0.016310461192350908,0.011758118701007887,,
2016-10-26,17.55,18.222857142857144,18.017857142857142,,,18.24,17.77,,,2.865053949911875,-0.037828947368420934,-0.012380416432189019,,
2016-10-27,17.36,18.162857142857142,18.01571428571429,,,18.6,18.22,,,2.854168709232204,-0.06666666666666676,-0.047200878155872636,,
2016-10-28,17.26,18.022857142857145,17.974285714285717,,,18.57,17.84,,,2.848391685655282,-0.07054388799138388,-0.032511210762331745,,
2016-10-31,17.48,17.86285714285714,17.947142857142858,,,18.75,17.77,,,2.8610573702273894,-0.06773333333333331,-0.016319639842431018,,
2016-11-01,17.28,17.678571428571427,17.912142857142857,,,18.07,17.78,,,2.8495497633759097,-0.04371887105700051,-0.028121484814398197,,
2016-11-02,16.96,17.422857142857143,17.822142857142858,,,17.55,18.24,17.66,,2.830857630363757,-0.03361823361823361,-0.0701754385964911,-0.039637599093997694,
2016-11-03,16.93,17.259999999999998,17.75714285714286,,,17.36,18.6,17.83,,2.829087196145044,-0.024769585253456204,-0.08978494623655922,-0.05047672462142449,
2016-11-04,17.01,17.18285714285714,17.702857142857145,,,17.26,18.57,17.86,,2.8338014064077703,-0.014484356894553881,-0.08400646203554113,-0.047592385218364945,
2016-11-07,17.85,17.252857142857145,17.707857142857144,,,17.48,18.75,,,2.8820035082256483,0.021167048054919965,-0.047999999999999925,,
2016-11-08,18.25,17.394285714285715,17.708571428571428,,,17.28,18.07,,,2.9041650800285006,0.05613425925925919,0.009961261759822895,,
2016-11-09,18.47,17.535714285714285,17.699285714285715,,,16.96,17.55,17.84,,2.9161477942111484,0.0890330188679244,0.052421652421652316,0.03531390134529142,
2016-11-10,19.2,17.81,17.744285714285716,,,16.93,17.36,17.86,,2.954910279033736,0.1340815121086828,0.10599078341013825,0.07502799552071668,
2016-11-11,19.25,18.13714285714286,17.78,17.884,,17.01,17.26,17.77,,2.9575110607337933,0.1316872427983538,0.1152954808806488,0.08328643781654477,
2016-11-14,19.73,18.537142857142857,17.89857142857143,17.953,,17.85,17.48,,,2.982140320034524,0.10532212885154055,0.12871853546910755,,
2016-11-15,20.44,19.027142857142856,18.105,18.040000000000003,,18.25,17.28,,,3.017493765335504,0.12000000000000006,0.18287037037037038,,
2016-11-16,20.21,19.364285714285717,18.308571428571433,18.118333333333332,,18.47,16.96,17.77,,3.00617753141553,0.09420682187330819,0.19162735849056603,0.13731007315700627,
2016-11-17,20.74,19.72,18.557142857142857,18.22233333333333,,19.2,16.93,17.78,,3.032064202801381,0.0802083333333333,0.22504430005906667,0.16647919010123718,
2016-11-18,20.73,20.042857142857144,18.789285714285715,18.333666666666666,,19.25,17.01,18.24,,3.0315819264476884,0.0768831168831169,0.21869488536155193,0.13651315789473698,
2016-11-21,20.67,20.252857142857145,19.03142857142857,18.427999999999997,,19.73,17.85,,,3.028683373693677,0.047643182970096364,0.15798319327731092,,
2016-11-22,20.72,20.462857142857143,19.3,18.523333333333333,,20.44,18.25,,,3.031099417391282,0.013698630136986183,0.1353424657534246,,
2016-11-23,20.98,20.641428571428573,19.589285714285715,18.630333333333333,,20.21,18.47,18.75,,3.043569602968151,0.038099950519544755,0.13589604764482954,0.11893333333333335,
2016-11-25,21.06,20.73,19.87857142857143,18.725,,20.73,19.25,17.55,,3.0473755067058295,0.015918958031837835,0.09402597402597396,0.19999999999999987,
2016-11-28,20.6,20.785714285714285,20.074999999999996,18.817,,20.67,19.73,,,3.0252910757955354,-0.0033865505563618905,0.04409528636594024,,
2016-11-29,20.7,20.78,20.25,18.91466666666667,,20.72,20.44,,,3.0301337002713233,-0.0009652509652509448,0.012720156555772896,,
2016-11-30,20.09,20.68857142857143,20.365714285714287,18.99166666666667,,20.98,20.21,17.48,,3.000222178826843,-0.04242135367016209,-0.005937654626422612,0.14931350114416472,
2016-12-01,20.4,20.650000000000002,20.451428571428576,19.06366666666667,,,20.74,17.28,,3.0155349008501706,,-0.016393442622950814,0.18055555555555539,
2016-12-02,20.93,20.68,20.571428571428573,19.141333333333332,,21.06,20.73,16.96,,3.0411835364579085,-0.006172839506172792,0.009647853352629005,0.2340801886792452,
2016-12-05,20.9,20.66857142857143,20.655,19.218999999999998,,20.6,20.67,,,3.039749158970765,0.014563106796116367,0.01112723754233173,,
2016-12-06,21.19,20.687142857142856,20.708571428571428,19.300333333333334,,20.7,20.72,,,3.0535293722802077,0.023671497584541158,0.0226833976833978,,
2016-12-07,21.89,20.87142857142857,20.82857142857143,19.427666666666667,,20.09,20.98,17.85,,3.0860299115347716,0.08959681433549033,0.04337464251668256,0.2263305322128851,
2016-12-08,21.83,21.032857142857143,20.90642857142857,19.570333333333334,,20.4,,18.25,,3.0832851705618523,0.07009803921568626,,0.19616438356164373,
2016-12-09,21.9,21.291428571428572,20.990000000000002,19.721666666666668,,20.93,21.06,18.47,,3.086486636822455,0.04634495938843759,0.03988603988603988,0.1857065511640498,
2016-12-12,21.62,21.465714285714284,21.05785714285714,19.867,,20.9,20.6,,,3.073618812211062,0.034449760765550355,0.04951456310679609,,
2016-12-13,22.53,21.694285714285716,21.187142857142856,20.03533333333333,,21.19,20.7,,,3.114847754444153,0.06323737612081169,0.08840579710144937,,
2016-12-14,22.15,21.872857142857146,21.270714285714284,20.197666666666667,,21.89,20.09,19.73,,3.0978374964911444,0.0118775696665143,0.10253857640617216,0.12265585402939676,
2016-12-15,22.49,22.05857142857143,21.37285714285714,20.382,,21.83,20.4,20.44,,3.1130707659712242,0.030233623453962445,0.10245098039215686,0.10029354207436385,
2016-12-16,22.18,22.099999999999998,21.485714285714288,20.557000000000002,,21.9,20.93,20.21,,3.099190981922221,0.012785388127853934,0.059722885809842335,0.09747649678377035,
2016-12-19,22.51,22.197142857142858,21.615,20.740333333333336,,21.62,20.9,,,3.113959654918641,0.04116558741905645,0.07703349282296666,,
2016-12-20,22.79,22.32428571428571,21.80785714285714,20.904999999999998,,22.53,21.19,,,3.126321843257593,0.011540168664003462,0.07550731477111834,,
2016-12-21,22.71,22.479999999999997,21.97285714285714,21.05366666666667,,22.15,21.89,20.67,,3.122805356117467,0.025282167042889495,0.037460027409776164,0.0986937590711175,
2016-12-22,22.19,22.43142857142857,22.062857142857144,21.177666666666664,,22.49,21.83,20.72,,3.0996417369445024,-0.013339261894175064,0.016491067338525102,0.07094594594594607,
2016-12-23,22.27,22.44857142857143,22.160714285714285,21.279999999999998,,22.18,21.9,20.98,,3.1032404812692764,0.0040577096483318245,0.016894977168949818,0.06148713060057193,
2016-12-27,22.28,22.41857142857143,22.238571428571426,21.381000000000004,,22.79,22.53,,,3.1036894150590832,-0.022378236068450987,-0.011096316023080336,,
2016-12-28,22.03,22.397142857142857,22.24857142857143,21.457666666666668,,22.71,22.15,20.6,,3.092405160814252,-0.029942756494936138,-0.0054176072234761825,0.06941747572815532,
2016-12-29,22.14,22.344285714285718,22.270714285714288,21.514333333333333,,22.19,22.49,20.7,,3.0973859272804907,-0.002253267237494399,-0.01556247220987096,0.06956521739130442,
2016-12-30,22.42,22.291428571428572,22.30785714285714,21.588,,22.27,22.18,20.09,,3.109953417644014,0.006735518634934986,0.010820559062218304,0.11597809855649586,
2017-01-03,22.39,22.24571428571429,22.36285714285714,21.642999999999997,,22.28,22.79,,17.86,3.1086144306106633,0.004937163375224391,-0.01755155770074588,,0.25363941769316917
2017-01-04,22.65,22.31142857142857,22.37142857142857,21.707,,22.03,22.71,20.9,17.62,3.120159851929043,0.028143440762596342,-0.0026420079260238783,0.08373205741626795,0.2854710556186151
2017-01-05,22.27,22.31142857142857,22.38,21.760333333333335,,22.14,22.19,21.19,17.39,3.1032404812692764,0.005871725383920461,0.00360522757999091,0.05096743747050487,0.2806210465784933
2017-01-06,21.83,22.247142857142855,22.332857142857144,21.79733333333333,,22.42,22.27,21.89,,3.0832851705618523,-0.02631578947368436,-0.0197575213291424,-0.0027409776153495785,
2017-01-09,22.05,22.25,22.32357142857143,21.833000000000002,,,,,17.86,3.093312601892855,,,,0.23460246360582315
2017-01-10,22.51,22.302857142857142,22.32357142857143,21.881333333333334,,22.39,22.28,,17.77,3.113959654918641,0.0053595355069227775,0.010323159784560162,,0.26674169949352855
2017-01-11,22.78,22.354285714285712,22.322857142857142,21.954,,22.65,22.03,21.62,18.22,3.125882958019036,0.005739514348785986,0.034044484793463455,0.05365402405180389,0.2502744237102087
2017-01-12,21.82,22.27285714285714,22.259285714285717,21.991333333333333,,22.27,22.14,22.53,17.84,3.0828269804049246,-0.02020655590480464,-0.014453477868112028,-0.031513537505548195,0.22309417040358748
2017-01-13,21.76,22.145714285714288,22.22857142857143,22.047,,21.83,22.42,22.15,,3.080073421987742,-0.0032065964269352605,-0.029438001784121325,-0.017607223476297836,
2017-01-17,21.34,22.012857142857143,22.162142857142857,22.078333333333333,,22.51,22.39,,18.24,3.060583245873607,-0.05197689915593077,-0.046895935685573945,,0.16995614035087728
2017-01-18,21.49,21.964285714285715,22.10571428571429,22.097,,22.78,22.65,22.51,18.6,3.067587710654419,-0.056628621597893,-0.0512141280353201,-0.04531319413593972,0.15537634408602133
2017-01-19,21.36,21.865714285714287,22.05785714285714,22.112333333333332,,21.82,22.27,22.79,18.57,3.061520014091994,-0.021081576535288766,-0.04086214638527167,-0.06274681878016673,0.15024232633279477
2017-01-20,21.41,21.708571428571428,22.005714285714284,22.119666666666667,,21.76,21.83,22.71,,3.0638581026015914,-0.016084558823529476,-0.01923957856161238,-0.05724350506384855,
2017-01-23,21.04,21.46,21.907142857142855,22.091333333333335,,,22.05,,18.07,3.046425387869509,,-0.04580498866213159,,0.16436081903707797
2017-01-24,21.42,21.40285714285714,21.837857142857143,22.077666666666666,,21.34,22.51,,17.55,3.064325065019603,0.0037488284910966187,-0.04842292314526876,,0.22051282051282056
2017-01-25,21.77,21.404285714285713,21.775000000000002,22.073333333333334,,21.49,22.78,,17.36,3.080532875246456,0.013029315960912106,-0.044337137840210775,,0.2540322580645161
2017-01-26,21.1,21.37,21.69142857142857,22.055999999999997,,21.36,21.82,22.28,17.26,3.0492730404820207,-0.012172284644194663,-0.03299725022914752,-0.052962298025134635,0.2224797219003476
2017-01-27,19.65,21.107142857142858,21.535714285714285,21.959999999999997,,21.41,21.76,22.03,,2.9780773383152703,-0.08220457730032703,-0.09696691176470601,-0.10803449841125749,
2017-01-30,19.36,20.821428571428573,21.34357142857143,21.867,,21.04,,,17.28,2.963209081848431,-0.07984790874524714,,,0.12037037037037027
2017-01-31,19.61,20.564285714285713,21.13642857142857,21.771,,21.42,21.34,,16.96,2.976039640208255,-0.08450046685340813,-0.08106841611996253,,0.15624999999999992
2017-02-01,19.38,20.327142857142857,20.89357142857143,21.677666666666664,,21.77,21.49,,16.93,2.96424160646262,-0.10978410656867252,-0.09818520241973008,,0.14471352628470166
2017-02-02,19.37,20.034285714285716,20.718571428571426,21.572999999999997,,21.1,21.36,22.39,17.01,2.9637254774189046,-0.08199052132701423,-0.09316479400749057,-0.13488164359088878,0.13874191651969425
2017-02-03,19.5,19.71,20.557142857142853,21.46333333333333,,19.65,21.41,22.65,,2.970414465569701,-0.0076335877862594706,-0.0892106492293321,-0.13907284768211914,
2017-02-06,19.5,19.481428571428573,20.42571428571429,21.356333333333332,,19.36,21.04,,18.25,2.970414465569701,0.007231404958677716,-0.07319391634980985,,0.0684931506849315
2017-02-07,18.86,19.368571428571425,20.23785714285714,21.245333333333335,,19.61,21.42,,18.47,2.937043277205311,-0.0382457929627741,-0.11951447245564903,,0.021115322144017356
2017-02-08,19.29,19.358571428571427,20.09,21.146,,19.38,21.77,22.05,19.2,2.9595868269176377,-0.0046439628482972065,-0.1139182361047313,-0.12517006802721095,0.004687499999999993
2017-02-09,19.97,19.41,19.987142857142857,21.069,20.111333333333334,19.37,21.1,22.51,19.25,2.994231147427724,0.030975735673722138,-0.05355450236966836,-0.11283873833851633,0.03740259740259734
2017-02-10,19.8,19.47,19.898571428571426,20.994666666666667,20.135111111111108,19.5,19.65,22.78,,2.9856819377004897,0.015384615384615422,0.007633587786259651,-0.13081650570676032,
2017-02-13,19.84,19.537142857142857,19.785714285714285,20.918,20.157444444444444,19.5,19.36,,20.44,2.987700101856727,0.017435897435897428,0.024793388429752088,,-0.029354207436399285
2017-02-14,19.66,19.56,19.634999999999998,20.826000000000004,20.177444444444443,18.86,19.61,,20.21,2.9785861147190205,0.04241781548250269,0.002549719530851643,,-0.02721425037110345
2017-02-15,19.91,19.618571428571425,19.55,20.743333333333336,20.20288888888889,19.29,19.38,,20.74,2.991222118076105,0.03214100570243655,0.02734778121775032,,-0.040019286403085746
2017-02-16,19.84,19.75857142857143,19.56357142857143,20.64966666666667,20.23011111111111,19.97,19.37,21.34,20.73,2.987700101856727,-0.006509764646970406,0.02426432627774904,-0.07029053420805999,-0.04293294741919926
2017-02-17,20.11,19.875714285714285,19.617142857142856,20.577666666666666,20.255333333333333,19.8,19.5,21.49,,3.001217203784561,0.01565656565656559,0.031282051282051256,-0.06421591437878078,
2017-02-21,20.1,19.89428571428572,19.652142857142856,20.52,20.28022222222222,19.66,18.86,,20.98,3.0007198150650303,0.02238046795523913,0.06574761399787922,,-0.04194470924690176
2017-02-22,19.92,19.91142857142857,19.690714285714286,20.449,20.304111111111112,19.91,19.29,21.04,,2.991724252156452,0.0005022601707685366,0.03265940902021786,-0.05323193916349798,
2017-02-23,19.61,19.87857142857143,19.707857142857144,20.352333333333334,20.319555555555556,19.84,19.97,21.42,21.06,2.976039640208255,-0.011592741935483892,-0.018027040560841236,-0.08450046685340813,-0.0688509021842355
2017-02-24,19.57,19.865714285714287,19.712857142857143,20.245333333333335,20.33877777777778,20.11,19.8,21.77,,2.9739977814079848,-0.026852312282446503,-0.011616161616161637,-0.1010564997703261,
2017-02-27,19.97,19.874285714285715,19.74642857142857,20.183666666666667,20.36322222222222,,19.84,,20.7,2.994231147427724,,0.00655241935483866,,-0.03526570048309181
2017-02-28,19.96,19.891428571428573,19.825,20.12366666666667,20.387444444444444,20.1,19.66,,20.09,2.993730270883318,-0.006965174129353262,0.015259409969481216,,-0.006470881035340916
2017-03-01,20.5,19.947142857142858,19.911428571428576,20.095666666666666,20.412555555555553,19.92,19.91,19.36,20.4,3.0204248861443626,0.029116465863453726,0.02963335007533902,0.05888429752066119,0.004901960784313796
2017-03-02,19.89,19.91714285714286,19.905714285714286,20.042333333333335,20.42688888888889,19.61,19.84,19.61,20.93,2.9902170928658807,0.014278429372769054,0.0025201612903226166,0.014278429372769054,-0.04968944099378878
2017-03-03,20.2,19.957142857142856,19.934285714285714,20.003666666666668,20.445,19.57,20.11,19.38,,3.005682604407159,0.03219213081246801,0.0044753853804077506,0.04231166150670796,
2017-03-06,19.41,19.928571428571427,19.903571428571432,19.937,20.452333333333335,19.97,,,21.19,2.9657883971809187,-0.0280420630946419,,,-0.08400188768286933
2017-03-07,19.26,19.884285714285713,19.875,19.877666666666666,20.465555555555554,19.96,20.1,,21.89,2.9580304063699794,-0.03507014028056109,-0.04179104477611939,,-0.12014618547281859
2017-03-08,19.38,19.8,19.837142857142858,19.80966666666667,20.48588888888889,20.5,19.92,19.5,21.83,2.96424160646262,-0.05463414634146346,-0.02710843373493989,-0.006153846153846205,-0.11223087494273933
2017-03-09,19.08,19.674285714285713,19.782857142857143,19.719999999999995,20.505,19.89,19.61,18.86,21.9,2.9486406660201405,-0.0407239819004526,-0.027027027027027088,0.011664899257688169,-0.12876712328767126
2017-03-10,20.04,19.608571428571427,19.777857142857147,19.68466666666667,20.535888888888888,20.2,19.57,19.29,,2.997730276216664,-0.007920792079207928,0.024016351558507863,0.038880248833592534,
2017-03-13,20.04,19.63,19.773571428571426,19.69766666666667,20.564333333333334,19.41,19.97,,22.53,2.997730276216664,0.032457496136012315,0.0035052578868302597,,-0.11051930758988024
2017-03-14,19.63,19.548571428571428,19.752857142857142,19.706666666666667,20.590444444444447,19.26,19.96,,22.15,2.9770590082883697,0.019210799584631226,-0.016533066132264622,,-0.11376975169300224
2017-03-15,20.09,19.645714285714288,19.787142857142857,19.72266666666667,20.625222222222224,19.38,20.5,19.84,22.49,3.000222178826843,0.03663570691434473,-0.020000000000000007,0.012600806451612904,-0.10671409515340145
2017-03-16,20.02,19.754285714285714,19.819285714285712,19.744000000000003,20.659555555555553,19.08,19.89,19.66,22.18,2.9967317738870745,0.049266247379455,0.0065359477124182505,0.01831129196337739,-0.09738503155996393
2017-03-17,20.16,19.865714285714287,19.832857142857144,19.770333333333333,20.694555555555556,20.04,20.2,19.91,,3.0037004432031678,0.005988023952095858,-0.001980198019801938,0.012556504269211451,
2017-03-20,20.29,20.03857142857143,19.85642857142857,19.796666666666667,20.721666666666668,20.04,19.41,,22.79,3.0101281538377234,0.0124750499001996,0.0453374549201442,,-0.10969723562966213
2017-03-21,19.76,19.99857142857143,19.803571428571427,19.805333333333337,20.738444444444443,19.63,19.26,,22.71,2.983659692319722,0.006622516556291522,0.025960539979231565,,-0.1298987230295024
2017-03-22,19.8,19.964285714285715,19.797142857142855,19.836666666666666,20.75322222222222,20.09,19.38,,22.19,2.9856819377004897,-0.014435042309606728,0.021671826625387088,,-0.10770617395223075
2017-03-23,19.92,20.005714285714287,19.777142857142856,19.857666666666667,20.761222222222223,20.02,19.08,20.1,22.27,2.991724252156452,-0.004995004995004888,0.04402515723270459,-0.008955223880597,-0.10552312528064652
2017-03-24,19.94,19.984285714285715,19.814999999999998,19.85666666666667,20.76888888888889,20.16,20.04,19.92,,2.9927277645336923,-0.010912698412698357,-0.0049900199600797345,0.0010040160642570066,
2017-03-27,20.29,20.02285714285714,19.888571428571428,19.872999999999998,20.775111111111112,20.29,20.04,,22.28,3.0101281538377234,0.0,0.0124750499001996,,-0.0893177737881509
2017-03-28,20.82,20.117142857142856,19.99142857142857,19.90566666666667,20.779333333333334,19.76,19.63,,22.03,3.035914063186823,0.053643724696356206,0.06062149770759049,,-0.05492510213345442
2017-03-29,20.64,20.16714285714286,20.102857142857143,19.938333333333333,20.78411111111111,19.8,20.09,19.97,22.14,3.027230940613362,0.04242424242424241,0.027376804380288736,0.03355032548823243,-0.06775067750677506
2017-03-30,20.73,20.305714285714288,20.152142857142856,19.965666666666667,20.784,19.92,20.02,19.96,22.42,3.0315819264476884,0.04066265060240957,0.035464535464535506,0.03857715430861721,-0.07537912578055313
2017-03-31,20.61,20.421428571428574,20.192857142857147,19.991333333333333,20.782666666666664,19.94,20.16,20.5,,3.0257763949023677,0.03360080240722157,0.022321428571428537,0.005365853658536558,
2017-04-03,20.64,20.524285714285718,20.265000000000004,20.009000000000004,20.782333333333334,20.29,20.29,,22.39,3.027230940613362,0.017249876786594454,0.017249876786594454,,-0.07815989280928987
2017-04-04,20.51,20.60571428571429,20.294999999999998,20.02266666666667,20.78,20.82,19.76,,22.65,3.0209125720842893,-0.014889529298751139,0.03795546558704453,,-0.09448123620309039
2017-04-05,20.57,20.645714285714288,20.334285714285716,20.04433333333333,20.775444444444442,20.64,19.8,19.41,22.27,3.0238337036648657,-0.003391472868217068,0.03888888888888887,0.05976300875837198,-0.0763358778625954
2017-04-06,20.91,20.65857142857143,20.387857142857143,20.087666666666667,20.773777777777777,20.73,19.92,19.26,21.83,3.0402275134405423,0.008683068017366123,0.04969879518072281,0.08566978193146409,-0.042143838754008164
2017-04-07,21.1,20.724285714285713,20.445714285714285,20.138666666666666,20.779333333333334,20.61,19.94,19.38,,3.0492730404820207,0.02377486656962649,0.05817452357071214,0.08875128998968021,
2017-04-10,21.25,20.798571428571428,20.552142857142858,20.18133333333333,20.785444444444444,20.64,20.29,,22.51,3.056356895370426,0.029554263565891446,0.04731394775751606,,-0.05597512216792543
2017-04-11,21.54,20.931428571428572,20.676428571428573,20.233999999999998,20.801555555555556,20.51,20.82,,22.78,3.0699116717282426,0.05021940516821051,0.034582132564841446,,-0.054433713784021155
2017-04-12,21.2,21.011428571428574,20.767857142857142,20.25733333333333,20.810444444444446,20.57,20.64,20.04,21.82,3.054001181677967,0.030627126883811327,0.02713178294573637,0.05788423153692616,-0.028414298808432676
2017-04-13,20.73,21.042857142857144,20.824285714285715,20.28533333333333,20.808222222222224,20.91,20.73,19.63,21.76,3.0315819264476884,-0.008608321377331406,0.0,0.05603667855323492,-0.04733455882352946
2017-04-17,20.92,21.092857142857145,20.869285714285716,20.309333333333335,20.808444444444444,21.25,20.64,,21.34,3.040705639196722,-0.015529411764705802,0.013565891472868272,,-0.019681349578256707
2017-04-18,20.79,21.075714285714287,20.867142857142856,20.35533333333333,20.804000000000002,21.54,20.51,,21.49,3.0344721018699214,-0.034818941504178275,0.013651877133105682,,-0.032573289902280096
2017-04-19,21.2,21.09,20.907142857142855,20.419999999999998,20.796333333333333,21.2,20.57,20.29,21.36,3.054001181677967,0.0,0.030627126883811327,0.0448496796451454,-0.007490636704119857
2017-04-20,21.39,21.110000000000003,20.954285714285714,20.487000000000002,20.791444444444444,20.73,20.91,19.76,21.41,3.062923523094314,0.031837916063675836,0.022955523672883806,0.08248987854251007,-0.0009341429238673318
2017-04-21,21.53,21.108571428571427,21.02,20.56866666666667,20.787333333333333,,21.1,19.8,,3.0694473113762717,,0.020379146919431265,0.0873737373737374,
2017-04-24,21.75,21.187142857142856,21.099285714285713,20.625666666666667,20.788777777777778,20.92,21.25,,21.42,3.079613757534693,0.03967495219885269,0.023529411764705882,,0.015406162464985914
2017-04-25,22.47,21.435714285714287,21.239285714285717,20.706666666666667,20.78811111111111,20.79,21.54,,21.77,3.112181086197238,0.0808080808080808,0.043175487465181045,,0.03215434083601283
2017-04-26,22.25,21.625714285714285,21.359285714285715,20.794,20.78922222222222,21.2,21.2,20.29,21.1,3.1023420086122493,0.04952830188679249,0.04952830188679249,0.09659931000492858,0.05450236966824638
2017-04-27,22.14,21.818571428571428,21.447142857142858,20.862333333333332,20.785333333333334,21.39,20.73,20.82,19.65,3.0973859272804907,0.03506311360448808,0.06801736613603473,0.0634005763688761,0.1267175572519085
2017-04-28,21.83,21.90857142857143,21.499285714285715,20.922666666666665,20.781444444444443,21.53,,20.64,,3.0832851705618523,0.013934045517881893,,0.05765503875968981,
2017-05-01,21.62,21.94142857142857,21.525714285714287,20.971333333333334,20.771555555555555,21.75,20.92,,19.61,3.073618812211062,-0.005977011494252828,0.03346080305927339,,0.10249872514023466
2017-05-02,22.06,22.017142857142858,21.562857142857144,21.030333333333335,20.763444444444445,22.47,20.79,,19.38,3.0937660138253564,-0.018246550956831337,0.06108706108706107,,0.13828689370485037
2017-05-03,21.9,22.038571428571426,21.61285714285714,21.10166666666667,20.75444444444444,22.25,21.2,20.64,19.37,3.086486636822455,-0.01573033707865175,0.03301886792452827,0.06104651162790688,0.13061435209086203
2017-05-04,21.54,21.905714285714282,21.670714285714286,21.159666666666666,20.747222222222224,22.14,21.39,20.51,19.5,3.0699116717282426,-0.02710027100271009,0.007012622720897549,0.05021940516821051,0.10461538461538457
2017-05-05,21.51,21.8,21.71285714285714,21.212666666666667,20.738777777777777,21.83,21.53,20.57,,3.068517943279639,-0.014658726523133154,-0.0009289363678587818,0.04569761789013132,
2017-05-08,21.41,21.695714285714285,21.75714285714286,21.261666666666667,20.72911111111111,21.62,21.75,,18.86,3.0638581026015914,-0.00971322849213695,-0.01563218390804597,,0.13520678685047724
2017-05-09,21.84,21.697142857142858,21.802857142857142,21.313333333333333,20.727,22.06,22.47,,19.29,3.083743150876704,-0.009972801450589252,-0.02803738317757005,,0.13219284603421466
2017-05-10,21.63,21.698571428571427,21.819999999999997,21.34033333333333,20.72133333333333,21.9,22.25,21.25,19.97,3.0740812399649675,-0.012328767123287652,-0.02786516853932589,0.017882352941176422,0.08312468703054583
2017-05-11,21.58,21.629999999999995,21.823571428571427,21.371666666666666,20.712,21.54,22.14,21.54,19.8,3.0717669598299886,0.001857010213556135,-0.025293586269196127,0.001857010213556135,0.08989898989898977
2017-05-12,21.23,21.534285714285716,21.78642857142857,21.388333333333332,20.699111111111108,21.51,21.83,21.2,,3.055415275715165,-0.013017201301720183,-0.027485112230874846,0.0014150943396226952,
2017-05-15,21.26,21.494285714285713,21.699999999999996,21.41,20.683666666666667,21.41,21.62,,19.66,3.056827372913802,-0.007006071929005072,-0.016651248843663247,,0.08138351983723303
2017-05-16,21.51,21.494285714285716,21.647142857142857,21.439,20.675222222222224,21.84,22.06,,19.91,3.068517943279639,-0.015109890109890032,-0.024932003626473128,,0.08036162732295336
2017-05-17,20.96,21.43,21.562857142857144,21.454,20.665555555555553,21.63,21.9,20.92,19.84,3.0426158594528414,-0.030975496994914385,-0.04292237442922364,0.0019120458891012976,0.05645161290322586
2017-05-18,21.01,21.31142857142857,21.504285714285714,21.468666666666667,20.654,21.58,21.54,20.79,20.11,3.044998514856909,-0.026413345690453977,-0.0246053853296192,0.0105820105820107,0.04475385380407768
2017-05-19,21.28,21.261428571428574,21.48,21.480999999999998,20.640333333333334,21.23,21.51,21.2,,3.0577676644734435,0.002355157795572337,-0.010692701069270127,0.0037735849056604646,
2017-05-22,21.57,21.259999999999998,21.445,21.49666666666667,20.62688888888889,21.26,21.41,,20.1,3.071303460401065,0.014581373471307559,0.00747314339093882,,0.07313432835820889
2017-05-23,22.08,21.381428571428575,21.457857142857144,21.524333333333335,20.62977777777778,21.51,21.84,,19.92,3.0946722214088944,0.026499302649930112,0.010989010989010917,,0.10843373493975886
2017-05-24,22.37,21.54,21.517142857142858,21.552,20.636555555555557,20.96,21.63,21.75,19.61,3.107720775502038,0.06727099236641222,0.03421174294960712,0.028505747126436828,0.14074451810300875
2017-05-25,22.81,21.725714285714282,21.610000000000003,21.605666666666668,20.65288888888889,21.01,21.58,22.47,19.57,3.1271990362962967,0.08567348881484993,0.05699721964782208,0.015131286159323538,0.16555952989269282
2017-05-26,22.95,22.01,21.72,21.679666666666666,20.66911111111111,21.28,21.23,22.25,,3.133317936506554,0.07847744360902247,0.08101742816768719,0.03146067415730334,
2017-05-30,22.49,22.221428571428568,21.766428571428573,21.731999999999996,20.68166666666667,22.08,21.51,,20.5,3.1130707659712242,0.018568840579710155,0.045560204556020306,,0.09707317073170724
2017-05-31,22.42,22.384285714285713,21.822857142857146,21.786333333333335,20.692888888888888,22.37,20.96,21.62,19.89,3.109953417644014,0.002235136343316974,0.06965648854961835,0.03700277520814064,0.12719959778783313
2017-06-01,22.65,22.538571428571426,21.899285714285718,21.83466666666667,20.71077777777778,22.81,21.01,22.06,20.2,3.120159851929043,-0.00701446733888646,0.07805806758686325,0.026745240253853123,0.12128712871287126
2017-06-02,22.85,22.648571428571433,22.015000000000004,21.883333333333333,20.726666666666667,22.95,21.28,21.9,,3.128951117340214,-0.004357298474945441,0.07377819548872182,0.043378995433790084,
2017-06-05,22.74,22.701428571428572,22.120714285714286,21.923666666666666,20.737444444444442,,21.57,,19.26,3.12412548832239,,0.05424200278164108,,0.18068535825545154
2017-06-06,22.62,22.674285714285713,22.199999999999996,21.952666666666666,20.754333333333335,22.49,22.08,,19.38,3.1188344706879745,0.005780346820809363,0.024456521739130557,,0.1671826625386998
2017-06-07,23.01,22.68285714285714,22.34642857142857,21.970666666666666,20.791666666666668,22.42,22.37,21.41,19.08,3.1359289040472746,0.026315789473684202,0.028609745194456887,0.0747314339093882,0.20597484276729577
2017-06-08,22.77,22.722857142857144,22.47214285714286,21.988,20.829555555555558,22.65,22.81,21.84,20.04,3.125443880075648,0.005298013245033157,-0.001753616834721576,0.04258241758241757,0.13622754491017966
2017-06-09,22.77,22.77285714285714,22.578571428571426,22.009,20.864666666666665,22.85,22.95,21.63,,3.125443880075648,-0.0035010940919038007,-0.007843137254901949,0.05270457697642167,
2017-06-12,22.81,22.795714285714286,22.667142857142856,22.041666666666668,20.90277777777778,22.74,,,19.63,3.1271990362962967,0.003078276165347418,,,0.1619969434538971
2017-06-13,23.05,22.82428571428571,22.736428571428572,22.089333333333336,20.943666666666665,22.62,22.49,,20.09,3.1376657694426577,0.019009725906277617,0.02489995553579379,,0.14733698357391742
2017-06-14,23.36,22.912857142857145,22.807142857142857,22.13266666666667,20.986555555555555,23.01,22.42,21.26,20.02,3.151025157960026,0.015210777922642235,0.041926851025869655,0.09877704609595474,0.16683316683316682
2017-06-15,23.03,22.97142857142857,22.822857142857142,22.170333333333335,21.025777777777776,22.77,22.65,21.51,20.16,3.136797713832594,0.011418533157663661,0.01677704194260497,0.07066480706648068,0.14236111111111116
2017-06-16,22.79,22.939999999999998,22.81142857142857,22.212,21.069444444444443,22.77,22.85,20.96,,3.126321843257593,0.0008783487044356422,-0.0026258205689278892,0.08730916030534343,
2017-06-19,22.92,22.961428571428574,22.842142857142857,22.259000000000004,21.10977777777778,22.81,22.74,,19.76,3.132009891846539,0.004822446295484568,0.007915567282322044,,0.15991902834008095
2017-06-20,22.47,22.91857142857143,22.845714285714283,22.29433333333333,21.137555555555558,23.05,22.62,,19.8,3.112181086197238,-0.025162689804772313,-0.006631299734748105,,0.13484848484848475
2017-06-21,22.54,22.88,22.837857142857143,22.31766666666667,21.168000000000003,23.36,23.01,21.57,19.92,3.11529150861163,-0.03510273972602741,-0.02042590178183409,0.04496986555401015,0.13152610441767054
2017-06-22,22.33,22.777142857142856,22.800714285714285,22.341,21.195666666666664,23.03,22.77,22.08,19.94,3.1059310658520665,-0.030395136778115624,-0.0193236714975846,0.011322463768115944,0.11985957873620846
2017-06-23,22.4,22.639999999999997,22.77642857142857,22.368333333333332,21.226111111111113,22.79,22.77,22.37,,3.109060958860994,-0.017112768758227318,-0.016249451032059773,0.0013410818059900573,
2017-06-26,22.64,22.584285714285716,22.777857142857147,22.415333333333333,21.256444444444444,22.92,22.81,,20.82,3.119718253334982,-0.012216404886562003,-0.0074528715475667764,,0.08741594620557158
2017-06-27,22.71,22.572857142857142,22.756428571428568,22.463666666666665,21.288333333333334,22.47,23.05,,20.64,3.122805356117467,0.01068090787716965,-0.014750542299349235,,0.10029069767441862
2017-06-28,22.96,22.578571428571426,22.77,22.512,21.32,22.54,23.36,,20.73,3.133753571451366,0.018633540372670884,-0.017123287671232817,,0.10757356488181381
2017-06-29,22.85,22.63285714285714,22.775714285714287,22.575,21.350555555555555,22.33,23.03,22.49,20.61,3.128951117340214,0.023287057769816533,-0.007815892314372545,0.01600711427301036,0.10868510431829219
2017-06-30,22.83,22.674285714285713,22.777142857142856,22.635666666666665,21.38288888888889,22.4,22.79,22.42,,3.1280754605417043,0.01919642857142856,0.0017551557700745569,0.01828724353256006,
2017-07-03,23.02,22.772857142857145,22.775000000000002,22.693666666666665,21.42077777777778,22.64,22.92,,20.51,3.1363634032937364,0.016784452296819744,0.004363001745200604,,0.12237932715748405
2017-07-05,23.04,22.864285714285717,22.752142857142854,22.742666666666665,21.459333333333333,22.96,22.54,22.74,20.91,3.1372318358276905,0.0034843205574912146,0.022182786157941437,0.013192612137203198,0.10186513629842175
2017-07-06,22.88,22.898571428571426,22.74142857142857,22.769333333333336,21.491666666666667,22.85,22.33,22.62,21.1,3.130263166511597,0.0013129102844637891,0.024630541871921215,0.01149425287356313,0.0843601895734596
2017-07-07,23.36,22.99142857142857,22.782142857142855,22.802333333333333,21.529444444444444,22.83,22.4,23.01,,3.151025157960026,0.023215067893123137,0.0428571428571429,0.015210777922642235,
2017-07-10,23.11,23.012857142857143,22.795714285714286,22.812333333333335,21.558444444444444,23.02,22.64,,21.54,3.1402654242862895,0.00390964378801042,0.020759717314487582,,0.07288765088207987
2017-07-11,22.93,23.024285714285718,22.82857142857143,22.811666666666667,21.592222222222222,,22.71,,21.2,3.132446096869813,,0.009687362395420469,,0.08160377358490568
2017-07-12,23.29,23.09,22.882142857142856,22.83833333333333,21.626555555555555,23.04,22.96,22.81,20.73,3.1480240838962494,0.010850694444444444,0.014372822299651493,0.02104340201665938,0.12349252291365165
2017-07-13,23.75,23.194285714285716,22.983571428571427,22.882666666666662,21.674777777777777,22.88,22.85,23.05,,3.1675825304806504,0.03802447552447557,0.03938730853391678,0.030368763557483698,
2017-07-14,23.43,23.25,23.057142857142857,22.908666666666665,21.721111111111114,23.36,22.83,23.36,,3.1540172525197043,0.002996575342465766,0.026281208935611103,0.002996575342465766,
2017-07-17,23.53,23.342857142857145,23.120714285714286,22.93133333333333,21.767222222222223,23.11,23.02,,20.79,3.158276202739271,0.018173950670705395,0.022154648132059147,,0.1317941317941319
2017-07-18,23.26,23.32857142857143,23.16,22.948666666666668,21.813666666666666,22.93,,,21.2,3.1467351470905185,0.014391626689925942,,,0.09716981132075483
2017-07-19,23.33,23.359999999999996,23.18642857142857,22.972333333333335,21.85022222222222,23.29,23.04,22.92,21.39,3.1497400860333387,0.0017174753112923636,0.01258680555555552,0.017888307155322712,0.09069658719027572
2017-07-20,23.33,23.417142857142856,23.220714285714283,22.982999999999997,21.88677777777778,23.75,22.88,22.47,21.53,3.1497400860333387,-0.01768421052631586,0.019667832167832137,0.03827325322652423,0.08360427310729202
2017-07-21,23.45,23.439999999999998,23.264999999999997,23.005666666666666,21.929222222222222,23.43,23.36,22.54,,3.1548704948922883,0.0008536064874092861,0.0038527397260273914,0.04037267080745342,
2017-07-24,22.76,23.298571428571428,23.24642857142857,23.005333333333333,21.95888888888889,23.53,23.11,,22.47,3.1250046092581303,-0.03272418189545259,-0.015144958892254343,,0.012906097018246672
2017-07-25,22.77,23.20428571428571,23.22714285714286,23.004,21.989444444444448,23.26,22.93,,22.25,3.125443880075648,-0.021066208082545227,-0.006977758395115575,,0.023370786516853915
2017-07-26,22.07,22.995714285714286,23.169285714285714,22.971333333333334,22.010666666666665,23.33,23.29,22.64,22.14,3.094219220268645,-0.05400771538791248,-0.05238299699441816,-0.025176678445229694,-0.003161698283649516
2017-07-27,21.71,22.774285714285714,23.05142857142857,22.91633333333333,22.026444444444447,23.33,23.75,22.71,21.83,3.0777729838902004,-0.06943849121303033,-0.08589473684210523,-0.04403346543372963,-0.005497022446174872
2017-07-28,22.06,22.592857142857138,22.976428571428567,22.884,22.052,23.45,23.43,22.96,,3.0937660138253564,-0.059275053304904075,-0.05847204438753739,-0.0391986062717771,
2017-07-31,21.93,22.392857142857142,22.904999999999998,22.85533333333333,22.07566666666667,22.76,23.53,,22.06,3.0878555624297968,-0.036467486818980745,-0.06799830004249899,,-0.005893019038984542
2017-08-01,21.98,22.18285714285714,22.81142857142857,22.823999999999998,22.098555555555556,22.77,23.26,,21.9,3.090132948975475,-0.03469477382520857,-0.05503009458297511,,0.003652968036529765
2017-08-02,22.13,22.092857142857138,22.695714285714285,22.812666666666665,22.122888888888887,22.07,23.33,23.02,21.54,3.0969341540629585,0.002718622564567228,-0.05143591941705955,-0.03866203301476979,0.02739090064995357
2017-08-03,22.13,22.001428571428573,22.602857142857143,22.798999999999996,22.143333333333334,21.71,23.33,,21.51,3.0969341540629585,0.019345923537540218,-0.05143591941705955,,0.028823802882380168
2017-08-04,22.43,22.05285714285714,22.524285714285714,22.802333333333333,22.16122222222222,22.06,23.45,23.04,,3.110399348532117,0.016772438803263873,-0.04349680170575691,-0.02647569444444442,
2017-08-07,22.14,22.114285714285717,22.444285714285712,22.79366666666667,22.177888888888887,21.93,22.76,,21.84,3.0973859272804907,0.009575923392612899,-0.02724077328646753,,0.013736263736263769
2017-08-08,21.81,22.07857142857143,22.335714285714285,22.766,22.189888888888888,21.98,22.77,,21.63,3.0823685802135374,-0.0077343039126479395,-0.04216073781291176,,0.008321775312066562
2017-08-09,21.85,22.06714285714286,22.23,22.737333333333332,22.203666666666667,22.13,22.07,23.11,21.58,3.084200921541599,-0.012652507907817334,-0.009968282736746664,-0.05452185201211588,0.012511584800741573
2017-08-10,21.46,21.992857142857144,22.087857142857143,22.687333333333335,22.212777777777777,22.13,21.71,22.93,21.23,3.0661907372025525,-0.03027564392227737,-0.011515430677107323,-0.06410815525512424,0.010833725859632616
2017-08-11,21.32,21.877142857142854,21.984999999999996,22.63633333333333,22.221777777777778,22.43,22.06,23.29,,3.0596455992976437,-0.049487293802942464,-0.033544877606527586,-0.08458565908115066,
2017-08-14,21.67,21.81142857142857,21.90642857142857,22.59766666666667,22.233999999999998,22.14,21.93,,21.51,3.075928815548268,-0.02122854561878947,-0.011855905152758688,,0.00743840074384008
2017-08-15,21.82,21.724285714285717,21.888571428571428,22.557666666666666,22.24411111111111,21.81,21.98,,20.96,3.0828269804049246,0.00045850527281070903,-0.0072793448589627,,0.04103053435114501
2017-08-16,21.81,21.677142857142858,21.895714285714288,22.516666666666666,22.252000000000002,21.85,22.13,23.53,21.01,3.0823685802135374,-0.0018306636155607642,-0.014460009037505661,-0.07309817254568646,0.038077106139933224
2017-08-17,20.49,21.488571428571426,21.78357142857143,22.437,22.243555555555556,21.46,22.13,23.26,21.28,3.0199369622508083,-0.0452003727865798,-0.07410754631721647,-0.1190885640584696,-0.037124060150376066
2017-08-18,20.28,21.264285714285712,21.665714285714284,22.334333333333333,22.229555555555557,21.32,22.43,23.33,,3.0096351787229825,-0.04878048780487801,-0.09585376727596961,-0.13073296185169297,
2017-08-21,20.2,21.084285714285716,21.53857142857143,22.237333333333332,22.218444444444444,21.67,22.14,,22.08,3.005682604407159,-0.06783571758191058,-0.08762420957542914,,-0.08514492753623185
2017-08-22,20.3,20.93857142857143,21.407857142857143,22.14966666666667,22.21366666666667,21.82,21.81,,22.37,3.0106208860477417,-0.06966086159486708,-0.06923429619440614,,-0.09253464461332142
2017-08-23,19.64,20.648571428571426,21.23,22.028000000000002,22.199444444444445,21.81,21.85,22.76,22.81,2.97756830292632,-0.09949564419990822,-0.10114416475972543,-0.13708260105448158,-0.13897413415168777
2017-08-24,19.34,20.294285714285714,21.009285714285713,21.881000000000004,22.183333333333334,20.49,21.46,22.77,22.95,2.9621754900251482,-0.05612493899463146,-0.09878844361602987,-0.15063680281071584,-0.15729847494553376
2017-08-25,19.85,20.014285714285712,20.845714285714287,21.761666666666667,22.168333333333333,20.28,21.32,22.07,,2.9882040071331994,-0.021203155818540417,-0.06894934333958719,-0.10058903488898953,
2017-08-28,19.59,19.885714285714283,20.687142857142856,21.630333333333333,22.148333333333333,20.2,21.67,,22.49,2.9750192319564492,-0.03019801980198017,-0.09598523304107068,,-0.1289461983103601
2017-08-29,19.71,19.804285714285715,20.534285714285716,21.512,22.128111111111114,20.3,21.82,,22.42,2.9811261211646287,-0.02906403940886699,-0.09670027497708522,,-0.12087421944692242
2017-08-30,19.72,19.735714285714288,20.41,21.391666666666666,22.105555555555554,19.64,21.81,21.93,22.65,2.9816333491744893,0.0040733197556007275,-0.0958276020174232,-0.10077519379844965,-0.12935982339955848
2017-08-31,19.81,19.665714285714284,20.302142857142858,21.274333333333335,22.076,19.34,20.49,21.98,22.85,2.9861868607104594,0.024301964839710387,-0.0331869204489995,-0.0987261146496816,-0.13304157549234147
2017-09-01,19.82,19.69142857142857,20.169999999999998,21.153333333333332,22.049,19.85,20.28,22.13,,2.986691528901842,-0.0015113350125945156,-0.022682445759368876,-0.10438319023949384,
2017-09-05,19.16,19.665714285714284,19.98,21.033333333333335,22.015888888888888,19.71,20.3,,23.01,2.9528247725427144,-0.02790461694571287,-0.05615763546798032,,-0.16731855714906568
2017-09-06,18.85,19.52285714285714,19.768571428571427,20.90266666666667,21.982777777777777,19.72,19.64,22.14,22.77,2.93651291389402,-0.0441176470588234,-0.040224032586558,-0.1485998193315266,-0.17215634606938948
2017-09-07,18.25,19.33142857142857,19.608571428571427,20.775333333333332,21.945333333333334,19.81,19.34,21.81,22.77,2.9041650800285006,-0.0787481070166582,-0.056359875904860385,-0.16322787712058684,-0.19850680720245936
2017-09-08,18.7,19.187142857142856,19.495714285714286,20.675,21.908,19.82,19.85,21.85,,2.928523523860541,-0.05650857719475282,-0.05793450881612101,-0.14416475972540055,
2017-09-11,19.38,19.138571428571428,19.437142857142856,20.585666666666665,21.88,,19.59,,23.05,2.96424160646262,,-0.01071975497702914,,-0.15921908893709336
2017-09-12,19.78,19.134285714285713,19.400000000000002,20.514000000000003,21.860444444444443,19.16,19.71,,23.36,2.984671326194566,0.03235908141962427,0.003551496702181648,,-0.15325342465753417
2017-09-13,19.35,19.06714285714286,19.379285714285714,20.426333333333336,21.836444444444446,18.85,19.72,21.67,23.03,2.962692419475791,0.02652519893899204,-0.01876267748478689,-0.10706045223811722,-0.15979157620495005
2017-09-14,19.37,19.09714285714286,19.381428571428575,20.334333333333337,21.813777777777776,18.25,19.81,21.82,22.79,2.9637254774189046,0.061369863013698685,-0.022211004543159905,-0.11228230980751601,-0.15006581834137772
2017-09-15,19.38,19.172857142857143,19.347857142857144,20.24266666666667,21.786444444444445,18.7,19.82,21.81,,2.96424160646262,0.03636363636363635,-0.02219979818365294,-0.11141678129298486,
2017-09-18,19.16,19.302857142857142,19.31714285714286,20.133666666666667,21.759,19.38,,,22.47,2.9528247725427144,-0.011351909184726464,,,-0.1473075211392968
2017-09-19,19.04,19.351428571428574,19.26928571428571,20.03033333333333,21.73077777777778,19.78,19.16,,22.54,2.9465420293632194,-0.037411526794742266,-0.006263048016701514,,-0.15527950310559008
2017-09-20,19.25,19.332857142857144,19.235714285714288,19.945,21.70877777777778,19.35,18.85,20.2,22.33,2.9575110607337933,-0.005167958656330822,0.021220159151193557,-0.047029702970296995,-0.13793103448275856
2017-09-21,18.9,19.207142857142856,19.170714285714286,19.846666666666668,21.682555555555556,19.37,18.25,20.3,22.4,2.9391619220655967,-0.02426432627774922,0.03561643835616431,-0.0689655172413794,-0.15625
2017-09-22,18.62,19.102857142857143,19.085,19.752,21.650444444444442,19.38,18.7,19.64,,2.924236271848921,-0.039215686274509706,-0.0042780748663100695,-0.051934826883910365,
2017-09-25,18.87,19.03142857142857,19.064285714285717,19.670333333333335,21.627222222222223,19.16,19.38,,22.71,2.9375733593804587,-0.015135699373695154,-0.02631578947368411,,-0.16908850726552177
2017-09-26,18.7,18.934285714285718,19.053571428571427,19.57133333333333,21.601555555555557,19.04,19.78,,22.96,2.928523523860541,-0.01785714285714285,-0.054600606673407576,,-0.1855400696864112
2017-09-27,18.55,18.84714285714286,19.075,19.462333333333333,21.57122222222222,19.25,19.35,19.59,22.85,2.920469789053444,-0.03636363636363633,-0.04134366925064603,-0.053088310362429766,-0.18818380743982496
2017-09-28,18.51,18.771428571428572,19.06142857142857,19.35233333333333,21.537222222222223,18.9,19.37,19.71,22.83,2.9183111265854063,-0.02063492063492048,-0.04439855446566853,-0.06088280060882797,-0.18922470433639935
2017-09-29,18.53,18.66857142857143,19.000714285714285,19.287,21.497777777777777,18.62,19.38,19.72,,2.9193910402972683,-0.004833512352309337,-0.04385964912280691,-0.06034482758620679,
2017-10-02,18.51,18.61285714285714,18.91,19.228,21.45488888888889,18.87,19.16,,,2.9183111265854063,-0.019077901430842575,-0.033924843423799506,,
2017-10-03,19.82,18.784285714285716,18.94357142857143,19.21533333333333,21.421666666666667,18.7,19.04,,23.04,2.986691528901842,0.0598930481283423,0.04096638655462191,,-0.1397569444444444
2017-10-04,19.33,18.85,18.940714285714286,19.183,21.381444444444444,18.55,19.25,,22.88,2.9616582932202395,0.0420485175202155,0.004155844155844067,,-0.15515734265734268
2017-10-05,19.29,18.934285714285714,18.934285714285714,19.171333333333333,21.345888888888886,18.51,18.9,19.16,23.36,2.9595868269176377,0.042139384116693546,0.020634920634920666,0.006784968684759865,-0.17422945205479454
2017-10-06,19.64,19.09,18.96857142857143,19.18133333333333,21.315,18.53,18.62,18.85,,2.97756830292632,0.059902860226659436,0.05477980665950588,0.04190981432360738,
2017-10-09,19.49,19.23,19.000714285714285,19.16933333333333,21.27988888888889,18.51,18.87,,22.93,2.9699015135194693,0.052944354403025216,0.03285638579756213,,-0.15002180549498478
2017-10-10,20.23,19.472857142857144,19.070714285714285,19.19066666666667,21.25077777777778,19.82,18.7,,23.29,3.007166651179654,0.020686175580222003,0.08181818181818189,,-0.13138686131386856
2017-10-11,20.53,19.76142857142857,19.187142857142856,19.218,21.226222222222223,19.33,18.55,19.38,23.75,3.0218872310308424,0.06207966890843264,0.10673854447439354,0.05933952528379784,-0.135578947368421
2017-10-12,20.34,19.835714285714285,19.310000000000002,19.238666666666667,21.200888888888887,19.29,18.51,19.78,23.43,3.012589390620414,0.054432348367029586,0.09886547811993507,0.028311425682507517,-0.13188220230473752
2017-10-13,20.37,19.984285714285715,19.41714285714286,19.257333333333335,21.171555555555557,19.64,18.53,19.35,,3.0140632302387145,0.037169042769857455,0.09929843497031839,0.052713178294573615,
2017-10-16,20.24,20.12,19.527142857142856,19.271333333333335,21.143444444444444,19.49,18.51,,23.26,3.0076608444192647,0.03848127244740893,0.09346299297676913,,-0.12983662940670693
2017-10-17,20.18,20.197142857142858,19.643571428571427,19.305333333333333,21.114666666666665,20.23,19.82,,23.33,3.004692014925463,-0.0024715768660405688,0.018163471241170504,,-0.13501928846978134
2017-10-18,20.07,20.28,19.755,19.346,21.08422222222222,20.53,19.33,19.16,23.33,2.9992261628082466,-0.02240623477837315,0.038282462493533474,0.047494780793319424,-0.13973424774967846
2017-10-19,20.34,20.295714285714286,19.884285714285713,19.415666666666667,21.054111111111112,20.34,19.29,19.04,23.45,3.012589390620414,0.0,0.054432348367029586,0.06827731092436978,-0.1326226012793177
2017-10-20,20.35,20.27,20.015714285714285,19.470666666666666,21.020666666666667,20.37,19.64,19.25,,3.013080911888604,-0.000981836033382404,0.03615071283095727,0.05714285714285722,
2017-10-23,19.88,20.204285714285714,20.02,19.487333333333336,20.985666666666667,20.24,19.49,,22.77,2.989714201228428,-0.017786561264822108,0.020010261672652675,,-0.12692138779095302
2017-10-24,20.62,20.240000000000002,20.112142857142857,19.51533333333333,20.961555555555556,20.18,20.23,,22.07,3.026261478588814,0.02180376610505457,0.01927829955511619,,-0.06570004531037604
2017-10-25,19.72,20.165714285714284,20.142857142857142,19.527666666666665,20.926,20.07,20.53,18.87,21.71,2.9816333491744893,-0.017438963627304505,-0.03945445689235276,0.04504504504504493,-0.09166282818977439
2017-10-26,19.59,20.08142857142857,20.139285714285712,19.535,20.894,20.34,20.34,18.7,22.06,2.9750192319564492,-0.03687315634218289,-0.03687315634218289,0.04759358288770057,-0.11196736174070712
2017-10-27,19.38,19.982857142857142,20.131428571428568,19.535,20.858888888888888,20.35,20.37,18.55,,2.96424160646262,-0.047665847665847784,-0.04860088365243014,0.044743935309972956,
2017-10-30,18.94,19.782857142857146,20.03928571428571,19.527666666666665,20.82122222222222,19.88,20.24,,21.98,2.9412760877579323,-0.047283702213279565,-0.06422924901185757,,-0.13830755232029113
2017-10-31,19.15,19.611428571428572,19.940714285714286,19.531333333333336,20.78511111111111,20.62,20.18,,22.13,2.952302715626655,-0.07129000969932116,-0.05104063429137766,,-0.13465883416177138
2017-11-01,18.95,19.478571428571428,19.84142857142857,19.521333333333335,20.74411111111111,19.72,20.07,18.51,22.13,2.9418039315284354,-0.03904665314401621,-0.05580468360737424,0.023770934629929644,-0.14369633981021238
2017-11-02,18.92,19.235714285714288,19.73785714285714,19.522000000000002,20.702,19.59,20.34,19.82,22.43,2.9402195636237325,-0.03420112302194988,-0.06981317600786618,-0.045408678102926266,-0.1564868479714667
2017-11-03,19.19,19.16,19.662857142857145,19.541,20.660111111111114,19.38,20.35,19.33,,2.9543893100196086,-0.009803921568627335,-0.057002457002457006,-0.00724262803931697,
2017-11-06,19.32,19.12142857142857,19.601428571428574,19.556,20.62088888888889,18.94,19.88,,21.81,2.961140828784372,0.020063357972544826,-0.02816901408450698,,-0.11416781292984862
2017-11-07,18.92,19.055714285714284,19.51928571428571,19.563333333333333,20.577444444444446,19.15,20.62,,21.85,2.9402195636237325,-0.012010443864229602,-0.08244422890397668,,-0.1340961098398169
2017-11-08,18.8,19.035714285714285,19.409285714285716,19.57166666666667,20.530555555555555,18.95,19.72,19.49,21.46,2.9338568698359038,-0.007915567282321826,-0.04665314401622709,-0.0354027706516161,-0.1239515377446412
2017-11-09,18.83,18.990000000000002,19.300714285714285,19.582333333333334,20.483777777777778,18.92,19.59,20.23,21.32,2.935451342669061,-0.004756871035940983,-0.038795303726391096,-0.06920415224913505,-0.11679174484052542
2017-11-10,18.99,18.995714285714286,19.237142857142857,19.597666666666665,20.440555555555555,19.19,19.38,20.53,,2.9439125248241944,-0.010422094841063202,-0.020123839009287957,-0.07501217730151011,
2017-11-13,18.95,19.0,19.11785714285714,19.612333333333332,20.391555555555556,19.32,18.94,,21.82,2.9418039315284354,-0.01915113871635616,0.0005279831045405496,,-0.13153070577451884
2017-11-14,19.63,19.062857142857144,19.111428571428572,19.606,20.352888888888888,18.92,19.15,,21.81,2.9770590082883697,0.03752642706131064,0.025065274151436057,,-0.09995414947271893
2017-11-15,20.15,19.18142857142857,19.15142857142857,19.633333333333333,20.322,18.8,18.95,20.24,20.49,3.0032042883926917,0.07180851063829775,0.06332453825857516,-0.004446640316205527,-0.01659346022449975
2017-11-16,20.26,19.37285714285714,19.214285714285715,19.665666666666667,20.288333333333334,18.83,18.92,20.18,20.28,3.0086484988205373,0.0759426447158791,0.07082452431289639,0.003964321110010003,-0.0009861932938855806
2017-11-17,19.99,19.542857142857144,19.289285714285715,19.677333333333333,20.246555555555556,18.99,19.19,20.07,,2.995232148512309,0.05265929436545551,0.041688379364252064,-0.003986048829098248,
2017-11-20,19.78,19.678571428571427,19.334285714285716,19.687,20.206,18.95,19.32,,20.3,2.984671326194566,0.04379947229551461,0.023809523809523853,,-0.02561576354679801
2017-11-21,19.98,19.819999999999997,19.407857142857143,19.67866666666667,20.166555555555554,19.63,18.92,,19.64,2.9947317732204075,0.017829852266938433,0.05602536997885828,,0.017311608961303456
2017-11-22,19.9,19.955714285714286,19.477857142857143,19.657666666666668,20.129222222222225,20.15,18.8,19.88,19.34,2.990719731730447,-0.01240694789081886,0.058510638297872224,0.0010060362173038016,0.02895553257497408
2017-11-24,19.84,19.985714285714288,19.524285714285714,19.641000000000002,20.090444444444447,19.99,18.99,19.72,,2.987700101856727,-0.007503751875937898,0.044760400210637256,0.006085192697768814,
2017-11-27,19.68,19.91857142857143,19.55,19.618,20.04988888888889,19.78,18.95,,19.71,2.9796028916241073,-0.005055611729019283,0.03852242744063327,,-0.0015220700152207577
2017-11-28,20.12,19.898571428571426,19.635714285714283,19.613999999999997,20.012888888888888,19.98,19.63,,19.72,3.0017143452315387,0.007007007007007036,0.024961793173713807,,0.02028397565922932
2017-11-29,20.96,20.037142857142857,19.789999999999996,19.64,19.99288888888889,19.9,20.15,18.94,19.81,3.0426158594528414,0.053266331658291574,0.04019851116625322,0.10665258711721222,0.05805148914689562
2017-11-30,21.47,20.27857142857143,19.978571428571428,19.686666666666667,19.978444444444445,,20.26,19.15,19.82,3.0666566118906897,,0.05972359328726541,0.12114882506527418,0.08324924318869821
2017-12-01,21.31,20.46857142857143,20.14428571428571,19.718999999999998,19.97,19.84,19.99,18.95,,3.0591764461105257,0.07409274193548382,0.06603301650825415,0.12453825857519786,
2017-12-04,21.97,20.764285714285712,20.359999999999996,19.773000000000003,19.97288888888889,19.68,19.78,,19.16,3.089677886396519,0.11636178861788614,0.11071789686552061,,0.14665970772442583
2017-12-05,21.66,21.024285714285714,20.505,19.83233333333333,19.968444444444444,20.12,19.98,,18.85,3.0754672415728446,0.07654075546719677,0.08408408408408406,,0.1490716180371352
2017-12-06,21.62,21.30142857142857,20.610000000000003,19.865666666666666,19.965,20.96,19.9,19.32,18.25,3.073618812211062,0.031488549618320615,0.08643216080402023,0.11904761904761908,0.18465753424657538
2017-12-07,21.87,21.55142857142857,20.725,19.937333333333335,19.96377777777778,21.47,,18.92,18.7,3.0851158346886765,0.018630647414997772,,0.15591966173361518,0.1695187165775402
2017-12-08,22.08,21.711428571428574,20.874285714285715,20.020333333333333,19.96322222222222,21.31,19.84,18.8,,3.0946722214088944,0.03613327076489909,0.11290322580645154,0.17446808510638284,
2017-12-11,22.19,21.814285714285717,21.04642857142857,20.113999999999997,19.96388888888889,21.97,19.68,,19.78,3.0996417369445024,0.010013654984069295,0.12754065040650414,,0.121840242669363
2017-12-12,21.59,21.854285714285716,21.161428571428576,20.202333333333335,19.954555555555558,21.66,20.12,,19.35,3.072230244526716,-0.003231763619575267,0.0730616302186878,,0.1157622739018087
2017-12-13,21.49,21.785714285714285,21.275,20.28033333333333,19.947333333333333,21.62,20.96,18.95,19.37,3.067587710654419,-0.006012950971322967,0.025286259541984615,0.13403693931398414,0.10944759938048515
2017-12-14,21.18,21.717142857142857,21.370714285714286,20.354666666666667,19.940333333333335,21.87,21.47,19.63,19.38,3.0530573401732606,-0.031550068587105684,-0.013507219375873273,0.07896077432501278,0.09287925696594432
2017-12-15,21.29,21.669999999999998,21.485714285714288,20.433666666666667,19.93411111111111,22.08,21.31,20.15,,3.058237478905388,-0.03577898550724634,-0.0009385265133739828,0.05657568238213403,
2017-12-18,21.82,21.662857142857142,21.607142857142858,20.521333333333335,19.938111111111112,22.19,21.97,,19.04,3.0828269804049246,-0.01667417755745836,-0.0068274920345925616,,0.1460084033613446
2017-12-19,21.59,21.592857142857138,21.652142857142856,20.596999999999998,19.94111111111111,21.59,21.66,,19.25,3.072230244526716,0.0,-0.003231763619575267,,0.12155844155844155
2017-12-20,21.96,21.56,21.687142857142856,20.698333333333334,19.944333333333333,21.49,21.62,19.78,18.9,3.08922261664133,0.021870637505816772,0.015726179463459753,0.11021233569261879,0.16190476190476202
2017-12-21,22.43,21.68,21.767142857142858,20.81933333333333,19.95111111111111,21.18,21.87,19.98,18.62,3.110399348532117,0.059017941454202076,0.025605852766346533,0.12262262262262258,0.20461868958109553
2017-12-22,22.44,21.815714285714286,21.80071428571429,20.939666666666668,19.958111111111112,21.29,22.08,19.9,,3.110845080654496,0.05401596993893857,0.01630434782608709,0.12763819095477402,
2017-12-26,22.58,22.01571428571429,21.86642857142857,21.05933333333333,19.981333333333332,21.59,21.59,,18.55,3.1170645587215158,0.04585456229735982,0.04585456229735982,,0.2172506738544473
2017-12-27,22.5,22.18857142857143,21.929285714285715,21.177666666666664,20.006,21.96,21.49,19.68,18.51,3.1135153092103742,0.02459016393442619,0.046998604001861406,0.14329268292682928,0.21555915721231755
2017-12-28,22.54,22.291428571428575,21.97714285714286,21.27466666666667,20.032,22.43,21.18,20.12,18.53,3.11529150861163,0.004904146232724005,0.06421152030217184,0.12027833001988061,0.21640582838640032
2017-12-29,22.34,22.398571428571433,21.995714285714286,21.347666666666665,20.054666666666666,22.44,21.29,20.96,,3.1063787936410545,-0.004456327985739814,0.049318929074682986,0.06583969465648849,
2018-01-02,22.38,22.458571428571428,22.009285714285713,21.418333333333333,20.08511111111111,22.58,21.59,,19.33,3.108167702883779,-0.008857395925597844,0.03659101435849926,,0.15778582514226597
2018-01-03,21.59,22.33857142857143,22.009285714285713,21.471666666666668,20.110111111111113,22.5,21.96,21.97,19.29,3.072230244526716,-0.04044444444444445,-0.016848816029143943,-0.017296313154301277,0.11923276308968382
2018-01-04,21.69,22.231428571428573,22.023571428571433,21.535333333333334,20.130555555555556,22.54,22.43,21.66,19.64,3.076851324838783,-0.03771073646850035,-0.03299152920196159,0.0013850415512465899,0.10437881873727091
2018-01-05,21.38,22.060000000000002,22.037857142857145,21.582,20.150444444444442,22.34,22.44,21.62,,3.062455905596899,-0.04297224709042081,-0.047237076648841456,-0.011100832562442275,
2018-01-08,21.28,21.88571428571429,22.037142857142857,21.628,20.16788888888889,,,,20.23,3.0577676644734435,,,,0.05190311418685124
2018-01-09,21.47,21.732857142857142,22.01214285714286,21.682333333333336,20.187333333333335,22.38,22.58,,20.53,3.0666566118906897,-0.04066130473637177,-0.04915854738706818,,0.04578665367754494
2018-01-10,21.59,21.625714285714285,22.01214285714286,21.746,20.20711111111111,21.59,22.5,22.19,20.34,3.072230244526716,0.0,-0.04044444444444445,-0.027039206849932464,0.06145526057030482
2018-01-11,22.34,21.62,22.039285714285715,21.82,20.235111111111113,21.69,22.54,21.59,20.37,3.1063787936410545,0.02996772706316268,-0.008873114463176544,0.03473830477072719,0.09671084928816881
2018-01-12,22.93,21.811428571428568,22.074999999999996,21.885666666666665,20.276999999999997,21.38,22.34,21.49,,3.132446096869813,0.07249766136576243,0.026410026857654426,0.06700791065611919,
2018-01-16,22.3,21.898571428571426,22.064999999999998,21.913333333333334,20.31533333333333,21.47,22.38,,20.07,3.104586678466073,0.03865859338612026,-0.003574620196604035,,0.11111111111111113
2018-01-17,22.45,22.05142857142857,22.055714285714284,21.95133333333333,20.362,21.59,21.59,21.82,20.34,3.1112906141882632,0.03983325613710048,0.03983325613710048,0.02887259395050408,0.1037364798426745
2018-01-18,22.48,22.222857142857144,22.054285714285715,21.96833333333333,20.404,22.34,21.69,21.59,20.35,3.1126260250254902,0.006266786034019721,0.03642231443061315,0.041222788327929624,0.10466830466830461
2018-01-19,22.57,22.38,22.05642857142857,21.99866666666667,20.439444444444444,22.93,21.38,21.96,,3.1166215908294443,-0.015699956389010006,0.05565949485500474,0.027777777777777752,
2018-01-22,22.59,22.52285714285714,22.074285714285715,22.031000000000002,20.470666666666666,,21.28,,20.62,3.1175073304799117,,0.06156015037593979,,0.09553831231813767
2018-01-23,22.53,22.55,22.085,22.053,20.506,22.3,21.47,,19.72,3.114847754444153,0.010313901345291499,0.049371215649743935,,0.14249492900608532
2018-01-24,22.05,22.42428571428572,22.11785714285714,22.052,20.535777777777778,22.45,21.59,,19.59,3.093312601892855,-0.017817371937639135,0.021306160259379384,,0.12557427258805517
2018-01-25,20.69,22.194285714285716,22.04642857142857,22.002000000000002,20.550333333333334,22.48,22.34,22.58,19.38,3.029650491757452,-0.07962633451957292,-0.07385854968666064,-0.08370239149689979,0.06759545923632623
2018-01-26,20.5,21.91571428571429,21.983571428571427,21.965666666666667,20.565222222222225,22.57,22.93,22.5,,3.0204248861443626,-0.0917146654851573,-0.10597470562581769,-0.08888888888888889,
2018-01-29,20.28,21.601428571428574,21.91214285714286,21.925333333333334,20.579,22.59,,,19.15,3.0096351787229825,-0.1022576361221779,,,0.05900783289817246
2018-01-30,20.65,21.327142857142857,21.853571428571428,21.907666666666668,20.594555555555555,22.53,22.3,,18.95,3.027715319407042,-0.08344429649356425,-0.07399103139013462,,0.08970976253298149
2018-01-31,20.86,21.080000000000002,21.801428571428573,21.89333333333333,20.616333333333333,22.05,22.45,,18.92,3.0378334495726262,-0.053968253968254026,-0.07082405345211581,,0.10253699788583497
2018-02-01,20.94,20.852857142857143,21.701428571428572,21.864,20.64211111111111,20.69,22.48,22.38,19.19,3.041661205442391,0.01208313194780087,-0.06850533807829177,-0.0643431635388739,0.09119332985930172
2018-02-02,20.33,20.607142857142858,21.51571428571429,21.822,20.658333333333335,20.5,22.57,21.59,,3.012097627640255,-0.008292682926829352,-0.09924678777137802,-0.05836035201482175,
2018-02-05,19.82,20.482857142857142,21.33857142857143,21.750666666666667,20.670777777777776,20.28,22.59,,18.92,2.986691528901842,-0.022682445759368876,-0.1226206285967242,,0.047568710359407955
2018-02-06,20.35,20.461428571428574,21.188571428571432,21.681333333333335,20.69077777777778,20.65,22.53,,18.8,3.013080911888604,-0.014527845036319476,-0.09675987572126052,,0.08244680851063833
2018-02-07,20.385,20.476428571428574,21.038928571428574,21.612833333333334,20.71161111111111,20.86,22.05,21.28,18.83,3.0147993362712167,-0.02277085330776596,-0.07551020408163261,-0.042058270676691704,0.08258098778544894
2018-02-08,19.83,20.35928571428571,20.843214285714286,21.521166666666666,20.726055555555554,20.94,20.69,21.47,18.99,2.9871959425317045,-0.05300859598853882,-0.041565973900435135,-0.07638565440149048,0.04423380726698262
2018-02-09,19.89,20.220714285714283,20.65035714285714,21.434166666666666,20.741388888888892,20.33,20.5,21.59,,2.9902170928658807,-0.02164289227742242,-0.02975609756097558,-0.07874015748031493,
2018-02-12,19.87,20.067857142857143,20.46035714285714,21.345166666666664,20.741944444444442,19.82,20.28,,19.63,2.9892110565637253,0.002522704339051499,-0.02021696252465484,,0.012226184411614978
2018-02-13,19.96,20.015000000000004,20.31107142857143,21.265833333333333,20.748944444444444,20.35,20.65,,20.15,2.993730270883318,-0.01916461916461919,-0.033414043583535,,-0.00942928039702222
2018-02-14,20.14,20.060714285714287,20.271785714285716,21.191166666666668,20.75838888888889,20.385,20.86,,20.26,3.0027078872904163,-0.012018641157714054,-0.034515819750719025,,-0.00592300098716688
2018-02-15,20.3,20.053571428571427,20.2575,21.14816666666667,20.765722222222223,19.83,20.94,22.3,19.99,3.0106208860477417,0.02370146243066074,-0.03056351480420251,-0.08968609865470852,0.015507753876938583
2018-02-16,20.3,20.041428571428572,20.258928571428573,21.10183333333333,20.77472222222222,19.89,20.33,22.45,,3.0106208860477417,0.02061337355455003,-0.001475651746187781,-0.09576837416481063,
2018-02-20,20.02,20.068571428571428,20.21392857142857,21.056499999999996,20.772388888888887,19.96,20.35,,19.9,2.9967317738870745,0.003006012024048032,-0.016216216216216307,,0.006030150753768894
2018-02-21,20.74,20.189999999999998,20.205357142857142,21.0385,20.77472222222222,20.14,20.385,22.59,,3.032064202801381,0.029791459781529188,0.017414765759136464,-0.08189464364763176,
2018-02-22,20.85,20.330000000000002,20.19892857142857,21.017833333333332,20.780388888888886,20.3,19.83,22.53,19.84,3.0373539482448106,0.027093596059113333,0.05143721633888065,-0.07456724367509986,0.05090725806451621
2018-02-23,21.32,20.524285714285718,20.269642857142856,21.008833333333335,20.790944444444445,20.3,19.89,22.05,,3.0596455992976437,0.05024630541871919,0.07189542483660129,-0.03310657596371884,
2018-02-26,21.73,20.75142857142857,20.40607142857143,20.9885,20.8075,,19.87,,20.12,3.078693794268338,,0.0936084549572219,,0.08001988071570573
2018-02-27,21.35,20.90142857142857,20.4775,20.935833333333335,20.8205,20.02,19.96,,20.96,3.0610517396746335,0.06643356643356653,0.06963927855711426,,0.01860687022900766
2018-02-28,21.05,21.00857142857143,20.525000000000002,20.894166666666667,20.83138888888889,20.74,20.14,20.28,21.47,3.0469005601283903,0.014946962391514093,0.045183714001986106,0.03796844181459564,-0.01956217978574747
2018-03-01,21.08,21.16,20.614285714285717,20.8485,20.83961111111111,20.85,20.3,20.65,21.31,3.0483247236731614,0.011031175059951888,0.038423645320196924,0.0208232445520581,-0.010793054903801053
2018-03-02,21.29,21.23857142857143,20.714285714285715,20.808833333333336,20.850055555555556,21.32,20.3,20.86,,3.058237478905388,-0.001407129455909997,0.04876847290640386,0.020613614573346106,
2018-03-05,21.27,21.298571428571428,20.814285714285717,20.7655,20.8655,21.73,,,21.66,3.0572976292121457,-0.0211688909341924,,,-0.018005540166205012
2018-03-06,21.44,21.315714285714286,20.919999999999998,20.727166666666665,20.87461111111111,21.35,20.02,,21.62,3.0652583362026014,0.004215456674473061,0.07092907092907101,,-0.008325624421831624
2018-03-07,21.5,21.282857142857143,21.017142857142858,20.692833333333333,20.89438888888889,21.05,20.74,19.82,21.87,3.068052935133617,0.021377672209026095,0.03664416586306662,0.08476286579212915,-0.0169181527206219
2018-03-08,21.71,21.334285714285716,21.11785714285714,20.681500000000003,20.917944444444444,21.08,20.85,20.35,22.08,3.0777729838902004,0.029886148007590256,0.0412470023980815,0.0668304668304668,-0.01675724637681148
2018-03-09,22.0,21.47,21.23928571428571,20.725166666666667,20.947055555555554,21.29,21.32,20.385,,3.091042453358316,0.03334899013621423,0.03189493433395871,0.07922492028452285,
2018-03-12,22.04,21.607142857142858,21.38357142857143,20.7765,20.9815,21.27,21.73,,21.59,3.092858984284714,0.03620122237893745,0.01426599171652088,,0.02084298286243628
2018-03-13,22.35,21.75857142857143,21.49857142857143,20.8455,21.017055555555558,21.44,21.35,,21.49,3.106826321059578,0.04244402985074627,0.046838407494145196,,0.04001861330851573
2018-03-14,22.34,21.91142857142857,21.605,20.901833333333336,21.05472222222222,21.5,21.05,19.87,21.18,3.1063787936410545,0.039069767441860456,0.061282660332541525,0.12430800201308499,0.054768649669499535
2018-03-15,22.26,22.028571428571432,21.672142857142855,20.948500000000003,21.091833333333334,21.71,21.08,19.96,21.29,3.102791345847399,0.025333947489636143,0.055977229601518186,0.11523046092184372,0.04556129638327865
2018-03-16,22.59,22.184285714285718,21.73357142857143,21.0035,21.12961111111111,22.0,21.29,20.14,,3.1175073304799117,0.02681818181818181,0.061061531235321785,0.12164846077457792,
2018-03-19,22.17,22.25,21.792142857142856,21.064833333333336,21.161277777777777,22.04,21.27,,21.59,3.09874002362822,0.0058983666061707156,0.04231311706629065,,0.02686428902269578
2018-03-20,22.3,22.292857142857144,21.881428571428568,21.147499999999997,21.198833333333333,22.35,21.44,,21.96,3.104586678466073,-0.0022371364653244164,0.04011194029850743,,0.015482695810564657
2018-03-21,21.78,22.255714285714287,21.931428571428572,21.19516666666667,21.231944444444444,22.34,21.5,,22.43,3.0809921175048145,-0.025067144136078724,0.013023255813953541,,-0.028979045920641933
2018-03-22,21.27,22.101428571428567,21.93,21.224666666666668,21.259055555555555,22.26,21.71,20.02,22.44,3.0572976292121457,-0.04447439353099739,-0.02026715799170895,0.06243756243756244,-0.05213903743315515
2018-03-23,20.84,21.88714285714286,21.899285714285714,21.258333333333333,21.279611111111112,22.59,22.0,20.74,,3.0368742168851663,-0.07746790615316512,-0.052727272727272734,0.004821600771456192,
2018-03-26,20.48,21.632857142857144,21.830714285714286,21.278000000000002,21.296611111111112,22.17,22.04,,22.58,3.019448800171307,-0.07622913847541728,-0.07078039927404713,,-0.0930026572187776
2018-03-27,19.95,21.255714285714284,21.72,21.28066666666667,21.30016666666667,22.3,22.35,,22.5,2.9932291433358724,-0.10538116591928257,-0.10738255033557056,,-0.11333333333333337
2018-03-28,20.17,20.970000000000002,21.610000000000003,21.287666666666667,21.30038888888889,21.78,22.34,21.73,22.54,3.0041963519661206,-0.07392102846648298,-0.0971351835273052,-0.07179015186378272,-0.10514640638864231
2018-03-29,20.32,20.687142857142856,21.490000000000002,21.29366666666667,21.301055555555557,21.27,22.26,21.35,22.34,3.011605622710281,-0.044663845792195546,-0.08715184186882305,-0.048243559718969604,-0.09042076991942702
2018-04-02,19.73,20.39428571428571,21.325,21.27466666666667,21.298166666666667,20.48,22.17,,22.38,2.982140320034524,-0.03662109375,-0.1100586377988273,,-0.11840929401251112
2018-04-03,20.15,20.23428571428571,21.167857142857144,21.26966666666667,21.30227777777778,19.95,22.3,,21.59,3.0032042883926917,0.010025062656641569,-0.09641255605381176,,-0.06669754515979626
2018-04-04,20.48,20.18285714285714,21.035,21.285000000000004,21.30783333333333,20.17,21.78,21.27,21.69,3.019448800171307,0.015369360436291458,-0.059687786960514265,-0.037141513869299446,-0.05578607653296454
2018-04-05,20.64,20.205714285714286,20.919285714285714,21.28166666666667,21.316055555555554,20.32,21.27,21.44,21.38,3.027230940613362,0.015748031496063006,-0.02961918194640334,-0.03731343283582093,-0.03461178671655746
2018-04-06,20.12,20.23,20.74285714285714,21.257333333333335,21.319166666666664,,20.84,21.5,,3.0017143452315387,,-0.034548944337811846,-0.06418604651162786,
