timestamp,HA,HA_rolling_7_day_avg,HA_rolling_14_day_avg,HA_rolling_30_day_avg,HA_rolling_90_day_avg,HA_last_close,HA_7_days_ago,HA_14_days_ago,HA_30_days_ago,HA_90_days_ago,HA_log_price,HA_pct_change_7_days,HA_pct_change_14_days,HA_pct_change_30_days,HA_pct_change_90_days
2016-10-03,49.99,,,,,,,,,,3.911822985425479,,,,
2016-10-04,50.63,,,,,49.99,,,,,3.924544285981818,,,,
2016-10-05,50.83,,,,,50.63,,,,,3.928486731458811,,,,
2016-10-06,50.82,,,,,50.83,,,,,3.928289977892018,,,,
2016-10-07,49.5,,,,,50.82,,,,,3.901972669574645,,,,
2016-10-10,49.59,,,,,49.5,49.99,,,,3.9037892005010426,-0.008001600320063983,,,
2016-10-11,48.12,49.925714285714285,,,,49.59,50.63,,,,3.873697891106478,-0.0495753505826586,,,
2016-10-12,48.35,49.69142857142857,,,,48.12,50.83,,,,3.8784662218993033,-0.04879008459571114,,,
2016-10-13,49.37,49.51142857142857,,,,48.35,50.82,,,,3.8993429522707714,-0.028532073986619496,,,
2016-10-14,48.89,49.23428571428571,,,,49.37,49.5,,,,3.889572876590554,-0.012323232323232312,,,
2016-10-17,48.34,48.88,,,,48.89,49.59,49.99,,,3.878259375275337,-0.02520669489816495,-0.03300660132026402,,
2016-10-18,49.1,48.82285714285715,,,,48.34,48.12,50.63,,,3.893859034800475,0.02036575228595187,-0.030219237606162377,,
2016-10-19,47.91,48.582857142857144,,,,49.1,48.35,50.83,,,3.8693242508950307,-0.009100310237849117,-0.05744638992720838,,
2016-10-20,47.77,48.53285714285715,49.229285714285716,,,47.91,49.37,50.82,,,3.8663978274018707,-0.03240834514887572,-0.060015741833923594,,
2016-10-21,47.69,48.438571428571436,49.065,,,47.77,48.89,49.5,,,3.864721732310133,-0.024544896706893082,-0.036565656565656614,,
2016-10-24,46.81,48.07285714285714,48.792142857142856,,,47.69,48.34,49.59,,,3.846096855311979,-0.03165080678527102,-0.05605968945351887,,
2016-10-25,46.52,47.73428571428572,48.48428571428571,,,46.81,49.1,48.12,,,3.839882327650464,-0.052545824847250476,-0.03325020781379872,,
2016-10-26,45.77,47.36714285714286,48.12357142857143,,,46.52,47.91,48.35,,,3.8236288546655506,-0.0446670841160508,-0.05336091003102375,,
2016-10-27,45.39,46.83714285714286,47.83,,,45.77,47.77,49.37,,,3.8152918164683745,-0.04982206405693955,-0.08061575855782858,,
2016-10-28,44.9,46.40714285714286,47.495,,,45.39,47.69,48.89,,,3.8044377947482086,-0.058502830782134606,-0.08161178155041934,,
2016-10-31,45.025,46.015,47.27392857142858,,,44.9,46.81,48.34,,,3.80721789106202,-0.03813287759025857,-0.06857674803475393,,
2016-11-01,45.2,45.659285714285716,47.04892857142857,,,45.025,46.52,49.1,,,3.8110970868381857,-0.028374892519346523,-0.07942973523421586,,
2016-11-02,44.9,45.386428571428574,46.72964285714285,,,45.2,45.77,47.91,49.99,,3.8044377947482086,-0.019008083897749717,-0.06282613233145477,-0.10182036407281463,
2016-11-03,44.45,45.090714285714284,46.4125,,,44.9,45.39,47.77,50.63,,3.794364961959914,-0.020709407358448947,-0.0694996859953946,-0.12206201856606753,
2016-11-04,45.5,45.05214285714286,46.20964285714285,,,44.45,44.9,47.69,50.83,,3.817712325956905,0.01336302895322943,-0.045921576850492724,-0.10485933503836314,
2016-11-07,46.95,45.275,46.056071428571435,,,45.5,45.025,46.81,,,3.849083205654272,0.042754025541366,0.002990813928647737,,
2016-11-08,47.575,45.65714285714286,46.03214285714285,,,46.95,45.2,46.52,,,3.8623074131822133,0.05254424778761062,0.02267841788478073,,
2016-11-09,47.75,46.04642857142858,46.03071428571428,,,47.575,44.9,45.77,49.59,,3.865979066926739,0.06347438752783968,0.04325977714660251,-0.03710425489009888,
2016-11-10,46.35,46.21071428571428,45.935,,,47.75,44.45,45.39,48.12,,3.836221292011864,0.04274465691788523,0.021150033046926656,-0.036783042394014885,
2016-11-11,46.55,46.44642857142857,45.91642857142857,47.55133333333333,,46.35,45.5,44.9,48.35,,3.840527003723076,0.023076923076923016,0.03674832962138082,-0.0372285418821097,
2016-11-14,47.35,46.86071428571429,45.97571428571428,47.46333333333334,,46.55,46.95,45.025,,,3.8575668196320874,0.008519701810436604,0.05163797890061084,,
2016-11-15,46.6,47.017857142857146,46.035000000000004,47.32899999999999,,47.35,47.575,45.2,,,3.8416005411316,-0.02049395691014191,0.030973451327433597,,
2016-11-16,47.7,47.125,46.2,47.224666666666664,,46.6,47.75,44.9,48.34,,3.8649313978942956,-0.001047120418848108,0.06236080178173729,-0.01323955316508069,
2016-11-17,49.0,47.32857142857142,46.49285714285715,47.164,,47.7,46.35,44.45,49.1,,3.8918202981106265,0.057173678532901805,0.10236220472440938,-0.002036659877800436,
2016-11-18,50.4,47.707142857142856,46.87678571428571,47.193999999999996,,49.0,46.55,45.5,47.91,,3.919991175077323,0.08270676691729327,0.10769230769230766,0.051972448340638744,
2016-11-21,50.5,48.300000000000004,47.25535714285714,47.224333333333334,,50.4,47.35,46.95,,,3.9219733362813143,0.06652587117212246,0.07561235356762507,,
2016-11-22,52.1,49.09285714285714,47.76964285714286,47.357,,50.5,46.6,47.575,,,3.9531649487593215,0.11802575107296137,0.09511297950604305,,
2016-11-23,52.35,49.80714285714286,48.33392857142858,47.49033333333333,,52.1,47.7,47.75,46.81,,3.9579519373165457,0.09748427672955971,0.09633507853403145,0.11835077974791709,
2016-11-25,52.45,50.642857142857146,48.830357142857146,47.592999999999996,,52.35,50.4,46.55,45.77,,3.9598603348423063,0.04067460317460326,0.12674543501611185,0.14594712693904302,
2016-11-28,51.95,51.25,49.1875,47.69500000000001,,52.45,50.5,47.35,,,3.9502817175452365,0.02871287128712877,0.0971488912354805,,
2016-11-29,52.5,51.75,49.53928571428572,47.833666666666666,,51.95,52.1,46.6,,,3.960813169597578,0.007677543186180395,0.12660944206008581,,
2016-11-30,51.35,51.885714285714286,49.79642857142858,47.90866666666667,,52.5,52.35,47.7,45.025,,3.9386649363745674,-0.019102196752626553,0.07651991614255761,0.14047751249305948,
2016-12-01,50.4,51.871428571428574,50.08571428571429,47.99166666666667,,51.35,,49.0,45.2,,3.919991175077323,,0.028571428571428543,0.11504424778761052,
2016-12-02,51.2,51.74285714285714,50.417857142857144,48.106,,50.4,52.45,50.4,44.9,,3.9357395320454622,-0.023832221163012392,0.01587301587301596,0.14031180400890877,
2016-12-05,51.85,51.67142857142858,50.739285714285714,48.24466666666667,,51.2,51.95,50.5,,,3.948354934675536,-0.001924927815206957,0.02673267326732676,,
2016-12-06,53.15,51.77142857142858,51.207142857142856,48.456,,51.85,52.5,52.1,,,3.973118104787957,0.012380952380952354,0.020153550863723554,,
2016-12-07,54.2,52.09285714285714,51.67142857142857,48.712,,53.15,51.35,52.35,46.95,,3.9926809084456005,0.05550146056475173,0.03533906399235915,0.154419595314164,
2016-12-08,56.45,52.65714285714285,52.20357142857143,49.068,,54.2,50.4,,47.575,,4.033355290595671,0.12003968253968263,,0.18654755648975302,
2016-12-09,56.75,53.42857142857143,52.65714285714286,49.446666666666665,,56.45,51.2,52.45,47.75,,4.038655656361512,0.10839843749999994,0.08198284080076257,0.18848167539267016,
2016-12-12,55.35,54.135714285714286,53.003571428571426,49.795,,56.75,51.85,51.95,,,4.013676659154646,0.06750241080038573,0.06544754571703558,,
2016-12-13,56.05,54.82857142857143,53.285714285714285,50.1625,,55.35,53.15,52.5,,,4.026244149518169,0.05456255879586075,0.06761904761904756,,
2016-12-14,56.3,55.464285714285715,53.567857142857136,50.5325,,56.05,54.2,51.35,47.35,,4.030694535145645,0.03874538745387443,0.0963972736124634,0.18901795142555428,
2016-12-15,57.0,56.01428571428572,53.892857142857146,50.935833333333335,,56.3,56.45,50.4,46.6,,4.04305126783455,0.00974313551815761,0.130952380952381,0.223175965665236,
2016-12-16,57.35,56.464285714285715,54.278571428571425,51.365833333333335,,57.0,56.75,51.2,47.7,,4.04917284357538,0.01057268722466963,0.12011718749999997,0.20230607966457018,
2016-12-19,57.8,56.65714285714286,54.65714285714285,51.77583333333334,,57.35,55.35,51.85,,,4.056988775678332,0.04426377597109297,0.11475409836065566,,
2016-12-20,60.15,57.142857142857146,55.285714285714285,52.21583333333333,,57.8,56.05,53.15,,,4.096841442420688,0.07314897413024088,0.1317027281279398,,
2016-12-21,60.3,57.85,55.99285714285714,52.63999999999999,,60.15,56.3,54.2,50.5,,4.09933210373314,0.07104795737122559,0.1125461254612545,0.194059405940594,
2016-12-22,59.35,58.32142857142857,56.575,53.026666666666664,,60.3,57.0,56.45,52.1,,4.083452121055677,0.04122807017543862,0.05137289636846764,0.13915547024952016,
2016-12-23,59.5,58.77857142857143,57.121428571428574,53.465,,59.35,57.35,56.75,52.35,,4.085976312551584,0.03748910200523101,0.048458149779735685,0.13658070678127981,
2016-12-27,59.6,59.15,57.58214285714286,53.9,,59.5,60.15,56.05,,,4.087655574071304,-0.009143807148794633,0.06333630686886717,,
2016-12-28,58.0,59.24285714285714,57.853571428571435,54.254999999999995,,59.6,60.3,56.3,51.95,,4.060443010546419,-0.03814262023217242,0.030195381882770923,0.11645813282001918,
2016-12-29,58.2,59.300000000000004,57.97857142857142,54.641666666666666,,58.0,59.35,57.0,52.5,,4.063885354737392,-0.019376579612468383,0.02105263157894742,0.10857142857142862,
2016-12-30,57.0,58.85000000000001,57.99642857142857,54.95166666666667,,58.2,59.5,57.35,51.35,,4.04305126783455,-0.04201680672268908,-0.006102877070619031,0.11002921129503405,
2017-01-03,56.15,58.25714285714286,58.05357142857142,55.190000000000005,,57.0,59.6,60.15,,50.83,4.0280266811844525,-0.057885906040268505,-0.06650041562759768,,0.1046626008262837
2017-01-04,57.85,58.04285714285714,58.18214285714286,55.43833333333334,,56.15,58.0,60.3,51.85,50.82,4.0578534536396855,-0.0025862068965517,-0.04063018242122713,0.11571841851494696,0.1383313656040929
2017-01-05,56.95,57.67857142857143,58.228571428571435,55.653333333333336,,57.85,58.2,59.35,53.15,49.5,4.0421736898931915,-0.02147766323024055,-0.04043807919123839,0.07149576669802454,0.15050505050505056
2017-01-06,55.5,57.09285714285715,58.121428571428574,55.766666666666666,,56.95,57.0,59.5,54.2,,4.0163830207523885,-0.02631578947368421,-0.06722689075630252,0.02398523985239847,
2017-01-09,56.6,56.892857142857146,58.06785714285714,55.90833333333333,,55.5,,,,48.12,4.036008985209137,,,,0.1762261014131339
2017-01-10,56.45,56.642857142857146,57.971428571428575,56.041666666666664,,56.6,56.15,59.6,,48.35,4.033355290595671,0.005342831700801501,-0.05285234899328856,,0.1675284384694933
2017-01-11,57.05,56.64999999999999,57.75,56.211666666666666,,56.45,57.85,58.0,55.35,49.37,4.0439280763080845,-0.013828867761452104,-0.016379310344827636,0.030713640469737954,0.15556005671460402
2017-01-12,55.65,56.57857142857143,57.417857142857144,56.31666666666667,,57.05,56.95,58.2,56.05,48.89,4.019082077721554,-0.022827041264266976,-0.043814432989690795,-0.007136485280999083,0.138269584782164
2017-01-13,57.55,56.535714285714285,57.28928571428571,56.52333333333333,,55.65,55.5,57.0,56.3,,4.0526541351678915,0.036936936936936886,0.009649122807017494,0.022202486678507993,
2017-01-17,56.25,56.435714285714276,57.05714285714286,56.718333333333334,,57.55,56.45,56.15,,47.91,4.029806041084529,-0.0035429583702391997,0.001780943900267167,,0.17407639323732005
2017-01-18,56.65,56.6,56.84642857142857,56.9,,56.25,57.05,57.85,57.8,47.77,4.036891987474015,-0.007011393514460974,-0.020743301642178094,-0.019896193771626273,0.18589072639732038
2017-01-19,55.2,56.4,56.646428571428565,57.01166666666667,,56.65,55.65,56.95,60.15,47.69,4.01096295328305,-0.008086253369272161,-0.030728709394205442,-0.08229426433915205,0.15747536171105064
2017-01-20,55.75,56.3,56.471428571428575,57.098333333333336,,55.2,57.55,55.5,60.3,,4.020877410340228,-0.03127715030408336,0.0045045045045045045,-0.07545605306799333,
2017-01-23,53.9,55.85000000000001,56.25,57.08833333333333,,55.75,,56.6,,46.52,3.9871304779149512,,-0.04770318021201418,,0.1586414445399827
2017-01-24,54.95,55.75,56.16428571428572,57.038333333333334,,53.9,56.25,56.45,,45.77,4.006423680849631,-0.02311111111111106,-0.026572187776793623,,0.20056805767970284
2017-01-25,51.8,54.92857142857143,55.732142857142854,56.873333333333335,,54.95,56.65,57.05,,45.39,3.9473901492654373,-0.08561341571050311,-0.09202453987730062,,0.141220533157083
2017-01-26,52.8,54.43571428571429,55.43571428571429,56.78833333333333,,51.8,55.2,55.65,59.6,44.9,3.966511190712216,-0.04347826086956532,-0.05121293800539086,-0.1140939597315437,0.17594654788418707
2017-01-27,51.5,53.699999999999996,55.15,56.63666666666666,,52.8,55.75,57.55,58.0,,3.9415818076696905,-0.07623318385650224,-0.10512597741094695,-0.11206896551724138,
2017-01-30,51.2,53.128571428571426,54.76428571428571,56.46666666666667,,51.5,53.9,,,45.2,3.9357395320454622,-0.05009276437847859,,,0.1327433628318584
2017-01-31,50.95,52.44285714285714,54.371428571428574,56.265,,51.2,54.95,56.25,,44.9,3.9308447596687337,-0.07279344858962693,-0.09422222222222217,,0.13474387527839654
2017-02-01,50.5,51.95714285714286,53.903571428571425,56.03666666666666,,50.95,51.8,56.65,,44.45,3.9219733362813143,-0.025096525096525043,-0.10856134157105028,,0.1361079865016872
2017-02-02,50.15,51.271428571428565,53.510714285714286,55.781666666666666,,50.5,52.8,55.2,56.15,45.5,3.9150185144079446,-0.050189393939393916,-0.09148550724637688,-0.1068566340160285,0.10219780219780217
2017-02-03,50.8,51.12857142857143,53.028571428571425,55.470000000000006,,50.15,51.5,55.75,57.85,,3.927896354584436,-0.013592233009708793,-0.08878923766816149,-0.1218668971477961,
2017-02-06,50.35,50.77857142857143,52.607142857142854,55.138333333333335,,50.8,51.2,53.9,,47.575,3.9189986191645714,-0.016601562500000028,-0.06586270871985153,,0.058328954282711475
2017-02-07,50.4,50.621428571428574,52.160714285714285,54.84,,50.35,50.95,54.95,,47.75,3.919991175077323,-0.01079489695780185,-0.08280254777070072,,0.05549738219895285
2017-02-08,50.5,50.521428571428565,51.824999999999996,54.54,,50.4,50.5,51.8,56.6,46.35,3.9219733362813143,0.0,-0.025096525096525043,-0.10777385159010602,0.08953613807982737
2017-02-09,51.5,50.6,51.521428571428565,54.27,51.907111111111114,50.5,50.15,52.8,56.45,46.55,3.9415818076696905,0.026919242273180488,-0.024621212121212068,-0.087688219663419,0.10633727175080565
2017-02-10,51.35,50.72142857142857,51.339285714285715,54.04833333333333,51.922222222222224,51.5,50.8,51.5,57.05,,3.9386649363745674,0.010826771653543392,-0.0029126213592232733,-0.09991235758106917,
2017-02-13,51.85,50.964285714285715,51.11785714285714,53.83666666666667,51.93577777777778,51.35,50.35,51.2,,46.6,3.948354934675536,0.029791459781529295,0.012695312499999972,,0.11266094420600858
2017-02-14,51.1,51.00714285714286,51.06785714285714,53.64,51.93877777777777,51.85,50.4,50.95,,47.7,3.933784497209659,0.013888888888888945,0.002944062806673181,,0.0712788259958071
2017-02-15,51.15,51.121428571428574,50.949999999999996,53.473333333333336,51.94244444444444,51.1,50.5,50.5,,49.0,3.9347624923976356,0.012871287128712843,0.012871287128712843,,0.043877551020408134
2017-02-16,50.4,51.121428571428574,50.87142857142857,53.225,51.95244444444444,51.15,51.5,50.15,56.25,50.4,3.919991175077323,-0.0213592233009709,0.004985044865403789,-0.10400000000000002,0.0
2017-02-17,50.3,51.09285714285714,50.807142857142864,53.00333333333333,51.96033333333334,50.4,51.35,50.8,56.65,,3.9180050771056933,-0.020447906523855974,-0.00984251968503937,-0.11209179170344222,
2017-02-21,50.3,50.92142857142857,50.760714285714286,52.830000000000005,51.98455555555556,50.3,51.1,50.4,,52.35,3.9180050771056933,-0.015655577299412998,-0.001984126984127012,,-0.03915950334288451
2017-02-22,50.15,50.75,50.73571428571428,52.615,52.004555555555555,50.3,51.15,50.5,53.9,,3.9150185144079446,-0.019550342130987292,-0.0069306930693069585,-0.06957328385899815,
2017-02-23,49.55,50.42142857142857,50.69285714285714,52.385,52.00655555555556,50.15,50.4,51.5,54.95,52.45,3.902982260775997,-0.016865079365079395,-0.03786407766990297,-0.09827115559599646,-0.05529075309818886
2017-02-24,50.0,50.26428571428571,50.63571428571429,52.15,52.01888888888889,49.55,50.3,51.35,51.8,,3.912023005428146,-0.005964214711729566,-0.026290165530671886,-0.034749034749034693,
2017-02-27,49.5,50.028571428571425,50.575,51.945,52.031777777777776,50.0,,51.85,,52.5,3.901972669574645,,-0.045323047251687586,,-0.05714285714285714
2017-02-28,48.65,49.77857142857142,50.45,51.64833333333333,52.026777777777774,49.5,50.3,51.1,,51.35,3.884651808632014,-0.0328031809145129,-0.04794520547945211,,-0.05258033106134377
2017-03-01,49.4,49.65,50.371428571428574,51.419999999999995,52.04333333333334,48.65,50.15,51.15,51.2,50.4,3.899950424193877,-0.014955134596211367,-0.034213098729227766,-0.03515625000000008,-0.01984126984126984
2017-03-02,49.15,49.48571428571428,50.20357142857143,51.169999999999995,52.05866666666667,49.4,49.55,50.4,50.95,51.2,3.8948768465931756,-0.008072653884964654,-0.024801587301587304,-0.03532875368007859,-0.04003906250000008
2017-03-03,49.95,49.45714285714286,50.103571428571435,50.995,52.083777777777776,49.15,50.0,50.3,50.5,,3.9110225050945626,-0.0009999999999999432,-0.00695825049701778,-0.010891089108910835,
2017-03-06,49.5,49.449999999999996,49.93571428571429,50.78666666666666,52.11366666666666,49.95,49.5,,,53.15,3.901972669574645,0.0,,,-0.06867356538099716
2017-03-07,48.05,49.17142857142857,49.71785714285714,50.59166666666667,52.13066666666667,49.5,48.65,50.3,,54.2,3.8722421354163012,-0.012332990750256966,-0.04473161033797217,,-0.11346863468634696
2017-03-08,48.8,49.07142857142857,49.550000000000004,50.38666666666666,52.16433333333333,48.05,49.4,50.15,50.35,56.45,3.8877303128591016,-0.01214574898785428,-0.026919242273180488,-0.03078450844091369,-0.13551815766164757
2017-03-09,48.6,49.064285714285724,49.42142857142857,50.28,52.2,48.8,49.15,49.55,50.4,56.75,3.883623530906448,-0.011190233977619474,-0.019172552976791036,-0.03571428571428566,-0.14361233480176208
2017-03-10,48.2,48.892857142857146,49.271428571428565,50.126666666666665,52.23666666666667,48.6,49.95,50.0,50.5,,3.8753590210565547,-0.035035035035035036,-0.03599999999999994,-0.04554455445544549,
2017-03-13,48.8,48.84285714285715,49.16428571428571,50.03666666666667,52.27861111111112,48.2,49.5,49.5,,56.05,3.8877303128591016,-0.0141414141414142,-0.0141414141414142,,-0.12934879571810884
2017-03-14,48.0,48.564285714285724,49.010714285714286,49.93,52.30972222222222,48.8,48.05,48.65,,56.3,3.871201010907891,-0.0010405827263266839,-0.013360739979444987,,-0.14742451154529304
2017-03-15,49.75,48.60000000000001,49.02499999999999,49.89,52.36361111111111,48.0,48.8,49.4,51.85,57.0,3.907010463604602,0.019467213114754158,0.0070850202429150085,-0.04050144648023146,-0.12719298245614036
2017-03-16,48.2,48.621428571428574,48.896428571428565,49.813333333333325,52.40527777777778,49.75,48.6,49.15,51.1,57.35,3.8753590210565547,-0.00823045267489709,-0.01932858596134274,-0.05675146771037179,-0.15954664341761113
2017-03-17,49.9,48.778571428571425,48.925,49.80499999999999,52.454166666666666,48.2,48.2,49.95,51.15,,3.910021002757473,0.035269709543568374,-0.0010010010010010862,-0.024437927663734114,
2017-03-20,49.0,48.83571428571428,48.949999999999996,49.745,52.47694444444445,49.9,48.8,49.5,,60.15,3.8918202981106265,0.004098360655737763,-0.010101010101010102,,-0.1853699085619285
2017-03-21,46.65,48.614285714285714,48.753571428571426,49.62166666666667,52.46666666666667,49.0,48.0,48.05,,60.3,3.8426729272933526,-0.02812500000000003,-0.029136316337148777,,-0.2263681592039801
2017-03-22,47.3,48.39999999999999,48.621428571428574,49.51833333333333,52.46166666666666,46.65,49.75,48.8,,59.35,3.856510295497887,-0.049246231155778954,-0.03073770491803279,,-0.20303285593934295
2017-03-23,47.65,48.35,48.457142857142856,49.423333333333325,52.476111111111116,47.3,48.2,48.6,50.3,59.5,3.863882630100211,-0.011410788381742826,-0.019547325102880715,-0.0526838966202783,-0.19915966386554623
2017-03-24,48.45,48.16428571428571,48.38214285714285,49.321666666666665,52.49722222222222,47.65,49.9,48.2,50.15,,3.880532338336775,-0.029058116232464844,0.005186721991701245,-0.03389830508474568,
2017-03-27,49.0,48.278571428571425,48.449999999999996,49.24333333333333,52.51555555555555,48.45,49.0,48.8,,59.6,3.8918202981106265,0.0,0.004098360655737763,,-0.1778523489932886
2017-03-28,48.0,48.00714285714286,48.392857142857146,49.114999999999995,52.531111111111116,49.0,46.65,48.0,,58.0,3.871201010907891,0.028938906752411606,0.0,,-0.1724137931034483
2017-03-29,46.75,47.68571428571429,48.26071428571429,48.97,52.52055555555556,48.0,47.3,49.75,49.5,58.2,3.844814255734696,-0.011627906976744127,-0.06030150753768844,-0.05555555555555555,-0.1967353951890035
2017-03-30,46.7,47.692857142857136,48.153571428571425,48.821666666666665,52.495000000000005,46.75,47.65,48.2,48.65,57.0,3.8437441646748516,-0.0199370409233997,-0.031120331950207466,-0.04008221993833496,-0.18070175438596486
2017-03-31,46.45,47.57142857142857,47.98571428571429,48.690000000000005,52.4511111111111,46.7,48.45,49.9,49.4,,3.8383764652598478,-0.0412796697626419,-0.06913827655310613,-0.05971659919028332,
2017-04-03,47.3,47.521428571428565,47.93571428571429,48.59,52.41555555555555,46.45,49.0,49.0,,56.15,3.856510295497887,-0.03469387755102046,-0.03469387755102046,,-0.15761353517364207
2017-04-04,46.45,47.23571428571428,47.7,48.46166666666667,52.352777777777774,47.3,48.0,46.65,,57.85,3.8383764652598478,-0.03229166666666661,-0.004287245444801624,,-0.1970613656006914
2017-04-05,45.9,46.792857142857144,47.535714285714285,48.32,52.281111111111116,46.45,46.75,47.3,49.5,56.95,3.8264651170664994,-0.018181818181818212,-0.02959830866807608,-0.07272727272727275,-0.19402985074626872
2017-04-06,46.05,46.51428571428572,47.260714285714286,48.20333333333334,52.21000000000001,45.9,46.7,47.65,48.05,55.5,3.829727762701316,-0.01391862955032132,-0.03357817418677862,-0.04162330905306972,-0.17027027027027034
2017-04-07,45.75,46.371428571428574,47.028571428571425,48.061666666666675,52.14111111111112,46.05,46.45,48.45,48.8,,3.82319179172153,-0.015069967707212117,-0.05572755417956662,-0.062499999999999944,
2017-04-10,48.15,46.57857142857143,47.13571428571429,48.016666666666666,52.09277777777778,45.75,47.3,49.0,,56.45,3.8743211382441345,0.017970401691331954,-0.01734693877551023,,-0.1470327723649248
2017-04-11,48.925,46.932142857142864,47.25178571428571,48.02583333333333,52.06583333333334,48.15,46.45,48.0,,57.05,3.89028851328214,0.0532831001076425,0.019270833333333275,,-0.14241893076248904
2017-04-12,48.65,47.125,47.323214285714286,48.00083333333334,52.04638888888889,48.925,45.9,46.75,48.8,55.65,3.884651808632014,0.05991285403050109,0.040641711229946496,-0.0030737704918032496,-0.12578616352201258
2017-04-13,48.35,47.396428571428565,47.31607142857143,47.97416666666666,52.01472222222222,48.65,46.05,46.7,48.0,57.55,3.8784662218993033,0.0499457111834963,0.03533190578158455,0.007291666666666696,-0.1598609904430929
2017-04-17,48.6,47.78214285714285,47.2875,47.92916666666667,51.97861111111111,48.35,48.15,47.3,,56.25,3.883623530906448,0.009345794392523425,0.027484143763213623,,-0.13599999999999998
2017-04-18,48.5,48.13214285714285,47.32321428571429,47.895833333333336,51.92694444444444,48.6,48.925,46.45,,56.65,3.8815637979434374,-0.008686765457332594,0.04413347685683524,,-0.1438658428949691
2017-04-19,50.5,48.810714285714276,47.59107142857143,47.9775,51.88583333333333,48.5,48.65,45.9,49.0,55.2,3.9219733362813143,0.03802672147995892,0.1002178649237473,0.030612244897959183,-0.08514492753623193
2017-04-20,51.9,49.346428571428575,47.9625,48.08083333333333,51.83527777777778,50.5,48.35,46.05,46.65,55.75,3.949318790171843,0.07342295760082725,0.12703583061889254,0.11254019292604502,-0.06905829596412559
2017-04-21,53.25,49.964285714285715,48.448214285714286,48.235833333333325,51.79638888888889,51.9,,45.75,47.3,,3.9749978045895347,,0.16393442622950818,0.12579281183932353,
2017-04-24,54.85,50.85,48.987500000000004,48.4575,51.790833333333325,53.25,48.6,48.15,,54.95,4.00460218672124,0.1286008230452675,0.13914849428868126,,-0.0018198362147406992
2017-04-25,54.05,51.66428571428571,49.53035714285714,48.6325,51.76861111111111,54.85,48.5,48.925,,51.8,3.9899095440852173,0.11443298969072159,0.10475217169136435,,0.04343629343629344
2017-04-26,54.35,52.48571428571429,50.13392857142857,48.84416666666666,51.74694444444445,54.05,50.5,48.65,49.0,52.8,3.9954446135672184,0.07623762376237626,0.11716341212744097,0.10918367346938779,0.029356060606060688
2017-04-27,54.4,53.32857142857143,50.730357142857144,48.99916666666666,51.71805555555556,54.35,51.9,48.35,48.0,51.5,3.996364153861897,0.04816955684007707,0.12512926577042394,0.1333333333333333,0.056310679611650455
2017-04-28,54.3,53.871428571428574,51.341071428571425,49.2025,51.68416666666666,54.4,53.25,,46.75,,3.9945242269398897,0.019718309859154876,,0.1614973262032085,
2017-05-01,53.95,54.16428571428571,51.75535714285714,49.3375,51.64138888888888,54.3,54.85,48.6,,50.95,3.9880576917041437,-0.016408386508659955,0.110082304526749,,0.05888125613346418
2017-05-02,55.625,54.503571428571426,52.23392857142857,49.55833333333333,51.59111111111111,53.95,54.05,48.5,,50.5,4.018632740486404,0.029139685476410784,0.14690721649484537,,0.10148514851485149
2017-05-03,55.4,54.58214285714286,52.716071428571425,49.85,51.53666666666667,55.625,54.35,50.5,47.3,50.15,4.014579593753238,0.019319227230910712,0.097029702970297,0.17124735729386897,0.10468594217347957
2017-05-04,54.55,54.653571428571425,53.158928571428575,50.09166666666667,51.483333333333334,55.4,54.4,51.9,46.45,50.8,3.9991177122790798,0.0027573529411764447,0.05105973025048167,0.17438105489773936,0.07381889763779528
2017-05-05,53.8,54.574999999999996,53.53035714285714,50.29666666666667,51.42,54.55,54.3,53.25,45.9,,3.9852734671677386,-0.009208103130755065,0.010328638497652528,0.17211328976034856,
2017-05-08,53.1,54.38928571428572,53.85892857142857,50.45166666666667,51.34777777777778,53.8,53.95,54.85,,50.4,3.9721769282478934,-0.015755329008341083,-0.03190519598906107,,0.05357142857142863
2017-05-09,53.8,54.317857142857136,54.09464285714285,50.61166666666667,51.30111111111111,53.1,55.625,54.05,,50.5,3.9852734671677386,-0.032808988764045,-0.004625346901017576,,0.0653465346534653
2017-05-10,53.45,54.246428571428574,54.205357142857146,50.79333333333333,51.248333333333335,53.8,55.4,54.35,48.15,51.5,3.9787466374710543,-0.035198555956678625,-0.016559337626494915,0.11007268951194193,0.03786407766990297
2017-05-11,53.2,53.9,54.20178571428571,51.00833333333333,51.20611111111111,53.45,54.55,54.4,48.925,51.35,3.9740583963475986,-0.024747937671860575,-0.022058823529411686,0.08737864077669916,0.036027263875365166
2017-05-12,53.3,53.6,54.091071428571425,51.22833333333333,51.17444444444444,53.2,53.8,54.3,48.65,,3.975936331171799,-0.00929368029739777,-0.01841620626151013,0.09558067831449124,
2017-05-15,53.6,53.464285714285715,54.058928571428574,51.46666666666667,51.12722222222222,53.3,53.1,53.95,,51.1,3.9815490680767565,0.009416195856873822,-0.006487488415199284,,0.04892367906066536
2017-05-16,54.05,53.5,54.0375,51.69166666666667,51.095,53.6,53.8,55.625,,51.15,3.9899095440852173,0.004646840148698885,-0.028314606741573083,,0.05669599217986312
2017-05-17,51.7,53.3,53.84464285714286,51.86666666666667,51.05277777777778,54.05,53.45,55.4,48.6,50.4,3.9454577815143836,-0.032740879326473335,-0.06678700361010823,0.0637860082304527,0.02579365079365088
2017-05-18,51.25,52.93571428571429,53.626785714285724,52.045,50.99333333333333,51.7,53.2,54.55,48.5,50.3,3.9367156180185177,-0.03665413533834592,-0.06049495875343716,0.05670103092783505,0.018886679920477194
2017-05-19,51.25,52.62142857142857,53.433928571428574,52.218333333333334,50.93555555555555,51.25,53.3,53.8,50.5,,3.9367156180185177,-0.03846153846153841,-0.047397769516728576,0.01485148514851485,
2017-05-22,49.9,52.15,53.025,52.35666666666666,50.85611111111111,51.25,53.6,53.1,,50.3,3.910021002757473,-0.0690298507462687,-0.06026365348399252,,-0.007952286282306134
2017-05-23,50.1,51.692857142857136,52.64642857142858,52.42166666666667,50.794444444444444,49.9,54.05,53.8,,50.15,3.914021008090819,-0.07308048103607763,-0.06877323420074342,,-0.000997008973080701
2017-05-24,49.3,51.07857142857143,52.271428571428565,52.43416666666667,50.702777777777776,50.1,51.7,53.45,54.85,49.55,3.8979240810486444,-0.046421663442940145,-0.07764265668849402,-0.10118505013673663,-0.005045408678102927
2017-05-25,50.75,50.607142857142854,52.05357142857143,52.50416666666667,50.641666666666666,49.3,51.25,53.2,54.05,50.0,3.926911617921897,-0.00975609756097561,-0.04605263157894742,-0.06105457909343196,0.015
2017-05-26,49.75,50.32857142857143,51.81428571428571,52.55083333333334,50.56499999999999,50.75,51.25,53.3,54.35,,3.907010463604602,-0.02926829268292683,-0.06660412757973729,-0.08463661453541861,
2017-05-30,49.55,50.08571428571429,51.510714285714286,52.582499999999996,50.50222222222222,49.75,50.1,54.05,,49.4,3.902982260775997,-0.010978043912175734,-0.08325624421831637,,0.003036437246963534
2017-05-31,50.1,49.92142857142857,51.271428571428565,52.63583333333334,50.43944444444445,49.55,49.3,51.7,53.95,49.15,3.914021008090819,0.016227180527383454,-0.030947775628626717,-0.07136237256719187,0.019328585961342886
2017-06-01,50.95,50.07142857142857,51.11071428571429,52.65083333333333,50.40666666666667,50.1,50.75,51.25,55.625,49.95,3.9308447596687337,0.003940886699507445,-0.00585365853658531,-0.08404494382022466,0.02002002002002002
2017-06-02,51.8,50.31428571428571,51.003571428571426,52.64750000000001,50.37166666666668,50.95,49.75,51.25,55.4,,3.9473901492654373,0.04120603015075371,0.010731707317073116,-0.06498194945848378,
2017-06-05,52.6,50.785714285714285,50.93214285714286,52.62583333333334,50.38055555555555,51.8,,49.9,,48.05,3.9627161197436642,,0.05410821643286579,,0.09469302809573371
2017-06-06,52.85,51.08571428571429,50.846428571428575,52.55916666666666,50.38111111111111,52.6,49.55,50.1,,48.8,3.967457712316247,0.06659939455095872,0.054890219560878244,,0.08299180327868862
2017-06-07,59.35,52.457142857142856,51.392857142857146,52.73583333333333,50.46833333333333,52.85,50.1,49.3,53.1,48.6,4.083452121055677,0.18463073852295409,0.20385395537525364,0.11770244821092278,0.22119341563786007
2017-06-08,56.6,53.464285714285715,51.77499999999999,52.810833333333335,50.528333333333336,59.35,50.95,50.75,53.8,48.2,4.036008985209137,0.11089303238469084,0.11527093596059117,0.052044609665427594,0.1742738589211618
2017-06-09,56.65,54.4,52.160714285714285,52.88583333333334,50.59166666666667,56.6,51.8,49.75,53.45,,4.036891987474015,0.09362934362934366,0.1386934673366834,0.059869036482694024,
2017-06-12,56.6,55.207142857142856,52.63928571428571,52.9625,50.659444444444446,56.65,52.6,,,48.0,4.036008985209137,0.07604562737642585,,,0.1791666666666667
2017-06-13,54.65,55.614285714285714,52.964285714285715,52.98583333333333,50.709444444444436,56.6,52.85,49.55,,49.75,4.000949214622548,0.034058656575212815,0.10292633703329973,,0.09849246231155775
2017-06-14,48.9,55.08571428571429,52.93571428571429,52.76166666666666,50.68833333333333,54.65,59.35,50.1,53.6,48.2,3.8897773964808264,-0.1760741364785173,-0.02395209580838329,-0.08768656716417915,0.014522821576763396
2017-06-15,47.2,54.278571428571425,52.68214285714286,52.48833333333333,50.653333333333336,48.9,56.6,50.95,54.05,49.9,3.8543938925915096,-0.16607773851590102,-0.07360157016683022,-0.1267345050878815,-0.05410821643286565
2017-06-16,46.35,52.42142857142858,52.43928571428571,52.215,50.608333333333334,47.2,56.65,51.8,51.7,,3.836221292011864,-0.18181818181818177,-0.10521235521235514,-0.10348162475822052,
2017-06-19,47.4,51.107142857142854,52.285714285714285,52.001666666666665,50.57388888888889,46.35,56.6,52.6,,46.65,3.858622228701031,-0.16254416961130747,-0.09885931558935367,,0.01607717041800643
2017-06-20,46.35,49.63571428571429,52.017857142857146,51.77666666666667,50.516666666666666,47.4,54.65,52.85,,47.3,3.836221292011864,-0.15187557182067699,-0.12298959318826869,,-0.020084566596194415
2017-06-21,47.9,48.392857142857146,51.8,51.58,50.47833333333334,46.35,48.9,59.35,49.9,47.65,3.8691155044168695,-0.02044989775051125,-0.1929233361415333,-0.04008016032064128,0.005246589716684156
2017-06-22,46.9,47.285714285714285,51.45,51.36166666666667,50.423333333333325,47.9,47.2,56.6,50.1,48.45,3.8480176754522337,-0.00635593220338992,-0.17137809187279157,-0.063872255489022,-0.03199174406604756
2017-06-23,46.9,47.0,51.042857142857144,51.151666666666664,50.37666666666667,46.9,46.35,56.65,49.3,,3.8480176754522337,0.01186623516720598,-0.17210944395410416,-0.04868154158215007,
2017-06-26,46.9,46.957142857142856,50.61785714285714,50.93833333333334,50.32944444444444,46.9,47.4,56.6,,48.0,3.8480176754522337,-0.010548523206751054,-0.17137809187279157,,-0.022916666666666696
2017-06-27,46.75,47.01428571428572,49.71785714285714,50.71,50.28888888888889,46.9,46.35,54.65,,46.75,3.844814255734696,0.008629989212513454,-0.14455626715462028,,0.0
2017-06-28,45.85,46.792857142857144,48.95,50.43666666666666,50.239444444444445,46.75,47.9,48.9,,46.7,3.825375198702474,-0.04279749478079326,-0.062372188139059245,,-0.018201284796573906
2017-06-29,46.2,46.77142857142858,48.20357142857142,50.25333333333333,50.193888888888885,45.85,46.9,47.2,49.55,46.45,3.832979798087693,-0.014925373134328268,-0.0211864406779661,-0.06760847628657911,-0.005382131324004305
2017-06-30,46.95,46.635714285714286,47.51428571428572,50.11,50.15833333333333,46.2,46.9,46.35,50.1,,3.849083205654272,0.001066098081023545,0.012944983818770257,-0.06287425149700596,
2017-07-03,47.2,46.67857142857143,46.982142857142854,49.975,50.13222222222222,46.95,46.9,47.4,,46.45,3.8543938925915096,0.006396588486140816,-0.004219409282700332,,0.016146393972012917
2017-07-05,46.8,46.66428571428571,46.832142857142856,49.87166666666667,50.096666666666664,47.2,45.85,47.9,52.6,46.05,3.845883202923601,0.020719738276990092,-0.022964509394572057,-0.11026615969581757,0.016286644951140065
2017-07-06,47.1,46.69285714285714,46.825,49.77166666666666,50.07,46.8,46.2,46.9,52.85,45.75,3.8522730010223722,0.01948051948051945,0.004264392324093877,-0.10879848628192999,0.029508196721311507
2017-07-07,48.3,46.91428571428571,46.964285714285715,49.73833333333334,50.06611111111112,47.1,46.95,46.9,59.35,,3.877431560658527,0.02875399361022352,0.029850746268656688,-0.18618365627632694,
2017-07-10,47.75,47.185714285714276,46.989285714285714,49.638333333333335,50.04777777777778,48.3,47.2,46.9,,48.925,3.865979066926739,0.011652542372881295,0.01812366737739875,,-0.024016351558507863
2017-07-11,47.2,47.32857142857143,47.050000000000004,49.55333333333333,50.02611111111111,47.75,,46.75,,48.65,3.8543938925915096,,0.009625668449197922,,-0.029804727646454178
2017-07-12,46.7,47.292857142857144,46.964285714285715,49.458333333333336,49.99,47.2,46.8,45.85,56.6,48.35,3.8437441646748516,-0.0021367521367520155,0.018538713195201777,-0.17491166077738513,-0.034126163391933785
2017-07-13,46.3,47.16428571428572,46.92142857142857,49.33166666666666,49.95444444444445,46.7,47.1,46.2,54.65,,3.835141961092188,-0.016985138004246374,0.0021645021645020413,-0.15279048490393415,
2017-07-14,46.2,47.07857142857143,46.871428571428574,49.17333333333333,49.93388888888889,46.3,48.3,46.95,48.9,,3.832979798087693,-0.043478260869565105,-0.01597444089456869,-0.055214723926380285,
2017-07-17,47.1,47.07857142857143,46.885714285714286,49.016666666666666,49.915000000000006,46.2,47.75,47.2,,48.5,3.8522730010223722,-0.013612565445026148,-0.00211864406779664,,-0.02886597938144327
2017-07-18,46.55,46.82857142857142,46.871428571428574,48.815000000000005,49.892222222222216,47.1,47.2,,,50.5,3.840527003723076,-0.013771186440678086,,,-0.07821782178217827
2017-07-19,46.65,46.67142857142857,46.92857142857143,48.608333333333334,49.875,46.55,46.7,46.8,47.4,51.9,3.8426729272933526,-0.0010706638115632603,-0.003205128205128175,-0.015822784810126583,-0.10115606936416185
2017-07-20,46.3,46.54285714285714,46.93571428571429,48.17333333333333,49.84722222222222,46.65,46.3,47.1,46.35,53.25,3.835141961092188,0.0,-0.016985138004246374,-0.0010787486515642774,-0.1305164319248827
2017-07-21,45.3,46.34285714285714,46.81785714285714,47.79666666666667,49.81722222222221,46.3,46.2,48.3,47.9,,3.8133070324889884,-0.0194805194805196,-0.06211180124223603,-0.05427974947807936,
2017-07-24,44.8,46.128571428571426,46.646428571428565,47.401666666666664,49.76222222222221,45.3,47.1,47.75,,54.05,3.8022081394209395,-0.048832271762208154,-0.06178010471204194,,-0.17113783533765034
2017-07-25,44.2,45.84285714285714,46.46071428571429,46.98833333333334,49.71777777777777,44.8,46.55,47.2,,54.35,3.7887247890836524,-0.05048335123523082,-0.0635593220338983,,-0.186752529898804
2017-07-26,41.9,45.1,46.089285714285715,46.563333333333325,49.628888888888895,44.2,46.65,46.7,46.9,54.4,3.735285826928092,-0.10182207931404073,-0.10278372591006432,-0.10660980810234542,-0.2297794117647059
2017-07-27,41.5,44.37857142857143,45.603571428571435,46.31666666666667,49.54555555555556,41.9,46.3,46.3,46.75,54.3,3.7256934272366524,-0.10367170626349886,-0.10367170626349886,-0.11229946524064172,-0.2357274401473296
2017-07-28,41.95,43.707142857142856,45.18928571428571,46.141666666666666,49.49333333333333,41.5,45.3,46.2,45.85,,3.7364784329132155,-0.07395143487858707,-0.09199134199134198,-0.08505997818974916,
2017-07-31,41.4,43.00714285714285,44.775,45.97666666666667,49.42777777777778,41.95,44.8,47.1,,55.625,3.7232808808312687,-0.07589285714285711,-0.12101910828025483,,-0.2557303370786517
2017-08-01,42.25,42.57142857142857,44.45714285714286,45.805,49.367777777777775,41.4,44.2,46.55,,55.4,3.7436043538031827,-0.04411764705882359,-0.09237379162191187,,-0.23736462093862815
2017-08-02,41.1,42.042857142857144,44.08571428571428,45.629999999999995,49.28611111111111,42.25,41.9,46.65,47.2,54.55,3.716008121502189,-0.019093078758949812,-0.11897106109324754,-0.12923728813559324,-0.24656278643446372
2017-08-03,41.55,41.66428571428572,43.75357142857143,45.41833333333333,49.20333333333333,41.1,41.5,46.3,,53.8,3.7268975213014572,0.0012048192771083653,-0.10259179265658748,,-0.22769516728624536
2017-08-04,42.25,41.714285714285715,43.40714285714286,45.26333333333333,49.13944444444444,41.55,41.95,45.3,46.8,,3.7436043538031827,0.0071513706793801465,-0.06732891832229575,-0.09722222222222217,
2017-08-07,42.6,41.871428571428574,43.125,45.120000000000005,49.09333333333333,42.25,41.4,44.8,,53.8,3.751854253275325,0.02898550724637688,-0.049107142857142766,,-0.20817843866170996
2017-08-08,42.5,41.949999999999996,42.82857142857143,44.973333333333336,49.04666666666667,42.6,42.25,44.2,,53.45,3.7495040759303713,0.005917159763313609,-0.038461538461538526,,-0.20486435921421894
2017-08-09,42.45,42.10000000000001,42.55357142857143,44.830000000000005,49.00222222222223,42.5,41.1,41.9,47.75,53.2,3.7483269127573564,0.03284671532846719,0.013126491646778145,-0.1109947643979057,-0.2020676691729323
2017-08-10,41.85,42.042857142857144,42.30714285714286,44.69666666666667,48.94166666666667,42.45,41.55,41.5,47.2,53.3,3.7340917969354845,0.007220216606498298,0.008433734939759071,-0.11334745762711866,-0.21482176360225133
2017-08-11,41.85,42.15,42.096428571428575,44.55166666666666,48.890555555555565,41.85,42.25,41.95,46.7,,3.7340917969354845,-0.009467455621301742,-0.0023837902264601052,-0.10385438972162743,
2017-08-14,42.8,42.32857142857143,41.99642857142857,44.413333333333334,48.85611111111111,41.85,42.6,41.4,,54.05,3.756538102587751,0.004694835680751073,0.03381642512077292,,-0.20814061054579094
2017-08-15,42.75,42.4,42.05714285714286,44.265,48.81944444444444,42.8,42.5,42.25,,51.7,3.755369195382769,0.0058823529411764705,0.011834319526627219,,-0.1731141199226306
2017-08-16,42.9,42.442857142857136,42.15714285714285,44.135,48.78777777777778,42.75,42.45,41.1,47.1,51.25,3.758871825933971,0.010600706713780817,0.04379562043795614,-0.08917197452229306,-0.16292682926829272
2017-08-17,41.1,42.24285714285714,42.096428571428575,43.93500000000001,48.70944444444445,42.9,41.85,41.55,46.55,51.25,3.716008121502189,-0.017921146953405017,-0.010830324909747191,-0.11707841031149294,-0.19804878048780486
2017-08-18,41.7,42.135714285714286,42.11785714285714,43.714999999999996,48.62916666666667,41.1,41.85,42.25,46.65,,3.730501128804756,-0.0035842293906809693,-0.013017751479289873,-0.10610932475884235,
2017-08-21,42.95,42.292857142857144,42.16785714285714,43.55499999999999,48.56583333333334,41.7,42.8,42.6,,50.1,3.7600366484302645,0.0035046728971963948,0.008215962441314588,,-0.1427145708582834
2017-08-22,43.05,42.464285714285715,42.307142857142864,43.416666666666664,48.50694444444444,42.95,42.75,42.5,,49.3,3.7623622308737397,0.007017543859649056,0.012941176470588168,,-0.12677484787018256
2017-08-23,42.5,42.42142857142857,42.375,43.276666666666664,48.43916666666667,43.05,42.9,42.45,44.8,50.75,3.7495040759303713,-0.009324009324009291,0.001177856301531146,-0.05133928571428566,-0.1625615763546798
2017-08-24,42.3,42.357142857142854,42.378571428571426,43.14333333333334,48.37027777777779,42.5,41.1,41.85,44.2,49.75,3.744787086052232,0.029197080291970698,0.01075268817204291,-0.04298642533936664,-0.149748743718593
2017-08-25,43.85,42.49285714285714,42.46785714285714,43.065000000000005,48.29638888888889,42.3,41.7,41.85,41.9,,3.780774718818192,0.05155875299760188,0.04778972520908004,0.046539379474940405,
2017-08-28,42.25,42.65714285714286,42.449999999999996,42.90333333333333,48.189166666666665,43.85,42.95,42.8,,49.55,3.7436043538031827,-0.016298020954598435,-0.01285046728971956,,-0.1473259334006054
2017-08-29,42.2,42.72857142857142,42.432142857142864,42.75833333333333,48.06638888888888,42.25,43.05,42.75,,50.1,3.742420221041966,-0.019744483159117174,-0.012865497076023325,,-0.15768463073852293
2017-08-30,42.5,42.66428571428571,42.478571428571435,42.620000000000005,47.92916666666667,42.2,42.5,42.9,41.4,50.95,3.7495040759303713,0.0,-0.009324009324009291,0.02657004830917878,-0.16584887144259083
2017-08-31,42.85,42.635714285714286,42.550000000000004,42.504999999999995,47.804722222222225,42.5,42.3,41.1,42.25,51.8,3.7577056450437887,0.013002364066193955,0.04257907542579075,0.014201183431952697,-0.1727799227799227
2017-09-01,42.8,42.67857142857143,42.550000000000004,42.42166666666666,47.67638888888889,42.85,43.85,41.7,41.1,,3.756538102587751,-0.023945267958951067,0.026378896882493865,0.0413625304136252,
2017-09-05,41.5,42.564285714285724,42.46071428571429,42.31166666666666,47.533055555555556,42.8,42.2,43.05,,59.35,3.7256934272366524,-0.01658767772511855,-0.036004645760743255,,-0.3007582139848357
2017-09-06,42.2,42.32857142857143,42.410714285714285,42.245,47.39861111111111,41.5,42.5,42.5,42.6,56.6,3.742420221041966,-0.007058823529411698,-0.007058823529411698,-0.009389671361502313,-0.254416961130742
2017-09-07,41.15,42.17142857142857,42.41428571428572,42.220000000000006,47.256388888888885,42.2,42.85,42.3,42.5,56.65,3.717223927123079,-0.03967327887981337,-0.02718676122931439,-0.03176470588235297,-0.2736098852603707
2017-09-08,39.5,41.785714285714285,42.25714285714286,42.153333333333336,47.07722222222222,41.15,42.8,43.85,42.45,,3.676300671907076,-0.0771028037383177,-0.09920182440136834,-0.06949352179034164,
2017-09-11,39.85,41.40714285714286,42.035714285714285,42.083333333333336,46.904444444444444,39.5,,42.25,,54.65,3.685122405236224,,-0.05680473372781062,,-0.27081427264409874
2017-09-12,39.6,40.94285714285714,41.78928571428571,42.02333333333333,46.738333333333344,39.85,41.5,42.2,,48.9,3.6788291182604347,-0.045783132530120445,-0.06161137440758297,,-0.19018404907975456
2017-09-13,41.25,40.721428571428575,41.699999999999996,41.99,46.598888888888894,39.6,42.2,42.5,42.8,47.2,3.71965111278069,-0.022511848341232293,-0.029411764705882353,-0.03621495327102797,-0.12605932203389836
2017-09-14,40.95,40.642857142857146,41.603571428571435,41.985,46.46388888888889,41.25,41.15,42.85,42.75,46.35,3.7123518102990785,-0.004860267314702205,-0.04434072345390895,-0.04210526315789467,-0.116504854368932
2017-09-15,40.25,40.364285714285714,41.346428571428575,41.94166666666667,46.31333333333333,40.95,39.5,42.8,42.9,,3.6951100038645723,0.0189873417721519,-0.059579439252336386,-0.06177156177156174,
2017-09-18,39.45,40.121428571428574,41.14642857142858,41.848333333333336,46.157777777777774,40.25,39.85,,,46.35,3.6750340472918834,-0.010037641154328697,,,-0.14886731391585756
2017-09-19,36.95,39.75714285714286,40.771428571428565,41.66,45.97722222222222,39.45,39.6,41.5,,47.9,3.609565647394211,-0.06691919191919188,-0.1096385542168674,,-0.22860125260960326
2017-09-20,37.6,39.43571428571429,40.42142857142857,41.49666666666667,45.80277777777778,36.95,41.25,42.2,42.95,46.9,3.6270040503958487,-0.08848484848484844,-0.10900473933649292,-0.12456344586728757,-0.19829424307036242
2017-09-21,38.1,39.221428571428575,40.082142857142856,41.35166666666667,45.63055555555555,37.6,40.95,41.15,43.05,46.9,3.6402142821326553,-0.06959706959706963,-0.07411907654921014,-0.11498257839721245,-0.1876332622601279
2017-09-22,37.7,38.714285714285715,39.71785714285714,41.21333333333334,45.44888888888889,38.1,40.25,39.5,42.5,,3.629660094453965,-0.06335403726708068,-0.04556962025316449,-0.11294117647058817,
2017-09-25,37.45,38.214285714285715,39.42857142857143,41.06666666666668,45.29055555555556,37.7,39.45,39.85,,46.75,3.6230067099632284,-0.050697084917617236,-0.06022584692597236,,-0.1989304812834224
2017-09-26,37.35,37.800000000000004,39.082142857142856,40.885,45.13611111111111,37.45,36.95,39.6,,45.85,3.6203329115788265,0.010825439783491165,-0.056818181818181816,,-0.18538713195201745
2017-09-27,38.3,37.63571428571429,38.87857142857143,40.736666666666665,44.992222222222225,37.35,37.6,41.25,42.25,46.2,3.6454498961866,0.01861702127659563,-0.07151515151515159,-0.0934911242603551,-0.17099567099567112
2017-09-28,36.95,37.635714285714286,38.69642857142857,40.538333333333334,44.84833333333333,38.3,38.1,40.95,42.2,46.95,3.609565647394211,-0.030183727034120696,-0.09768009768009768,-0.12440758293838862,-0.21299254526091585
2017-09-29,37.55,37.628571428571426,38.53214285714286,40.419999999999995,44.70888888888889,36.95,37.7,40.25,42.5,,3.6256733782101436,-0.003978779840848956,-0.06708074534161498,-0.11647058823529419,
2017-10-02,38.05,37.621428571428574,38.42142857142857,40.29833333333333,44.583888888888886,37.55,37.45,39.45,,,3.6389010843076948,0.016021361815754188,-0.035487959442332205,,
2017-10-03,39.5,37.878571428571426,38.29642857142857,40.18333333333333,44.45888888888889,38.05,37.35,36.95,,46.8,3.676300671907076,0.05756358768406957,0.06901217861975635,,-0.15598290598290593
2017-10-04,39.7,38.199999999999996,38.207142857142856,40.07166666666667,44.34722222222223,39.5,38.3,37.6,,47.1,3.681351187693145,0.036553524804177694,0.05585106382978727,,-0.1571125265392781
2017-10-05,39.85,38.55714285714286,38.17857142857143,39.98333333333334,44.239444444444445,39.7,36.95,38.1,41.5,48.3,3.685122405236224,0.07848443843031119,0.045931758530183726,-0.03975903614457828,-0.1749482401656314
2017-10-06,40.6,38.885714285714286,38.260714285714286,39.92666666666666,44.13388888888889,39.85,37.55,37.7,42.2,,3.703768066607687,0.08122503328894819,0.07692307692307689,-0.03791469194312799,
2017-10-09,40.1,39.33571428571429,38.48571428571429,39.80166666666666,44.01333333333333,40.6,38.05,37.45,,47.2,3.6913763343125234,0.05387647831800275,0.07076101468624829,,-0.15042372881355934
2017-10-10,40.5,39.75714285714286,38.69285714285714,39.74333333333333,43.88777777777778,40.1,39.5,37.35,,46.7,3.7013019741124933,0.02531645569620253,0.08433734939759031,,-0.13276231263383304
2017-10-11,40.0,40.035714285714285,38.82857142857143,39.669999999999995,43.74777777777778,40.5,39.7,38.3,39.85,46.3,3.6888794541139363,0.00755667506297222,0.04438642297650138,0.003764115432873239,-0.13606911447084227
2017-10-12,39.0,39.964285714285715,38.92142857142857,39.55333333333333,43.593888888888884,40.0,39.85,36.95,39.6,46.2,3.6635616461296463,-0.021329987452948593,0.05548037889039234,-0.015151515151515187,-0.1558441558441559
2017-10-13,37.95,39.714285714285715,38.957142857142856,39.39,43.35611111111111,39.0,40.6,37.55,41.25,,3.636269503841639,-0.0652709359605911,0.010652463382157275,-0.07999999999999993,
2017-10-16,38.95,39.58571428571429,39.07142857142857,39.26166666666667,43.160000000000004,37.95,40.1,38.05,,46.55,3.6622787723167574,-0.02867830423940146,0.023653088042050085,,-0.16326530612244886
2017-10-17,39.8,39.471428571428575,39.17857142857143,39.205000000000005,42.97277777777778,38.95,40.5,39.5,,46.65,3.6838669122903918,-0.017283950617284022,0.007594936708860687,,-0.14683815648445878
2017-10-18,40.15,39.478571428571435,39.40714285714286,39.13666666666667,42.79,39.8,40.0,39.7,39.45,46.3,3.6926224403927708,0.0037499999999999643,0.01133501259445833,0.017743979721165922,-0.13282937365010797
2017-10-19,40.05,39.41428571428571,39.58571428571429,39.1,42.62777777777778,40.15,39.0,39.85,36.95,45.3,3.6901286735143684,0.02692307692307685,0.005018820577164259,0.08389715832205667,-0.11589403973509935
2017-10-20,41.6,39.642857142857146,39.839285714285715,39.169999999999995,42.54666666666667,40.05,37.95,40.6,37.6,,3.728100167267218,0.09617918313570482,0.02463054187192118,0.10638297872340426,
2017-10-23,38.5,39.57142857142857,39.767857142857146,39.125,42.45,41.6,38.95,40.1,,44.2,3.6506582412937387,-0.01155327342747119,-0.03990024937655864,,-0.12895927601809962
2017-10-24,37.05,39.44285714285714,39.57857142857143,39.04,42.34666666666667,38.5,39.8,40.5,,41.9,3.6122683517420957,-0.06909547738693468,-0.08518518518518525,,-0.1157517899761337
2017-10-25,35.95,39.01428571428571,39.300000000000004,38.86333333333333,42.21944444444444,37.05,40.15,40.0,37.45,41.5,3.5821290841670557,-0.1046077210460771,-0.10124999999999992,-0.04005340453938584,-0.13373493975903608
2017-10-26,33.75,38.15,38.81071428571429,38.623333333333335,42.07944444444445,35.95,40.05,39.0,37.35,41.95,3.518980417318539,-0.1573033707865168,-0.1346153846153846,-0.09638554216867473,-0.1954707985697259
2017-10-27,33.9,37.25714285714286,38.36785714285714,38.41166666666667,41.92388888888889,33.75,41.6,37.95,38.3,,3.5234150143864045,-0.1850961538461539,-0.10671936758893291,-0.11488250652741512,
2017-10-30,33.45,36.31428571428571,37.864285714285714,38.21166666666667,41.77444444444444,33.9,38.5,38.95,,42.25,3.5100517865742376,-0.1311688311688311,-0.14120667522464697,,-0.208284023668639
2017-10-31,33.5,35.15714285714286,37.4,38.09666666666667,41.62555555555555,33.45,37.05,39.8,,41.1,3.5115454388310208,-0.0958164642375168,-0.1582914572864321,,-0.18491484184914844
2017-11-01,33.55,34.449999999999996,37.010714285714286,37.96166666666667,41.47722222222222,33.5,35.95,40.15,38.05,41.55,3.5130368634176907,-0.06675938803894313,-0.16438356164383566,-0.11826544021024968,-0.19253910950661854
2017-11-02,33.0,33.871428571428574,36.65714285714285,37.791666666666664,41.324444444444445,33.55,33.75,40.05,39.5,42.25,3.4965075614664802,-0.022222222222222223,-0.1760299625468164,-0.16455696202531644,-0.21893491124260356
2017-11-03,33.5,33.521428571428565,36.267857142857146,37.651666666666664,41.18722222222222,33.0,33.9,41.6,39.7,,3.5115454388310208,-0.011799410029498483,-0.1947115384615385,-0.15617128463476077,
2017-11-06,33.5,33.48571428571428,35.81785714285714,37.519999999999996,41.04611111111111,33.5,33.45,38.5,,42.5,3.5115454388310208,0.0014947683109117235,-0.12987012987012986,,-0.21176470588235294
2017-11-07,33.2,33.385714285714286,35.32142857142857,37.38166666666667,40.89333333333333,33.5,33.5,37.05,,42.45,3.502549875922443,-0.00895522388059693,-0.10391363022941956,,-0.21790341578327443
2017-11-08,33.05,33.32857142857143,34.82142857142857,37.20666666666667,40.736111111111114,33.2,33.55,35.95,40.1,41.85,3.498021566297695,-0.01490312965722802,-0.08066759388038958,-0.17581047381546144,-0.2102747909199523
2017-11-09,32.85,33.23571428571429,34.19642857142857,37.07,40.581111111111106,33.05,33.0,33.75,40.5,41.85,3.4919517449306197,-0.004545454545454503,-0.026666666666666623,-0.18888888888888886,-0.21505376344086022
2017-11-10,36.15,33.607142857142854,34.02857142857143,37.02333333333333,40.45944444444444,32.85,33.5,33.9,40.0,,3.5876769486047735,0.07910447761194025,0.06637168141592921,-0.09625000000000003,
2017-11-13,36.5,34.107142857142854,33.989285714285714,36.97166666666667,40.32833333333333,36.15,33.5,33.45,,42.75,3.597312260588446,0.08955223880597014,0.09118086696562024,,-0.14619883040935672
2017-11-14,36.5,34.535714285714285,34.02857142857143,36.87166666666667,40.20333333333333,36.5,33.2,33.5,,42.9,3.597312260588446,0.09939759036144569,0.08955223880597014,,-0.14918414918414916
2017-11-15,37.2,35.06428571428572,34.275,36.788333333333334,40.09222222222222,36.5,33.05,33.55,38.95,41.1,3.616308761279101,0.12556732223903194,0.1087928464977647,-0.044929396662387676,-0.09489051094890508
2017-11-16,38.85,35.871428571428574,34.628571428571426,36.754999999999995,40.005,37.2,32.85,33.0,39.8,41.7,3.6597080768136565,0.182648401826484,0.1772727272727273,-0.023869346733668237,-0.06834532374100723
2017-11-17,37.6,36.52142857142858,34.925,36.655,39.90833333333333,38.85,36.15,33.5,40.15,,3.6270040503958487,0.04011065006915637,0.12238805970149258,-0.06351183063511824,
2017-11-20,37.95,37.25,35.24285714285714,36.583333333333336,39.81666666666667,37.6,36.5,33.5,,43.05,3.636269503841639,0.039726027397260354,0.13283582089552248,,-0.1184668989547037
2017-11-21,38.25,37.550000000000004,35.57857142857143,36.50833333333333,39.718333333333334,37.95,36.5,33.2,,42.5,3.644143560272545,0.04794520547945205,0.15210843373493965,,-0.1
2017-11-22,38.6,37.85000000000001,35.97857142857143,36.46166666666667,39.629999999999995,38.25,37.2,33.05,38.5,42.3,3.653252276470785,0.0376344086021505,0.16792738275340408,0.0025974025974026343,-0.08747044917257674
2017-11-24,39.15,38.228571428571435,36.38214285714286,36.46666666666667,39.54666666666667,38.6,37.6,36.15,35.95,,3.667400422436812,0.04122340425531907,0.08298755186721991,0.08901251738525717,
2017-11-27,38.9,38.471428571428575,36.767857142857146,36.498333333333335,39.464444444444446,39.15,37.95,36.5,,42.2,3.6609942506244004,0.02503293807641622,0.06575342465753421,,-0.07819905213270152
2017-11-28,39.25,38.528571428571425,37.199999999999996,36.50833333333333,39.397222222222226,38.9,38.25,36.5,,42.5,3.6699514442284173,0.026143790849673203,0.07534246575342465,,-0.07647058823529412
2017-11-29,41.2,39.042857142857144,37.78214285714286,36.555,39.35722222222222,39.25,38.6,37.2,33.45,42.85,3.7184382563554808,0.0673575129533679,0.1075268817204301,0.23168908819133033,-0.03850641773628935
2017-11-30,43.15,39.785714285714285,38.517857142857146,36.654999999999994,39.345555555555556,41.2,,38.85,33.5,42.8,3.764682417529437,,0.1106821106821106,0.2880597014925373,0.008177570093457978
2017-12-01,40.9,40.16428571428571,38.857142857142854,36.68333333333333,39.33444444444444,43.15,39.15,37.6,33.55,,3.711130063048756,0.04469987228607918,0.08776595744680843,0.21907600596125193,
2017-12-04,42.5,40.721428571428575,39.285714285714285,36.71333333333334,39.345555555555556,40.9,38.9,37.95,,41.5,3.7495040759303713,0.0925449871465296,0.11989459815546763,,0.024096385542168676
2017-12-05,39.85,40.82142857142857,39.525,36.75833333333333,39.32222222222222,42.5,39.25,38.25,,42.2,3.685122405236224,0.015286624203821693,0.04183006535947716,,-0.05568720379146922
2017-12-06,39.6,40.92142857142857,39.69642857142858,36.843333333333334,39.30222222222222,39.85,41.2,38.6,33.5,41.15,3.6788291182604347,-0.03883495145631071,0.025906735751295335,0.18208955223880602,-0.03766707168894282
2017-12-07,41.4,41.228571428571435,39.87857142857143,37.025,39.29277777777778,39.6,43.15,,33.2,39.5,3.7232808808312687,-0.04055619930475087,,0.24698795180722877,0.048101265822784775
2017-12-08,40.45,41.121428571428574,40.082142857142856,37.248333333333335,39.28555555555556,41.4,40.9,39.15,33.05,,3.700066643504501,-0.011002444987774957,0.033205619412516076,0.22390317700453877,
2017-12-11,40.15,40.69285714285714,40.239285714285714,37.45666666666667,39.269999999999996,40.45,42.5,38.9,,39.6,3.6926224403927708,-0.055294117647058855,0.032133676092544985,,0.013888888888888817
2017-12-12,40.05,40.57142857142857,40.36785714285714,37.67666666666666,39.245555555555555,40.15,39.85,39.25,,41.25,3.6901286735143684,0.005018820577164259,0.020382165605095467,,-0.02909090909090916
2017-12-13,40.05,40.221428571428575,40.47142857142857,37.894999999999996,39.217222222222226,40.05,39.6,41.2,36.5,40.95,3.6901286735143684,0.011363636363636256,-0.027912621359223438,0.09726027397260266,-0.021978021978022115
2017-12-14,39.3,40.142857142857146,40.482142857142854,38.086666666666666,39.181666666666665,40.05,41.4,43.15,36.5,40.25,3.6712245188752153,-0.05072463768115946,-0.08922363847045195,0.07671232876712321,-0.02360248447204976
2017-12-15,40.05,40.207142857142856,40.56428571428571,38.32166666666667,39.155,39.3,40.45,40.9,37.2,,3.6901286735143684,-0.009888751545117569,-0.020782396088019597,0.07661290322580629,
2017-12-18,40.8,40.12142857142857,40.675,38.565000000000005,39.14333333333333,40.05,40.15,42.5,,36.95,3.708682081410116,0.016189290161892866,-0.04000000000000007,,0.10419485791610268
2017-12-19,39.7,40.01428571428572,40.567857142857136,38.77166666666667,39.11944444444445,40.8,40.05,39.85,,37.6,3.681351187693145,-0.00873907615480635,-0.003764115432873239,,0.05585106382978727
2017-12-20,39.7,39.949999999999996,40.32142857142857,38.98833333333333,39.085,39.7,40.05,39.6,37.95,38.1,3.681351187693145,-0.00873907615480635,0.002525252525252561,0.0461133069828722,0.04199475065616801
2017-12-21,40.7,40.042857142857144,40.30714285714286,39.24333333333333,39.062222222222225,39.7,39.3,41.4,38.25,37.7,3.7062280924485496,0.03562340966921134,-0.01690821256038637,0.06405228758169942,0.07957559681697612
2017-12-22,40.9,40.16428571428571,40.19285714285714,39.51166666666667,39.04,40.7,40.05,40.45,38.6,,3.711130063048756,0.021223470661672947,0.011124845488257002,0.0595854922279792,
2017-12-26,41.2,40.43571428571429,40.28928571428571,39.68,39.041111111111114,40.9,39.7,40.05,,38.3,3.7184382563554808,0.03778337531486146,0.028714107365792902,,0.0757180156657965
2017-12-27,40.65,40.52142857142858,40.36428571428571,39.818333333333335,39.029444444444444,41.2,39.7,40.05,38.9,36.95,3.7049988359938197,0.023929471032745484,0.014981273408239737,0.04498714652956298,0.10013531799729351
2017-12-28,41.0,40.550000000000004,40.33571428571428,39.968333333333334,39.00777777777778,40.65,40.7,39.3,39.25,37.55,3.713572066704308,0.007371007371007301,0.04325699745547081,0.044585987261146494,0.09187749667110527
2017-12-29,39.85,40.57142857142857,40.292857142857144,40.056666666666665,38.97222222222222,41.0,40.9,40.05,41.2,,3.685122405236224,-0.02567237163814174,-0.004993757802746461,-0.03276699029126217,
2018-01-02,40.1,40.628571428571426,40.28928571428571,40.098333333333336,38.94555555555556,39.85,41.2,39.7,,39.7,3.6913763343125234,-0.026699029126213625,0.010075566750629686,,0.010075566750629686
2018-01-03,38.5,40.31428571428571,40.17857142857143,40.12833333333333,38.903333333333336,40.1,40.65,39.7,42.5,39.85,3.6506582412937387,-0.052890528905289017,-0.030226700251889237,-0.09411764705882353,-0.03387703889585951
2018-01-04,38.8,40.01428571428572,40.089285714285715,40.156666666666666,38.84722222222222,38.5,41.0,40.7,39.85,40.6,3.6584202466292277,-0.05365853658536592,-0.04668304668304682,-0.026348808030113028,-0.044334975369458234
2018-01-05,39.1,39.714285714285715,40.074999999999996,40.18500000000001,38.81222222222222,38.8,39.85,40.9,39.6,,3.66612246699132,-0.018820577164366373,-0.04400977995110018,-0.012626262626262626,
2018-01-08,39.15,39.5,40.010714285714286,40.20333333333333,38.778333333333336,39.1,,,,40.5,3.667400422436812,,,,-0.03333333333333337
2018-01-09,36.7,38.885714285714286,39.71785714285715,40.12166666666667,38.71388888888889,39.15,40.1,41.2,,40.0,3.6027767550605247,-0.084788029925187,-0.10922330097087378,,-0.08249999999999993
2018-01-10,37.75,38.58571428571428,39.57857142857143,40.083333333333336,38.657222222222224,36.7,38.5,40.65,40.15,39.0,3.6309854756950335,-0.01948051948051948,-0.07134071340713403,-0.059775840597758374,-0.03205128205128205
2018-01-11,38.75,38.392857142857146,39.510714285714286,40.06666666666667,38.61222222222222,37.75,38.8,41.0,40.05,37.95,3.657130755799356,-0.0012886597938143599,-0.054878048780487805,-0.03245942571785262,0.021080368906455788
2018-01-12,38.75,38.42857142857143,39.371428571428574,39.985,38.58166666666666,38.75,39.1,39.85,40.05,,3.657130755799356,-0.008951406649616404,-0.02760351317440405,-0.03245942571785262,
2018-01-16,38.25,38.35,39.18214285714286,39.82166666666667,38.53777777777778,38.75,36.7,40.1,,40.15,3.644143560272545,0.042234332425068036,-0.04613466334164592,,-0.04732254047322537
2018-01-17,38.15,38.214285714285715,38.964285714285715,39.730000000000004,38.504444444444445,38.25,37.75,38.5,40.8,40.05,3.641525757730466,0.010596026490066187,-0.009090909090909129,-0.06495098039215683,-0.047440699126092355
2018-01-18,38.15,38.07142857142857,38.785714285714285,39.585,38.489444444444445,38.15,38.75,38.8,39.7,41.6,3.641525757730466,-0.015483870967741972,-0.016752577319587594,-0.03904282115869028,-0.08293269230769237
2018-01-19,37.95,38.25,38.567857142857136,39.52166666666667,38.468333333333334,38.15,38.75,39.1,39.7,,3.636269503841639,-0.020645161290322508,-0.029411764705882314,-0.04408060453400504,
2018-01-22,37.85,38.26428571428572,38.425000000000004,39.46333333333333,38.44888888888889,37.95,,39.15,,37.05,3.6336309798834576,,-0.033205619412515895,,0.02159244264507434
2018-01-23,38.7,38.25714285714286,38.324999999999996,39.373333333333335,38.42055555555556,37.85,38.25,36.7,,35.95,3.655839600035736,0.011764705882353016,0.0544959128065395,,0.07649513212795549
2018-01-24,37.2,38.035714285714285,38.232142857142854,39.265,38.37888888888889,38.7,38.15,37.75,,33.75,3.616308761279101,-0.024901703800786257,-0.014569536423840984,,0.10222222222222231
2018-01-25,35.65,37.66428571428571,38.00714285714286,39.115,38.327777777777776,37.2,38.15,38.75,41.2,33.9,3.573749146860305,-0.0655307994757536,-0.08000000000000004,-0.13470873786407778,0.051622418879056046
2018-01-26,36.75,37.464285714285715,37.839285714285715,39.005,38.29777777777778,35.65,37.95,38.75,40.65,,3.6041382256588457,-0.03162055335968387,-0.05161290322580645,-0.09594095940959406,
2018-01-29,37.5,37.371428571428574,37.721428571428575,38.92,38.303888888888885,36.75,37.85,,,33.5,3.624340932976365,-0.00924702774108326,,,0.11940298507462686
2018-01-30,39.1,37.535714285714285,37.892857142857146,38.913333333333334,38.32055555555556,37.5,38.7,38.25,,33.55,3.66612246699132,0.010335917312661461,0.022222222222222258,,0.16542473919523115
2018-01-31,37.35,37.464285714285715,37.864285714285714,38.82333333333333,38.31222222222222,39.1,37.2,38.15,,33.0,3.6203329115788265,0.004032258064516091,-0.02096985583224108,,0.13181818181818186
2018-02-01,38.95,37.5,37.878571428571426,38.76166666666666,38.32611111111112,37.35,35.65,38.15,40.1,33.5,3.6622787723167574,0.09256661991584865,0.020969855832241265,-0.02867830423940146,0.1626865671641792
2018-02-02,37.4,37.528571428571425,37.78214285714286,38.684999999999995,38.32555555555555,38.95,36.75,37.95,38.5,,3.6216707044204863,0.017687074829931933,-0.014492753623188517,-0.02857142857142861,
2018-02-05,35.6,37.521428571428565,37.59285714285714,38.54833333333333,38.306111111111115,37.4,37.5,37.85,,33.2,3.572345637857985,-0.05066666666666663,-0.059445178335535004,,0.07228915662650598
2018-02-06,35.95,37.40714285714286,37.43571428571429,38.39,38.28,35.6,39.1,38.7,,33.05,3.5821290841670557,-0.08056265984654727,-0.0710594315245478,,0.08774583963691394
2018-02-07,37.65,37.42857142857143,37.4,38.281666666666666,38.28777777777778,35.95,37.35,37.2,39.15,32.85,3.6283329542459026,0.008032128514056148,0.012096774193548272,-0.03831417624521073,0.14611872146118712
2018-02-08,36.75,37.09285714285714,37.31428571428571,38.13333333333333,38.278888888888886,37.65,38.95,35.65,36.7,36.15,3.6041382256588457,-0.05648267008985886,0.03085553997194955,0.0013623978201634103,0.016597510373444025
2018-02-09,36.7,37.0,37.232142857142854,38.001666666666665,38.263888888888886,36.75,37.4,36.75,37.75,,3.6027767550605247,-0.01871657754010684,-0.0013605442176869975,-0.027814569536423767,
2018-02-12,38.15,36.885714285714286,37.19285714285714,37.906666666666666,38.24888888888889,36.7,35.6,37.5,,36.5,3.641525757730466,0.07162921348314598,0.017333333333333294,,0.045205479452054755
2018-02-13,38.75,37.07857142857143,37.30357142857143,37.87,38.23833333333333,38.15,35.95,39.1,,37.2,3.657130755799356,0.07788595271210005,-0.008951406649616404,,0.04166666666666659
2018-02-14,38.35,37.471428571428575,37.496428571428574,37.81166666666666,38.221666666666664,38.75,37.65,37.35,,38.85,3.646754527813265,0.018592297476759705,0.02677376171352075,,-0.01287001287001287
2018-02-15,38.05,37.771428571428565,37.589285714285715,37.79666666666667,38.193333333333335,38.35,36.75,38.95,38.25,37.6,3.6389010843076948,0.035374149659863866,-0.02310654685494238,-0.005228758169934715,0.011968085106382864
2018-02-16,38.65,37.91428571428571,37.67142857142857,37.791666666666664,38.17722222222223,38.05,36.7,37.4,38.15,,3.654546775033431,0.053133514986375904,0.03342245989304813,0.013106159895150722,
2018-02-20,37.35,38.0,37.54642857142857,37.733333333333334,38.14222222222222,38.65,38.75,35.95,,38.6,3.6203329115788265,-0.03612903225806448,0.03894297635605003,,-0.03238341968911917
2018-02-21,37.55,38.121428571428574,37.56071428571429,37.68,38.115,37.35,38.35,37.65,37.85,,3.6256733782101436,-0.020860495436766734,-0.002656042496679985,-0.007926023778071447,
2018-02-22,36.75,37.92142857142857,37.403571428571425,37.681666666666665,38.089999999999996,37.55,38.05,36.75,38.7,39.15,3.6041382256588457,-0.03416557161629428,0.0,-0.050387596899224875,-0.061302681992337134
2018-02-23,36.55,37.607142857142854,37.34285714285714,37.641666666666666,38.074444444444445,36.75,38.65,36.7,37.2,,3.5986811861957873,-0.05433376455368697,-0.004087193460490618,-0.017473118279570043,
2018-02-26,37.8,37.528571428571425,37.5,37.61,38.06166666666667,36.55,,38.15,,39.25,3.632309102625542,,-0.009174311926605542,,-0.036942675159235744
2018-02-27,36.95,37.371428571428574,37.57142857142857,37.55,38.03,37.8,37.35,38.75,,41.2,3.609565647394211,-0.010709504685408261,-0.046451612903225734,,-0.10315533980582524
2018-02-28,36.0,36.99285714285714,37.45357142857143,37.475,37.98388888888889,36.95,37.55,38.35,37.5,43.15,3.58351893845611,-0.04127829560585878,-0.06127770534550199,-0.04,-0.16570104287369639
2018-03-01,35.55,36.73571428571428,37.36785714285714,37.38833333333333,37.93388888888889,36.0,36.75,38.05,39.1,40.9,3.5709401562492498,-0.032653061224489875,-0.0657030223390276,-0.09079283887468041,-0.13080684596577022
2018-03-02,34.85,36.35,37.23571428571428,37.278333333333336,37.85888888888889,35.55,36.55,38.65,37.35,,3.551053137206533,-0.04651162790697663,-0.09831824062095725,-0.06693440428380187,
2018-03-05,35.1,36.114285714285714,37.017857142857146,37.18333333333333,37.821111111111115,34.85,37.8,,,39.85,3.55820113047182,-0.07142857142857133,,,-0.1191969887076537
2018-03-06,35.5,35.964285714285715,36.785714285714285,37.105000000000004,37.803888888888885,35.1,36.95,37.35,,39.6,3.56953269648137,-0.03924221921515569,-0.04953145917001342,,-0.10353535353535356
2018-03-07,36.0,35.707142857142856,36.61785714285714,37.015,37.80444444444444,35.5,36.0,37.55,35.6,41.4,3.58351893845611,0.0,-0.04127829560585878,0.011235955056179735,-0.13043478260869562
2018-03-08,36.8,35.68571428571429,36.52857142857143,37.001666666666665,37.83833333333334,36.0,35.55,36.75,35.95,40.45,3.6054978451748854,0.03516174402250352,0.0013605442176869975,0.02364394993045881,-0.09023485784919667
2018-03-09,36.35,35.73571428571429,36.364285714285714,37.025,37.86555555555556,36.8,34.85,36.55,37.65,,3.5931942039795284,0.0430416068866571,-0.005471956224350089,-0.03452855245683924,
2018-03-12,36.55,35.878571428571426,36.30714285714286,37.01833333333333,37.9,36.35,35.1,37.8,,40.05,3.5986811861957873,0.04131054131054119,-0.033068783068783074,,-0.08739076154806492
2018-03-13,37.75,36.29285714285714,36.32142857142857,37.026666666666664,37.94722222222222,36.55,35.5,36.95,,40.05,3.6309854756950335,0.06338028169014084,0.02165087956698233,,-0.05742821473158545
2018-03-14,37.35,36.614285714285714,36.364285714285714,36.968333333333334,37.989444444444445,37.75,36.0,36.0,38.15,39.3,3.6203329115788265,0.03750000000000004,0.03750000000000004,-0.02096985583224108,-0.04961832061068692
2018-03-15,36.7,36.785714285714285,36.375,36.94666666666667,38.03055555555556,37.35,36.8,35.55,38.75,40.05,3.6027767550605247,-0.0027173913043476716,0.0323488045007034,-0.05290322580645154,-0.08364544319600485
2018-03-16,37.8,37.042857142857144,36.375,36.90833333333333,38.07833333333333,36.7,36.35,34.85,38.35,,3.632309102625542,0.039889958734525326,0.08464849354375883,-0.014341590612777164,
2018-03-19,36.95,37.06428571428571,36.375,36.89333333333333,38.11666666666667,37.8,36.55,35.1,,39.7,3.609565647394211,0.010943912448700566,0.052706552706552744,,-0.06926952141057933
2018-03-20,36.5,37.08571428571429,36.410714285714285,36.92333333333333,38.153333333333336,36.95,37.75,35.5,,39.7,3.597312260588446,-0.033112582781456956,0.028169014084507043,,-0.08060453400503785
2018-03-21,35.8,36.978571428571435,36.42857142857143,36.91833333333333,38.18388888888889,36.5,37.35,36.0,,40.7,3.5779478934066544,-0.041499330655957276,-0.005555555555555635,,-0.12039312039312053
2018-03-22,35.4,36.642857142857146,36.46785714285714,36.843333333333334,38.21222222222222,35.8,36.7,36.8,37.35,40.9,3.5667118201397288,-0.035422343324250795,-0.03804347826086953,-0.052208835341365535,-0.13447432762836187
2018-03-23,35.6,36.392857142857146,36.503571428571426,36.80499999999999,38.20611111111111,35.4,37.8,36.35,37.55,,3.572345637857985,-0.058201058201058094,-0.02063273727647868,-0.05193075898801587,
2018-03-26,36.2,36.32142857142857,36.55357142857143,36.788333333333334,38.202777777777776,35.6,36.95,36.55,,41.2,3.5890591188317256,-0.020297699594046006,-0.009575923392612705,,-0.12135922330097086
2018-03-27,37.15,36.22857142857143,36.635714285714286,36.755,38.21,36.2,36.5,37.75,,40.65,3.6149637711637683,0.017808219178082153,-0.015894039735099376,,-0.08610086100861009
2018-03-28,38.35,36.42857142857143,36.746428571428574,36.74166666666667,38.22277777777778,37.15,35.8,37.35,37.8,41.0,3.646754527813265,0.07122905027932973,0.02677376171352075,0.014550264550264664,-0.06463414634146337
2018-03-29,38.7,36.74285714285714,36.91428571428572,36.75333333333334,38.22111111111111,38.35,35.4,36.7,36.95,39.85,3.655839600035736,0.09322033898305097,0.0544959128065395,0.04736129905277402,-0.02885821831869507
2018-04-02,36.85,36.892857142857146,36.93571428571429,36.71333333333333,38.21277777777778,38.7,36.2,36.95,,40.1,3.6068556186353455,0.017955801104972333,-0.0027063599458728394,,-0.08104738154613467
2018-04-03,38.75,37.371428571428574,37.00714285714286,36.71666666666667,38.22166666666667,36.85,37.15,36.5,,38.5,3.657130755799356,0.04306864064602965,0.06164383561643835,,0.006493506493506494
2018-04-04,40.5,38.07142857142857,37.232142857142854,36.821666666666665,38.24666666666667,38.75,38.35,35.8,35.1,38.8,3.7013019741124933,0.05606258148631026,0.1312849162011174,0.1538461538461538,0.043814432989690795
2018-04-05,41.2,38.785714285714285,37.55357142857143,36.943333333333335,38.275555555555556,40.5,38.7,35.4,35.5,39.1,3.7184382563554808,0.06459948320413436,0.16384180790960465,0.16056338028169023,0.053708439897698246
2018-04-06,40.2,39.221428571428575,37.725,37.05833333333333,38.28722222222222,41.2,,35.6,36.0,,3.6938669956249757,,0.12921348314606745,0.11666666666666675,
